variant_id,tr_n,tr_total,tr_mean,tr_median,tr_win_rate,tr_max_dd,tr_es95,tr_sharpe,tr_cost,va_n,va_total,va_mean,va_median,va_win_rate,va_max_dd,va_es95,va_sharpe,va_cost,ho_n,ho_total,ho_mean,ho_median,ho_win_rate,ho_max_dd,ho_es95,ho_sharpe,ho_cost,training_bootstrap_p,valid_rate_all_63,target_error_mean_all,k1_spot_distance_mean_all,k2_k1_distance_mean_all,training_holm_adjusted_p,promotable_to_capital_phase
"OTM1_NEXT1_K3M0.5",36,-94281.60030786972,-2618.9333418852702,-955.7718361187499,0.19444444444444445,-105550.63195956984,-41360.49832528501,-1.7186542253256625,77.68334188527778,12,-25895.291451490164,-2157.940954290847,-1313.95457285125,0.16666666666666666,-25180.839649477657,-16388.294838397498,-2.1962656199429604,66.37845429083333,14,-41412.15658885789,-2958.011184918421,-1670.5628427737493,0.21428571428571427,-32769.1998104683,-14935.5438988815,-3.0680459412723944,86.54689920414286,0.9253582139286904,0.9841269841269841,0.0695580048767858,23.70483870967749,50,1,false
"OTM1_NEXT1_K3M1",37,51642.65720340522,1395.7474919839249,-309.58144305250005,0.35135135135135137,-15322.349305324888,-12800.945918549998,1.6598714378429695,77.19169720527026,12,-20315.04756820022,-1692.9206306833519,-738.1983514637495,0.25,-20645.359637115216,-14930.486614485002,-1.867249513573559,67.29563068333333,14,-9633.305621893887,-688.0932587067063,-522.6136237142492,0.35714285714285715,-22023.942906218796,-14095.400869201001,-0.7935603536726296,87.41468727814285,0.05764745084971676,1,0.06363800576635628,23.56507936507946,50,1,false
"OTM1_NEXT1_K3M1.5",37,101368.72599974762,2739.6952972904764,517.7581125575,0.6216216216216216,-12156.745116599996,-12156.745116599996,3.539814251329182,78.0749729797973,12,-13102.905579722712,-1091.908798310226,-324.25406103249895,0.25,-16348.460121882606,-13771.7512981425,-1.2536508949447829,67.84629831020833,14,1320.6930746199994,94.33521961571424,439.48753787550055,0.6428571428571429,-15013.432760947408,-13141.711956388002,0.11340666695914563,88.57549467,0.0003332222592469177,1,0.0635824151900579,23.56507936507946,50,0.07464178607130957,false
"OTM1_NEXT1_K3M2",37,124801.9248227301,3373.0249952089216,1022.6367925250541,0.7027027027027027,-10885.846877624997,-10885.846877624997,4.564126013707599,78.69797776405406,12,-2946.84845772272,-245.57070481022666,120.86024328869573,0.5,-11215.866260047498,-9980.21665368,-0.31459052373851815,68.38320481020834,14,12749.887109806501,910.7062221290358,1165.0101395982497,0.7857142857142857,-12239.932736007,-12239.932736007,1.1478273259078695,90.07949215667858,0.0003332222592469177,1,0.06888997949661282,23.56507936507946,50,0.07464178607130957,false
"OTM1_NEXT1_K3M2.5",37,141738.64011267768,3830.7740570993965,1695.8761119500004,0.7567567567567568,-8597.695459724999,-8597.695459724999,5.201410785742222,81.28675371141892,12,7301.559308879887,608.4632757399905,555.8509208074453,0.5,-11041.588183517499,-9980.21665368,0.7794281376822442,74.34922426000001,14,37214.439324762505,2658.174237483036,2389.9873719375,0.7857142857142857,-11694.976515471002,-11694.976515471002,2.9799338716415047,103.68290537410715,0.0003332222592469177,1,0.06483230123614742,23.56507936507946,50,0.07464178607130957,false
"OTM1_NEXT1_K3M3",37,166485.81317425522,4499.616572277168,2668.728497525,0.7837837837837838,-6280.035541575002,-6280.035541575,5.7607460943390825,81.86991420932434,12,12846.96155252239,1070.580129376866,654.4761988699446,0.5,-8979.971115527498,-7918.599585689998,1.4470260528203216,75.044870623125,14,63439.98991852799,4531.427851323428,3205.8778081947503,0.8571428571428571,-11052.712314750002,-11052.71231475,4.854701254412104,108.16143439085714,0.0003332222592469177,1,0.04613987431504737,23.56507936507946,50,0.07464178607130957,false
"OTM1_NEXT1_K3M4",37,207258.00334261512,5601.567657908517,3004.0634622575008,0.8108108108108109,-662.2402957750019,-662.240295775,6.8518486522767885,83.33099074013514,12,38608.68391475989,3217.3903262299905,2492.1981435387497,0.5833333333333334,-6943.94701729,-5882.575487452501,3.8462910119482507,77.92217376999999,14,92481.5562803231,6605.825448594507,7034.663256643548,0.8571428571428571,-9521.639150506002,-9521.639150506002,6.64429667521151,111.5495514055,0.0003332222592469177,1,0.11716271062700373,23.56507936507946,50,0.07464178607130957,false
"OTM1_NEXT2_K3M0.5",37,-50543.54237725979,-1366.0416858718863,-1321.127562475,0.21621621621621623,-81513.09523678984,-35588.330020725,-1.01278911026257,74.92682100702702,12,-16747.604769227666,-1395.633730768972,-1781.6107833587503,0.25,-20600.86305263011,-12382.174984965,-1.5990352488661448,64.38373076895833,14,-23053.44789687228,-1646.6748497765914,-2031.6501093007491,0.2857142857142857,-28451.342596746286,-13613.8372894505,-1.9440169618046386,80.85342120517855,0.7984005331556148,1,0.06566637820131851,23.56507936507946,100,1,false
"OTM1_NEXT2_K3M1",37,68186.4612539901,1842.8773311889215,-332.0073887574999,0.4594594594594595,-9542.286168749999,-9542.286168749999,2.6329441526626107,76.31185800027028,12,-3322.134692650167,-276.84455772084726,-1168.1764805725547,0.3333333333333333,-15696.01877488261,-9941.3257863225,-0.3441140388072759,65.28205772083334,14,-2225.9483365798933,-158.99630975570668,-115.34843385999956,0.42857142857142855,-15872.442418008906,-12231.9626878235,-0.21063275115735436,82.96059547000002,0.01299566811062979,1,0.06625902984937374,23.56507936507946,100,1,false
"OTM1_NEXT2_K3M1.5",37,97910.56360847273,2646.2314488776415,549.396838025,0.5945945945945946,-5424.815764049999,-5424.81576405,4.175525536499079,79.41044301425676,12,10947.924104067388,912.3270086722823,-597.9021938050546,0.4166666666666667,-8686.0008768525,-5568.443298052499,1.3996673378877267,70.17299132770835,14,33036.8777968556,2359.776985489686,1171.229578580499,0.7857142857142857,-10571.1487349995,-10571.1487349995,2.945580872725369,96.63372879603571,0.0003332222592469177,1,0.08213791619901482,23.56507936507946,100,0.07464178607130957,false
"OTM1_NEXT2_K3M2",37,127093.65637028766,3434.9636856834504,1364.148981649944,0.6756756756756757,-2228.1687531750504,-1398.9604095175,5.142594486345881,79.0903683706081,12,15932.80219459989,1327.7335162166576,-597.9021938050546,0.4166666666666667,-8686.0008768525,-5568.443298052499,1.7725047706737689,70.07898378333334,14,47237.931427086696,3374.137959077621,1638.7601396527507,0.7857142857142857,-9040.075570755502,-9040.075570755502,3.9220161398264772,96.73704092239288,0.0003332222592469177,1,0.18020294715577526,23.56507936507946,100,0.07464178607130957,false
"OTM1_NEXT2_K3M2.5",37,134552.73029501768,3636.5602782437213,1837.8279658249992,0.6756756756756757,-2228.168753175054,-1398.9604095175,5.0432075603876285,79.38566770222972,12,18584.34075194739,1548.6950626622827,-597.9021938050546,0.4166666666666667,-8686.0008768525,-5568.443298052499,1.8976657224842377,70.05493733770834,14,65865.90142309372,4704.707244506694,2540.7814533495,0.7857142857142857,-7041.848617123498,-7041.848617123501,4.945501107014946,101.91775549332144,0.0003332222592469177,1,0.286585539233317,23.56507936507946,100,0.07464178607130957,false
"OTM1_NEXT2_K3M3",37,138685.6767373852,3748.261533442843,1837.8279658249992,0.6756756756756757,-2228.168753175054,-1398.9604095175,4.823395016613437,79.47495304364864,12,18584.34075194739,1548.6950626622827,-597.9021938050546,0.4166666666666667,-8686.0008768525,-5568.443298052499,1.8976657224842377,70.05493733770834,14,81018.2907014967,5787.0207643926215,3666.9409102427508,0.7857142857142857,-5688.364164758001,-5688.364164757997,5.253134895318673,103.24709275025002,0.0003332222592469177,1,0.37161567113300603,23.56507936507946,100,0.07464178607130957,false
"OTM1_NEXT2_K3M4",37,143309.5064040502,3873.2299028121674,1837.8279658249992,0.6756756756756757,-2228.168753175054,-1398.9604095175,4.568374401348239,79.57415124189188,12,18584.34075194739,1548.6950626622827,-597.9021938050546,0.4166666666666667,-8686.0008768525,-5568.443298052499,1.8976657224842377,70.05493733770834,14,94244.95893584122,6731.782781131516,3666.9409102427508,0.7857142857142857,-4254.049736574998,-4254.049736574998,5.340067530038407,104.00293315421428,0.0003332222592469177,1,0.5092123663236018,23.56507936507946,100,0.07464178607130957,false
"OTM1_NEXT3_K3M0.5",37,-54088.38090289229,-1461.8481325106025,-1736.78175625,0.1891891891891892,-76288.03033615234,-30536.19788484,-1.2312937110732534,75.15894332141892,12,-12338.156198102664,-1028.179683175222,-2361.84573071125,0.25,-19634.77328173261,-9434.1093923175,-1.290106582567402,62.55468317520833,14,-17997.885218464893,-1285.5632298903495,-2643.5060196417494,0.35714285714285715,-27710.75010329991,-12610.491974192502,-1.4941464380926726,77.31322989035714,0.8553815394868377,1,0.059980099070730805,23.56507936507946,150,1,false
"OTM1_NEXT3_K3M1",37,45325.33144575772,1225.008957993452,-556.6456965775002,0.43243243243243246,-5269.485626024998,-4802.644374225001,1.873461128249764,78.26806903358107,12,4.970170444838914,0.4141808704032428,-1891.1314926400005,0.3333333333333333,-13861.341455525107,-6802.458525637499,0.0005479218377964356,63.64831912958334,14,15289.339407760617,1092.0956719829012,947.9745662468051,0.5,-10894.8637394375,-10151.694298351502,1.4497436767628658,87.99361373139287,0.07030989670109963,1,0.14989665505821095,23.56507936507946,150,1,false
"OTM1_NEXT3_K3M1.5",37,62309.00823672772,1684.0272496412897,-528.5708822925008,0.4594594594594595,-5269.485626024998,-4802.644374225001,2.42633444164322,78.77680441277026,12,3395.9541243223393,282.99617702686163,-1891.1314926400005,0.3333333333333333,-13861.341455525107,-6802.458525637499,0.3521923219660435,69.816322973125,14,36683.78724907421,2620.2705177910148,1955.876695773305,0.6428571428571429,-7679.902478152502,-7679.902478152502,3.3760623030849666,96.37233935185714,0.01766077974008664,1,0.31664490514294,23.56507936507946,150,1,false
"OTM1_NEXT3_K3M2",37,70346.4178457402,1901.2545363713568,-528.5708822925008,0.4594594594594595,-5269.485626024998,-4802.644374225001,2.4484989496930543,78.94816633135135,12,3395.9541243223393,282.99617702686163,-1891.1314926400005,0.3333333333333333,-13861.341455525107,-6802.458525637499,0.3521923219660435,69.816322973125,14,51501.08116030571,3678.6486543075507,3495.2898263462516,0.6428571428571429,-5268.90972811,-5268.90972811,4.339535212780141,96.79777426389286,0.021992669110296566,1,0.4452911463985196,23.56507936507946,150,1,false
"OTM1_NEXT3_K3M2.5",37,70346.4178457402,1901.2545363713568,-528.5708822925008,0.4594594594594595,-5269.485626024998,-4802.644374225001,2.4484989496930543,78.94816633135135,12,3395.9541243223393,282.99617702686163,-1891.1314926400005,0.3333333333333333,-13861.341455525107,-6802.458525637499,0.3521923219660435,69.816322973125,14,60676.912485290704,4334.065177520764,4113.535400146002,0.6428571428571429,-5268.90972811,-5268.90972811,4.398593392050323,97.41696533639286,0.021992669110296566,1,0.5449036805829265,23.56507936507946,150,1,false
"OTM1_NEXT3_K3M3",37,70346.4178457402,1901.2545363713568,-528.5708822925008,0.4594594594594595,-5269.485626024998,-4802.644374225001,2.4484989496930543,78.94816633135135,12,3395.9541243223393,282.99617702686163,-1891.1314926400005,0.3333333333333333,-13861.341455525107,-6802.458525637499,0.3521923219660435,69.816322973125,14,63671.49740186071,4547.964100132908,4113.535400146002,0.6428571428571429,-5268.90972811,-5268.90972811,4.320366187879067,97.55375700996429,0.021992669110296566,1,0.6185231019956444,23.56507936507946,150,1,false
"OTM1_NEXT3_K3M4",37,70346.4178457402,1901.2545363713568,-528.5708822925008,0.4594594594594595,-5269.485626024998,-4802.644374225001,2.4484989496930543,78.94816633135135,12,3395.9541243223393,282.99617702686163,-1891.1314926400005,0.3333333333333333,-13861.341455525107,-6802.458525637499,0.3521923219660435,69.816322973125,14,63671.49740186071,4547.964100132908,4113.535400146002,0.6428571428571429,-5268.90972811,-5268.90972811,4.320366187879067,97.55375700996429,0.021992669110296566,1,0.7138923264967333,23.56507936507946,150,1,false
"OTM1_MIRROR_GAP_K3M0.5",21,-101962.01595819491,-4855.334093247377,-2741.5519121474963,0.19047619047619047,-111418.2952387949,-41360.49832528501,-2.539570495976246,92.11980753309524,7,-27923.948744090107,-3989.1355348700154,-2346.7257956575,0.14285714285714285,-27209.496942077607,-16388.294838397498,-3.2958431438636033,76.27839201285714,13,-28391.02157554038,-2183.9247365800293,-1506.439919305999,0.23076923076923078,-23220.56983619249,-14935.5438988815,-2.393925848554104,86.48242888773078,0.9703432189270244,0.6507936507936508,0.0695580048767858,23.714634146341623,50,1,false
"OTM1_MIRROR_GAP_K3M1",21,41514.57815664505,1976.884674125955,-57.951331075000205,0.47619047619047616,-19184.57973109994,-12800.945918549998,1.815305556337881,92.57961158833334,7,-20642.57918493511,-2948.9398835621587,-1618.647277539999,0.2857142857142857,-20972.89125385011,-14930.486614485002,-2.5034326665447635,77.51131213357144,13,-13082.297809453887,-1006.3306007272221,-652.2640447149988,0.3076923076923077,-18574.896976866497,-14095.400869201001,-1.1358305773443322,85.98444688107692,0.13128957014328557,0.6507936507936508,0.06363800576635628,23.714634146341623,50,1,false
"OTM1_MIRROR_GAP_K3M1.5",21,85422.26158826746,4067.7267422984505,3712.607009572501,0.7142857142857143,-12156.745116599996,-12156.745116599996,4.261685061666627,93.88040055869048,7,-13430.437196457606,-1918.6338852082295,-246.87969058749883,0.2857142857142857,-14723.130322105106,-13771.7512981425,-1.6702536601121327,78.45531377964286,13,-2128.2991129399998,-163.71531638,399.2402382830004,0.6153846153846154,-13959.833441319504,-13141.711956388002,-0.19159024293747262,87.23454714923079,0.000999666777740753,0.6507936507936508,0.0635824151900579,23.714634146341623,50,0.12395868043985338,false
"OTM1_MIRROR_GAP_K3M2",21,103798.01935858246,4942.762826599164,6225.6285777075,0.8095238095238095,-10885.846877624997,-10885.846877624997,5.707429144876289,94.73717340083333,7,-3274.380074457611,-467.768582065373,806.2891839874997,0.7142857142857143,-9980.21665368,-9980.21665368,-0.4501073785364452,79.3757249225,13,9300.8949222465,715.453455557423,1080.4409469194995,0.7692307692307693,-12239.932736007,-12239.932736007,0.8735108689681155,88.85423675026924,0.0003332222592469177,0.6507936507936508,0.06888997949661282,23.714634146341623,50,0.07464178607130957,false
"OTM1_MIRROR_GAP_K3M2.5",21,119899.67248646254,5709.508213641074,7091.6600942749965,0.9047619047619048,-8597.695459724999,-8597.695459724999,6.851506493500108,99.24178635892856,7,6974.027692144997,996.2896703064281,1534.3677021049982,0.7142857142857143,-9980.21665368,-9980.21665368,0.9610342811505361,89.60318683642858,13,33765.4471372025,2597.3420874771155,2378.972821423,0.7692307692307693,-11694.976515471002,-11694.976515471002,2.7992606632817236,103.50406636903844,0.0003332222592469177,0.6507936507936508,0.06483230123614742,23.714634146341623,50,0.07464178607130957,false
"OTM1_MIRROR_GAP_K3M3",21,144646.84554804006,6887.945026097145,4480.273649075,0.9523809523809523,-6280.035541574998,-6280.035541575,8.147537010253291,100.26925961714286,7,12519.4299357875,1788.4899908267857,2120.6695377350006,0.7142857142857143,-7918.599585689998,-7918.599585689998,1.8433974703753113,90.79572345892858,13,59990.99773096799,4614.692133151384,2962.7634288294994,0.8461538461538461,-11052.712314750002,-11052.71231475,4.755047187697593,108.32709761784614,0.0003332222592469177,0.6507936507936508,0.04613987431504737,23.714634146341623,50,0.07464178607130957,false
"OTM1_MIRROR_GAP_K3M4",21,185419.0357164,8829.477891257142,10993.116762900003,1,0,2110.230094294998,11.404571310462787,102.84353731428573,7,38281.152298024994,5468.736042574999,3617.623229832501,0.8571428571428571,-5882.575487452501,-5882.575487452501,5.537157114334391,95.72824313928572,13,89032.5640927631,6848.658776366393,9386.509782022596,0.8461538461538461,-9521.639150506002,-9521.639150506002,6.672097939070671,111.97583901823077,0.0003332222592469177,0.6507936507936508,0.11716271062700373,23.714634146341623,50,0.07464178607130957,false
"OTM2_NEXT1_K3M0.5",36,-133611.33346474485,-3711.425929576246,-795.9268115462498,0.19444444444444445,-148431.40591556995,-62633.327392275,-1.9146492077219999,71.63426290958334,12,-19300.684454042555,-1608.390371170213,-1260.35223859375,0.16666666666666666,-17975.504393015,-10705.61183391,-2.3389149130673386,62.45287117020833,14,-57030.3264323133,-4073.5947451652355,-1977.3621693607506,0.14285714285714285,-50741.78608650331,-20324.414849182005,-4.680449629003993,78.14831659382142,0.9180273242252582,0.9841269841269841,0.05356343640387121,73.70483870967749,50,1,false
"OTM2_NEXT1_K3M1",37,9454.966222370062,255.5396276316233,-337.95667734999955,0.2972972972972973,-56458.42702668499,-31708.409868705,0.19951038796541765,72.63604804405405,12,-12750.009495745053,-1062.5007913120878,-786.6510569724996,0.16666666666666666,-15114.530286424999,-9874.250695215,-1.6009168494995214,63.12579131208333,14,-13853.597336094284,-989.5426668638775,-600.68378069075,0.21428571428571427,-16095.657643515298,-11652.750688919,-1.513380865023287,74.32838114960715,0.43218927024325227,1,0.05671891039980069,73.56507936507946,50,1,false
"OTM2_NEXT1_K3M1.5",37,84904.47079688254,2294.7154269427715,82.14019579999866,0.5675675675675675,-7183.610264699999,-7183.610264699999,3.364242031201688,74.87916765182432,12,-3642.490018045054,-303.54083483708786,-410.3684072575,0.16666666666666666,-10751.578571150001,-7402.3590330525,-0.5139065951601935,63.54083483708334,14,1166.9628916702088,83.35449226215778,106.55979474699905,0.6428571428571429,-12057.960608082501,-11068.859810309,0.1239069069660947,81.05622202357144,0.0013328890369876708,1,0.06156507355607918,73.56507936507946,50,0.16261246251249584,false
"OTM2_NEXT1_K3M2",37,103814.87361584751,2805.8073950229054,775.41997145,0.6486486486486487,-5796.2999745,-5796.2999745,4.5769364811850295,74.29395632844594,12,3093.435360079946,257.78628000666214,-410.3684072575,0.4166666666666667,-8122.7011902674985,-6142.861299577499,0.45644049725261043,64.08871999333333,14,10431.845437807107,745.1318169862219,757.2592044417495,0.6428571428571429,-10270.876087291997,-10270.876087291997,1.1303068021032947,81.61818301378571,0.0003332222592469177,1,0.05008452775924079,73.56507936507946,50,0.07464178607130957,false
"OTM2_NEXT1_K3M2.5",37,135525.2457898176,3662.8444808058807,1727.9094316250007,0.7297297297297297,-1753.571787550056,-1753.5717875500543,5.879051399163797,76.20957324817569,12,14967.935828997555,1247.3279857497962,-56.22663870624906,0.5,-5344.866969225,-4237.535974327501,2.243048858840854,68.29701425020833,14,33953.96858346761,2425.2834702476866,1645.1551295202507,0.7857142857142857,-9252.326335188998,-9252.326335188998,3.3583446362802,93.16295832375,0.0003332222592469177,1,0.04614998369767341,73.56507936507946,50,0.07464178607130957,false
"OTM2_NEXT1_K3M3",37,153435.91122421267,4146.916519573316,1876.043287355,0.7567567567567568,-727.3214125000522,-727.3214125000552,6.182409826235343,76.3942912375,12,20313.24790222755,1692.7706585189626,460.5382866987503,0.5,-3444.214545364999,-3211.6926982599994,2.919705896126057,66.60434148104167,14,42076.398870982106,3005.4570622130077,2399.8740474179986,0.7142857142857143,-8610.062134468,-8610.062134468,3.850676336145675,93.97150921557143,0.0003332222592469177,1,0.07393889139550348,73.56507936507946,50,0.07464178607130957,false
"OTM2_NEXT1_K3M4",37,176232.96242797503,4763.05303859392,2630.292424550001,0.7567567567567568,-727.3214125000522,-727.3214125000552,6.364448989520152,78.29831275743241,12,26038.606038370053,2169.883836530838,460.5382866987503,0.5,-3444.214545364999,-2850.3045246925,3.096940055800807,66.67866346916666,14,59276.331119312206,4234.023651379443,3293.6937129750004,0.7142857142857143,-7078.988970224,-7078.988970224002,4.778101740314758,94.36920576342858,0.0003332222592469177,1,0.1520236529245969,73.56507936507946,50,0.07464178607130957,false
"OTM2_NEXT2_K3M0.5",36,-25289.835387824827,-702.4954274395785,-927.6654637600001,0.25,-61731.61204667749,-27167.888617829998,-0.5730685063255747,70.51626077291668,12,-13339.042824700056,-1111.586902058338,-1176.12955679125,0.16666666666666666,-16085.17405691,-7799.431406160001,-1.8523670810305892,60.96190205833333,14,-18978.66484959078,-1355.6189178279128,-1886.4560128637481,0.21428571428571427,-22633.0802686408,-11460.364131036002,-1.9538635249565848,73.35106068507142,0.6734421859380206,0.9841269841269841,0.05870516603626535,73.70483870967749,100,1,false
"OTM2_NEXT2_K3M1",37,60942.591349825016,1647.0970635087842,-294.6071335749998,0.40540540540540543,-6201.376491155053,-5042.82920265,2.7684225733441536,71.01104459932432,12,863.0630989599449,71.92192491332874,-1019.694267565,0.25,-9407.356028825,-4413.1812725025,0.14065582422881565,59.95307508666667,14,-695.4915695503877,-49.67796925359912,-454.5077521012498,0.21428571428571427,-12923.641966185998,-9851.421650644,-0.07912751951008479,71.83868353932142,0.011996001332889037,1,0.06114040825406826,73.56507936507946,100,1,false
"OTM2_NEXT2_K3M1.5",37,93141.53190574265,2517.338700155207,577.0962847999996,0.5405405405405406,-2619.010537410053,-1740.137527675054,4.43290337071075,74.72211065560809,12,11359.266640404945,946.6055533670788,-728.1981980312498,0.3333333333333333,-6454.719632925,-3201.8179948150005,1.6618315330123261,64.33194663291667,14,24789.50131101711,1770.6786650726506,981.6931015350011,0.7142857142857143,-8190.607697820001,-8190.607697820001,2.7398822537585743,84.82133492735714,0.0003332222592469177,1,0.11638426741658477,73.56507936507946,100,0.07464178607130957,false
"OTM2_NEXT2_K3M2",37,110193.87570707765,2978.2128569480446,1379.0734928000002,0.5945945945945946,-2361.810743810056,-1740.137527675054,4.733019306131013,75.30065656547298,12,13707.479638824945,1142.2899699020788,-728.1981980312498,0.3333333333333333,-6454.719632925003,-3201.8179948150005,1.8429437522598129,64.27253009791667,14,45065.20295149869,3218.9430679641923,2586.5352865427512,0.7142857142857143,-6659.534533576001,-6659.534533576001,4.358395863662755,91.86050346439285,0.0003332222592469177,1,0.23090844296954116,73.56507936507946,100,0.07464178607130957,false
"OTM2_NEXT2_K3M2.5",37,114869.44695095764,3104.5796473231794,1379.0734928000002,0.5945945945945946,-2361.810743810056,-1740.137527675054,4.670148544761154,75.42035267682432,12,16257.57577736495,1354.797981447079,-728.1981980312498,0.3333333333333333,-6454.719632925003,-3201.8179948150005,1.9782006648038057,64.26451855291667,14,56832.78726687521,4059.4848047768005,3433.26190945375,0.7142857142857143,-5604.8551335745,-5604.8551335745005,4.93262710308695,91.90805236607142,0.0003332222592469177,1,0.33273336644961166,73.56507936507946,100,0.07464178607130957,false
"OTM2_NEXT2_K3M3",37,122906.85655997014,3321.806934053247,1379.0734928000002,0.5945945945945946,-2361.810743810056,-1740.137527675054,4.299497937816537,75.5917145954054,12,16257.57577736495,1354.797981447079,-728.1981980312498,0.3333333333333333,-6454.719632925003,-3201.8179948150005,1.9782006648038057,64.26451855291667,14,75916.3878047082,5422.599128907728,4366.12348773225,0.7142857142857143,-3150.308847735003,-3150.308847735,5.644473347596456,95.65087109228571,0.0006664445184938354,1,0.4153846035690704,73.56507936507946,100,0.08597134288570477,false
"OTM2_NEXT2_K3M4",37,122906.85655997014,3321.806934053247,1379.0734928000002,0.5945945945945946,-2361.810743810056,-1740.137527675054,4.299497937816537,75.5917145954054,12,16257.57577736495,1354.797981447079,-728.1981980312498,0.3333333333333333,-6454.719632925003,-3201.8179948150005,1.9782006648038057,64.26451855291667,14,85054.6517628432,6075.332268774515,4812.728472051298,0.7142857142857143,-3150.308847735003,-3150.308847735,5.4901830363340025,96.16773122549999,0.0006664445184938354,1,0.5467971869284263,73.56507936507946,100,0.08597134288570477,false
"OTM2_NEXT3_K3M0.5",37,1640.0469015850724,44.32559193473169,-1185.368473375,0.2702702702702703,-47400.9448531175,-23783.93760435,0.04383296833672545,69.18792157878377,12,-11706.138793435053,-975.5115661195878,-1475.6297611637501,0.25,-15969.947400897501,-6221.714226945,-1.7268543273314698,59.886566119583335,14,-13966.909150853282,-997.6363679180915,-2187.528142004,0.2857142857142857,-23937.927756345405,-10275.710296711,-1.368869712822329,72.10065363239286,0.5184938353882039,1,0.06572221130557637,73.56507936507946,150,1,false
"OTM2_NEXT3_K3M1",37,36073.158522502694,974.9502303379106,-712.66088212,0.3783783783783784,-25289.594162112557,-21914.1015664725,1.191060857179167,70.38760749993243,12,-1961.2739362650527,-163.4394946887544,-1472.3577530725001,0.25,-11074.7398023975,-3790.5017075499995,-0.31831323078423995,56.564494688749996,14,9867.890520550107,704.8493228964362,-283.94873532049945,0.42857142857142855,-12374.461151562,-8459.176821591,1.0471516030594468,76.65067710357143,0.20359880039986672,1,0.18720128107265196,73.56507936507946,150,1,false
"OTM2_NEXT3_K3M1.5",37,42436.965304262674,1146.9450082233154,-579.8930715250004,0.40540540540540543,-25289.594162112557,-21914.1015664725,1.3775124960828586,72.71715393885134,12,2253.67260758495,187.80605063207918,-1472.3577530725001,0.25,-11074.7398023975,-3790.5017075499995,0.32770047281076176,62.506449367916666,14,38496.726316613705,2749.7661654724075,1784.9833029857496,0.6428571428571429,-6285.839456625999,-6285.839456626,3.7016183909798963,89.68026309903571,0.1506164611796068,1,0.36122140247140805,73.56507936507946,150,1,false
"OTM2_NEXT3_K3M2",37,49882.36368292018,1348.171991430275,-579.8930715250004,0.40540540540540543,-25289.594162112557,-21914.1015664725,1.521469927930287,72.87530586702701,12,2253.67260758495,187.80605063207918,-1472.3577530725001,0.25,-11074.7398023975,-3790.5017075499995,0.32770047281076176,62.506449367916666,14,52929.3660908742,3780.6690064910144,3344.3901177405005,0.6428571428571429,-4186.6459033055,-4186.645903305499,4.518272790876962,90.65242208042856,0.12395868043985338,1,0.48401233947503874,73.56507936507946,150,1,false
"OTM2_NEXT3_K3M2.5",37,49882.36368292018,1348.171991430275,-579.8930715250004,0.40540540540540543,-25289.594162112557,-21914.1015664725,1.521469927930287,72.87530586702701,12,2253.67260758495,187.80605063207918,-1472.3577530725001,0.25,-11074.7398023975,-3790.5017075499995,0.32770047281076176,62.506449367916666,14,57498.2733928982,4107.019528064157,3344.3901177405005,0.6428571428571429,-4186.6459033055,-4186.645903305499,4.395168718781559,90.69475765014285,0.12395868043985338,1,0.5796105990353647,73.56507936507946,150,1,false
"OTM2_NEXT3_K3M3",37,49882.36368292018,1348.171991430275,-579.8930715250004,0.40540540540540543,-25289.594162112557,-21914.1015664725,1.521469927930287,72.87530586702701,12,2253.67260758495,187.80605063207918,-1472.3577530725001,0.25,-11074.7398023975,-3790.5017075499995,0.32770047281076176,62.506449367916666,14,57498.2733928982,4107.019528064157,3344.3901177405005,0.6428571428571429,-4186.6459033055,-4186.645903305499,4.395168718781559,90.69475765014285,0.12395868043985338,1,0.6478372035588064,73.56507936507946,150,1,false
"OTM2_NEXT3_K3M4",37,49882.36368292018,1348.171991430275,-579.8930715250004,0.40540540540540543,-25289.594162112557,-21914.1015664725,1.521469927930287,72.87530586702701,12,2253.67260758495,187.80605063207918,-1472.3577530725001,0.25,-11074.7398023975,-3790.5017075499995,0.32770047281076176,62.506449367916666,14,57498.2733928982,4107.019528064157,3344.3901177405005,0.6428571428571429,-4186.6459033055,-4186.645903305499,4.395168718781559,90.69475765014285,0.12395868043985338,1,0.735877902669105,73.56507936507946,150,1,false
"OTM2_MIRROR_GAP_K3M0.5",21,-136114.56181123748,-6481.645800535118,-2255.8999908250003,0.2857142857142857,-148111.95085011248,-62633.327392275,-2.7768544902264445,82.18151482083333,7,-18495.332391155105,-2642.1903415935863,-2011.2469184350002,0.14285714285714285,-16559.366454265106,-10705.61183391,-3.368746614471165,70.22605587928571,13,-18699.82523369239,-1438.4480948994146,-1454.5244346915003,0.23076923076923078,-21104.603175220902,-12492.893718599498,-1.8870826485911814,74.23655643788462,0.9480173275574808,0.6507936507936508,0.05986408665185393,73.71463414634162,69.51219512195122,1,false
"OTM2_MIRROR_GAP_K3M1",21,36207.24142919745,1724.1543537713071,-294.6071335749998,0.47619047619047616,-28230.482148404997,-21438.141727575,1.3600606602234,86.0242176572619,7,-8765.38822917761,-1252.1983184539442,-1112.3428994050003,0.14285714285714285,-12245.1611651825,-9874.250695215,-1.6432681891793812,68.26974702535713,13,-7294.978500298999,-561.1521923306923,-457.58213279049977,0.23076923076923078,-15137.9981259095,-11652.750688919,-0.7709092678524035,75.67142309992309,0.22825724758413862,0.6507936507936508,0.057646697686601814,73.71463414634162,69.51219512195122,1,false
"OTM2_MIRROR_GAP_K3M1.5",21,83533.1403152376,3977.768586439886,4449.03065928,0.7619047619047619,-5989.5203928249975,-4877.314328925,5.297912636029372,88.48141356011904,7,-1994.6115353851092,-284.9445050550156,-322.3992274375005,0.14285714285714285,-7964.592264102501,-7402.3590330525,-0.40653456998489745,69.05164791214285,13,5788.400969321495,445.26161302473037,198.05228484250114,0.7692307692307693,-11506.2089159415,-11068.859810309,0.619918022572844,83.16146389834616,0.0003332222592469177,0.6507936507936508,0.09375404263016458,73.71463414634162,69.51219512195122,0.07464178607130957,false
"OTM2_MIRROR_GAP_K3M2",21,93650.55761650005,4459.550362690478,4449.03065928,0.7619047619047619,-2910.8824414700503,-2577.5684390500546,7.281109503604341,87.59249445238095,7,1077.3081103798922,153.90115862569888,-239.83400361249983,0.42857142857142855,-6382.695303189999,-6142.861299577499,0.2320058704251488,69.49169851714285,13,24372.115767568095,1874.7781359667765,1093.7781555445,0.7692307692307693,-10270.876087291997,-10270.876087291997,2.4456735921035255,90.47186403323077,0.0003332222592469177,0.6507936507936508,0.13464573394554563,73.71463414634162,69.51219512195122,0.07464178607130957,false
"OTM2_MIRROR_GAP_K3M2.5",21,109280.72916761754,5203.844246077026,4449.03065928,0.8571428571428571,-1753.571787550056,-1753.5717875500543,8.066983574076776,91.8700396372619,7,11669.21265713489,1667.0303795906987,-239.83400361249983,0.42857142857142855,-4477.369977940001,-4237.535974327501,2.2324715397428903,79.39819183785714,13,43674.8507182266,3359.6039014020457,3189.3534425899998,0.8461538461538461,-9252.326335188998,-9252.326335188998,4.343537685978502,95.39609859796155,0.0003332222592469177,0.6507936507936508,0.17817174300555472,73.71463414634162,69.51219512195122,0.07464178607130957,false
"OTM2_MIRROR_GAP_K3M3",21,123772.73709908755,5893.939861861312,4449.03065928,0.9047619047619048,-727.3214125000522,-727.3214125000552,8.66301261219385,92.31013813869046,7,15980.994879554888,2282.999268507841,-239.83400361249983,0.42857142857142855,-3288.230902437499,-2850.3045246925,2.952757256535934,76.28644577785714,13,53290.6766543176,4099.282819562892,3189.3534425899998,0.8461538461538461,-8610.062134468,-8610.062134468,5.002462162664044,96.60179582173078,0.0003332222592469177,0.6507936507936508,0.22036548201326459,73.71463414634162,69.51219512195122,0.07464178607130957,false
"OTM2_MIRROR_GAP_K3M4",21,152937.32709862498,7282.729861839285,6405.3943053500525,0.9047619047619048,-727.3214125000522,-727.3214125000552,9.24165538333284,95.30585244642856,7,20541.759596849894,2934.5370852642704,-239.83400361249983,0.42857142857142855,-3288.230902437499,-2850.3045246925,3.100513971520025,76.17720045,13,71159.16775228159,5473.782134790891,4063.304139937,0.8461538461538461,-7078.988970224003,-7078.988970224002,5.817216990327446,97.60248059373075,0.0003332222592469177,0.6507936507936508,0.30581359565827915,73.71463414634162,69.51219512195122,0.07464178607130957,false
"OTM3_NEXT1_K3M0.5",36,-87852.56829197,-2440.349119221389,-625.6837964125002,0.19444444444444445,-114087.052811295,-55066.6866581475,-1.4525824793602116,65.76578588805556,12,-14697.916959767554,-1224.8264133139628,-851.3541120025001,0.16666666666666666,-11232.173977350056,-6236.61989505,-2.904437333410311,59.513913313958334,14,-61872.892447291786,-4419.492317663699,-1639.3155591477484,0.07142857142857142,-59430.01005744679,-21032.184454647,-4.663823195532956,79.49231766371429,0.8557147617460846,0.9841269841269841,0.06059768559091371,123.70483870967749,50,1,false
"OTM3_NEXT1_K3M1",36,15048.756048032441,418.0210013342345,-263.39103088750005,0.25,-44156.01565290501,-25636.6565733075,0.37161143263807384,67.29149866576387,12,-6989.979088105056,-582.498257342088,-526.7251281700002,0.16666666666666666,-7447.212981110002,-4518.88240443,-1.5736474991428084,59.99825734208334,14,-28683.53885360439,-2048.824203828885,-563.5853089525003,0.14285714285714285,-27496.878554582,-19742.003110162495,-2.34533014151616,75.94920382889288,0.3808730423192269,0.9841269841269841,0.05897155806163919,123.70483870967749,50,1,false
"OTM3_NEXT1_K3M1.5",37,82912.76366677992,2240.8855045075657,49.87913768750006,0.5405405405405406,-4935.355195575003,-4330.930132425002,3.471411262970081,70.83746846540541,12,-2661.4556919825536,-221.78797433187947,-333.86131615749997,0.25,-5853.567183757499,-3752.8094223999997,-0.6269168123996988,56.475474331875,14,3272.54526257561,233.753233041115,387.35160485750026,0.7142857142857143,-8955.1346912905,-8955.1346912905,0.42133438716307475,79.90748124460715,0.0013328890369876708,1,0.06503457847845494,123.56507936507946,50,0.16261246251249584,false
"OTM3_NEXT1_K3M2",37,92559.12551879499,2501.597986994459,430.7904741875,0.5945945945945946,-3092.6470635149963,-2892.438643375,4.605977006891474,69.78714814067567,12,1465.1743645124457,122.09786370937047,-324.76884111250035,0.3333333333333333,-4249.46753203,-3206.087110015,0.3475266655039725,56.964636290625,14,9253.977277237504,660.9983769455359,998.8966158922503,0.7142857142857143,-8585.336657087502,-8585.336657087502,1.2170587775908153,80.10876591160715,0.0003332222592469177,1,0.06933062494117881,123.56507936507946,50,0.07464178607130957,false
"OTM3_NEXT1_K3M2.5",37,107544.31780924999,2906.6031840337832,775.3004244575,0.6756756756756757,-2259.459397450002,-2259.45939745,5.335124809852961,72.11303218243242,12,15596.408039657446,1299.7006699714539,72.04726853749966,0.5,-2809.747642167499,-2457.152435515,2.6683786739599324,62.79933002854167,14,20282.884951333508,1448.777496523822,1135.1138080845008,0.7142857142857143,-7683.557436706502,-7683.557436706502,2.3923421624410275,82.25821776189285,0.0003332222592469177,1,0.0585957830196322,123.56507936507946,50,0.07464178607130957,false
"OTM3_NEXT1_K3M3",37,123977.6972571576,3350.7485745177732,1417.104180717499,0.6756756756756757,-1491.7672164000032,-1435.4627459499998,5.45922221759711,72.59602007682432,12,19243.719904472448,1603.6433253727039,438.57712062124983,0.5,-1832.3878919449999,-1479.7926852925,3.471889366864491,63.231674627291675,14,40464.395918698,2890.3139941927143,2277.5739805940016,0.7857142857142857,-7138.601216170502,-7138.601216170502,4.239655703188069,89.096720093,0.0003332222592469177,1,0.08905666921733198,123.56507936507946,50,0.07464178607130957,false
"OTM3_NEXT1_K3M4",37,139083.86191677512,3759.0232950479763,1459.1817439249996,0.7027027027027027,-1491.7672164000032,-1435.4627459499998,5.513976060302717,72.86859684391892,12,23268.50498354495,1939.0420819620792,438.57712062124983,0.5,-1832.3878919449999,-1479.7926852925,3.2996703347296092,63.14541803791667,14,55304.2749482516,3950.305353446543,2676.9302051632512,0.7857142857142857,-5763.238019222499,-5763.2380192225,4.895283988834317,89.76607512489286,0.0003332222592469177,1,0.1922540482784603,123.56507936507946,50,0.07464178607130957,false
"OTM3_NEXT2_K3M0.5",36,7909.697912349953,219.7138308986098,-694.93201267,0.2222222222222222,-40115.5114348825,-22401.3675878025,0.19728818189586483,65.2861691013889,12,-11958.245200585055,-996.520433382088,-1122.65350612375,0.16666666666666666,-10243.399750339999,-4388.41136181,-2.7855196555218815,58.395433382083326,14,-20201.26380882889,-1442.9474149163493,-1584.323045132999,0.14285714285714285,-22729.946560930908,-9392.398371715502,-2.5994630819546076,70.76884348778573,0.4481839386871043,0.9841269841269841,0.06722330077570803,123.70483870967749,100,1,false
"OTM3_NEXT2_K3M1",37,48446.76443912999,1309.3720118683782,-407.97954268,0.32432432432432434,-15390.466739,-11909.258711175,1.9714302110095685,67.38474488837836,12,-2319.6328324425526,-193.3027360368794,-636.9684884987496,0.16666666666666666,-6144.74493462,-2817.4110725274995,-0.5851043702370234,55.49023603687501,14,-4301.901089553997,-307.27864925385694,-610.7437208082499,0.21428571428571427,-11782.443448547405,-8211.6415801375,-0.5891647541076669,72.68936353957143,0.06997667444185271,1,0.04632219735671386,123.56507936507946,100,1,false
"OTM3_NEXT2_K3M1.5",37,59150.870082087495,1598.6721643807432,-75.85419634750001,0.4864864864864865,-15100.194818274998,-11909.258711175,2.7022776226128684,71.19270048412162,12,1945.550138834946,162.1291782362455,-579.7951349462501,0.3333333333333333,-3995.302418805,-2068.4763980274997,0.5306169396569923,55.99582176375001,14,19854.019658655496,1418.1442613325355,509.16901556274973,0.6428571428571429,-6764.906139220501,-6764.906139220501,2.4798573822595675,80.32002438175002,0.013995334888370544,1,0.1503112925177397,123.56507936507946,100,1,false
"OTM3_NEXT2_K3M2",37,71286.6677079276,1926.666694808854,3.911741232499679,0.5135135135135135,-15100.194818274998,-11909.258711175,2.968470029198524,71.47519708304053,12,11871.497907302446,989.2914922752038,-579.7951349462501,0.3333333333333333,-3995.302418805002,-2068.4763980274997,1.9525518698621638,61.33350772479167,14,42586.677371402504,3041.90552652875,2414.2365685552513,0.7142857142857143,-5340.699321115,-5340.699321114999,4.461491670679272,87.59447347125,0.007330889703432189,1,0.2702865708103552,123.56507936507946,100,0.813728757080973,false
"OTM3_NEXT2_K3M2.5",37,78986.2892009151,2134.7645729977053,3.911741232499679,0.5135135135135135,-15100.194818274998,-11909.258711175,2.986931393847445,71.6543459212162,12,11871.497907302446,989.2914922752038,-579.7951349462501,0.3333333333333333,-3995.302418805002,-2068.4763980274997,1.9525518698621638,61.33350772479167,14,54436.10428557808,3888.2931632555774,3444.579705098797,0.7142857142857143,-3474.8281544295023,-3474.828154429501,5.077214603105742,88.29612245871428,0.006331222925691436,1,0.37003169019826,123.56507936507946,100,0.7280906364545151,false
"OTM3_NEXT2_K3M3",37,82890.7523675601,2240.2906045286513,3.911741232499679,0.5135135135135135,-15100.194818274998,-11909.258711175,2.9303092118009664,71.73642249837836,12,11871.497907302446,989.2914922752038,-579.7951349462501,0.3333333333333333,-3995.302418805002,-2068.4763980274997,1.9525518698621638,61.33350772479167,14,60896.4603108361,4349.747165059721,3611.9001235002975,0.7142857142857143,-2377.276837958998,-2377.2768379589993,5.351103607100424,86.48497779742856,0.007997334221926024,1,0.4516317296849784,123.56507936507946,100,0.8797067644118627,false
"OTM3_NEXT2_K3M4",37,82890.7523675601,2240.2906045286513,3.911741232499679,0.5135135135135135,-15100.194818274998,-11909.258711175,2.9303092118009664,71.73642249837836,12,11871.497907302446,989.2914922752038,-579.7951349462501,0.3333333333333333,-3995.302418805002,-2068.4763980274997,1.9525518698621638,61.33350772479167,14,70977.4367354591,5069.816909675649,3611.9001235002975,0.7142857142857143,-2377.276837958998,-2377.2768379589993,4.963362095719225,86.98666175292855,0.007997334221926024,1,0.5764851887804245,123.56507936507946,100,0.8797067644118627,false
"OTM3_NEXT3_K3M0.5",35,27521.14563906,786.3184468302857,-993.8618707,0.3142857142857143,-35051.796889015,-18674.47255698,0.8159417275212422,59.46726745542857,12,-10703.665387920053,-891.9721156600044,-1356.6008792125,0.16666666666666666,-9882.727016647501,-3291.020179435,-2.7969544798928982,53.84711566000001,14,-17291.468337517395,-1235.1048812512424,-1935.3276190920003,0.14285714285714285,-23618.44679382391,-8587.79780919,-2.108572468579364,67.22988125125,0.30989670109963346,0.9682539682539683,0.05826559280816875,123.51557377049187,150,1,false
"OTM3_NEXT3_K3M1",36,20102.290558452503,558.396959957014,-667.3404620837503,0.3333333333333333,-24975.826486882506,-17258.04832491,0.7976952405172087,65.14470670965278,12,-5330.059098382556,-444.17159153187964,-813.1023345325,0.25,-7864.348068870002,-2744.2978670500006,-1.4538609618541452,54.484091531875,14,6606.500031975109,471.8928594267935,-766.1694499747509,0.35714285714285715,-11798.316403749408,-6456.610195888501,0.7982587621801341,77.3571405732143,0.30723092302565813,0.9841269841269841,0.22749074314563345,123.3766129032259,150,1,false
"OTM3_NEXT3_K3M1.5",36,31207.443467427496,866.8734296507638,-610.3663583499999,0.3611111111111111,-24975.82648688251,-17258.04832491,1.1747311652929233,65.41823701590276,12,-4423.848142237558,-368.6540118531298,-813.1023345325,0.25,-7864.348068870001,-2744.2978670500006,-1.1843480022450648,54.591511853125006,14,32989.9024783842,2356.421605598872,1675.9513240305005,0.5714285714285714,-5032.403377783001,-5032.403377783001,3.5267204984804885,85.72125154399998,0.2052649116961013,0.9841269841269841,0.39619974959216686,123.3766129032259,150,1,false
"OTM3_NEXT3_K3M2",36,34748.37867943999,965.2327410955554,-610.3663583499999,0.3611111111111111,-24975.82648688251,-17258.04832491,1.2591127505657855,65.4964255711111,12,-4423.848142237558,-368.6540118531298,-813.1023345325,0.25,-7864.348068870001,-2744.2978670500006,-1.1843480022450648,54.591511853125006,14,46225.883843203206,3301.848845943086,1906.9192319350473,0.5714285714285714,-3097.2523674984986,-3097.2523674985005,4.278540476710612,84.65115405692858,0.18960346551149618,0.9841269841269841,0.515625511652737,123.3766129032259,150,1,false
"OTM3_NEXT3_K3M2.5",36,34748.37867943999,965.2327410955554,-610.3663583499999,0.3611111111111111,-24975.82648688251,-17258.04832491,1.2591127505657855,65.4964255711111,12,-4423.848142237558,-368.6540118531298,-813.1023345325,0.25,-7864.348068870001,-2744.2978670500006,-1.1843480022450648,54.591511853125006,14,51376.73495558421,3669.7667825417293,1906.9192319350473,0.5714285714285714,-3097.2523674984986,-3097.2523674985005,4.183087305400036,84.91178888685715,0.18960346551149618,0.9841269841269841,0.6067059437182396,123.3766129032259,150,1,false
"OTM3_NEXT3_K3M3",36,34748.37867943999,965.2327410955554,-610.3663583499999,0.3611111111111111,-24975.82648688251,-17258.04832491,1.2591127505657855,65.4964255711111,12,-4423.848142237558,-368.6540118531298,-813.1023345325,0.25,-7864.348068870001,-2744.2978670500006,-1.1843480022450648,54.591511853125006,14,51376.73495558421,3669.7667825417293,1906.9192319350473,0.5714285714285714,-3097.2523674984986,-3097.2523674985005,4.183087305400036,84.91178888685715,0.18960346551149618,0.9841269841269841,0.6722549530985332,123.3766129032259,150,1,false
"OTM3_NEXT3_K3M4",36,34748.37867943999,965.2327410955554,-610.3663583499999,0.3611111111111111,-24975.82648688251,-17258.04832491,1.2591127505657855,65.4964255711111,12,-4423.848142237558,-368.6540118531298,-813.1023345325,0.25,-7864.348068870001,-2744.2978670500006,-1.1843480022450648,54.591511853125006,14,51376.73495558421,3669.7667825417293,1906.9192319350473,0.5714285714285714,-3097.2523674984986,-3097.2523674985005,4.183087305400036,84.91178888685715,0.18960346551149618,0.9841269841269841,0.7541912148239,123.3766129032259,150,1,false
"OTM3_MIRROR_GAP_K3M0.5",21,8805.59248439499,419.3139278283329,-1705.2938326,0.3333333333333333,-42140.7924556175,-18674.47255698,0.3121981467895036,69.25750074309524,7,-11375.069603167609,-1625.0099433096584,-1928.0555526175008,0.14285714285714285,-8773.63931834011,-4388.41136181,-4.086834788903154,61.795657595357135,13,-15908.968931054891,-1223.7668408503762,-1729.9351116940002,0.15384615384615385,-23430.931175299906,-9392.398371715502,-1.9409117643049245,71.92068700423076,0.44385204931689437,0.6507936507936508,0.06588910416730662,123.71463414634162,119.51219512195122,1,false
"OTM3_MIRROR_GAP_K3M1",21,16425.37309629499,782.1606236330947,-432.3979062400013,0.38095238095238093,-32930.63082107001,-17258.04832491,0.7750224284040048,74.44651922404762,7,-5389.099407707608,-769.8713439582298,-1392.5672603500009,0.14285714285714285,-4835.52598557,-2817.4110725274995,-2.0907663860148773,59.51420110107142,13,3263.2923704941104,251.0224900380085,-444.7632102520015,0.3076923076923077,-11386.488409665406,-8211.6415801375,0.4017654791535793,74.16981765430769,0.3462179273575475,0.6507936507936508,0.13588556733647997,123.71463414634162,119.51219512195122,1,false
"OTM3_MIRROR_GAP_K3M1.5",21,26358.817728752492,1255.1817966072615,1153.6831228250003,0.5714285714285714,-20752.029655224997,-17258.04832491,1.3261077017355458,80.88963196416667,7,-2606.80709194011,-372.4010131343014,-1392.5672603500009,0.42857142857142855,-4501.87169075,-2616.712373695,-1.0337846318845796,60.079584562857136,13,31750.603601137198,2442.3541231644,1502.1188573265013,0.7692307692307693,-6764.9061392205,-6764.906139220501,3.804724796951103,88.9535691433077,0.17594135288237253,0.6507936507936508,0.25530078694047964,123.71463414634162,119.51219512195122,1,false
"OTM3_MIRROR_GAP_K3M2",21,37809.551130092485,1800.4548157186898,1312.898775747499,0.6190476190476191,-20752.029655225,-17258.04832491,1.7855513024518834,81.33089856702381,7,7319.140676527391,1045.5915252181987,-1392.5672603500009,0.42857142857142855,-4501.87169075,-2616.712373695,1.5683660077499768,69.22990335321427,13,50352.542524757206,3873.2725019044005,3232.124090406095,0.7692307692307693,-5340.699321115,-5340.699321114999,5.184920687764813,90.0351904033077,0.11296234588470509,0.6507936507936508,0.3580080117853873,123.71463414634162,119.51219512195122,1,false
"OTM3_MIRROR_GAP_K3M2.5",21,45509.17262307999,2167.1034582419043,1934.2803289550534,0.6190476190476191,-20752.029655225,-17258.04832491,1.9961384624248768,81.64654175809524,7,7319.140676527391,1045.5915252181987,-1392.5672603500009,0.42857142857142855,-4501.87169075,-2616.712373695,1.5683660077499768,69.22990335321427,13,60596.518869547705,4661.270682272901,3449.3490110265016,0.7692307692307693,-3474.8281544295023,-3474.828154429501,5.823274364036383,90.78701003480771,0.0923025658113962,0.6507936507936508,0.45576137943922596,123.71463414634162,119.51219512195122,1,false
"OTM3_MIRROR_GAP_K3M3",21,49413.63578972499,2353.03027570119,1934.2803289550534,0.6190476190476191,-20752.029655225,-17258.04832491,2.0552692848630625,81.7911528702381,7,7319.140676527391,1045.5915252181987,-1392.5672603500009,0.42857142857142855,-4501.87169075,-2616.712373695,1.5683660077499768,69.22990335321427,13,64213.925391470206,4939.532722420785,3449.3490110265016,0.7692307692307693,-2377.276837958998,-2377.2768379589993,5.943035126394834,89.27496988692309,0.0939686771076308,0.6507936507936508,0.5308763674131556,123.71463414634162,119.51219512195122,1,false
"OTM3_MIRROR_GAP_K3M4",21,49413.63578972499,2353.03027570119,1934.2803289550534,0.6190476190476191,-20752.029655225,-17258.04832491,2.0552692848630625,81.7911528702381,7,7319.140676527391,1045.5915252181987,-1392.5672603500009,0.42857142857142855,-4501.87169075,-2616.712373695,1.5683660077499768,69.22990335321427,13,71140.6781651512,5472.359858857784,3449.3490110265016,0.7692307692307693,-2377.276837958998,-2377.2768379589993,5.475016017080208,89.44783344992308,0.0939686771076308,0.6507936507936508,0.6406242394751173,123.71463414634162,119.51219512195122,1,false
"ATM_NEAREST_NEXT1_K3M0.5",36,-111646.58776813722,-3101.294104670478,-1176.4493340999998,0.25,-122380.12022631224,-48221.199199417504,-1.873704326689462,79.73160467048612,12,-33127.12654437272,-2760.5938786977263,-1210.8541492937502,0.25,-32412.674742360217,-20002.7289806475,-2.453575047471235,69.03137869770835,14,-39754.91028258389,-2839.636448755992,-1650.9308651552506,0.21428571428571427,-32548.144749156796,-14935.5438988815,-2.885349630792603,87.88644875600002,0.9416861046317894,0.9841269841269841,0.05768137542798031,11.745161290322416,50,1,false
"ATM_NEAREST_NEXT1_K3M1",37,48017.58863279772,1297.7726657512897,-319.8592548999998,0.40540540540540543,-20027.06833279989,-17067.98692245,1.4248589985590048,79.18679370817567,12,-26421.13186585022,-2201.7609888208517,-591.1107061450002,0.25,-26751.44393476522,-17932.1882651625,-2.0964136887596894,69.88598882083333,14,-7879.131077826388,-562.7950769875991,-551.8623520184998,0.35714285714285715,-22072.504327727296,-14095.400869201001,-0.632825555481213,88.77721984475,0.07130956347884039,1,0.059426000735508244,11.795238095237957,50,1,false
"ATM_NEAREST_NEXT1_K3M1.5",37,72180.96548857012,1950.8369050964895,373.0470202250002,0.6216216216216216,-16660.313657425002,-16404.999536925003,2.4870485285658286,82.16985166027028,12,-17163.448520822723,-1430.2873767352269,-471.2179881474997,0.25,-18456.14164647022,-15431.526928365,-1.4180859983844578,70.59987673520834,14,704.3803090079994,50.3128792148571,439.48753787550055,0.7142857142857143,-17980.676693760906,-13141.711956388002,0.0596506117208118,90.09783507085713,0.002999000333222259,1,0.0617608989697041,11.795238095237957,50,0.35688103965344886,false
"ATM_NEAREST_NEXT1_K3M2",37,121318.77832143751,3278.885900579392,1022.6367925250541,0.7567567567567568,-15945.217315650001,-15945.217315650001,4.091145909125626,82.22896428547298,12,-10329.906483452609,-860.8255402877174,-327.84004406499946,0.3333333333333333,-15004.81762725,-13808.329994302501,-1.0070468505392949,71.13804028770834,14,11997.227193652503,856.9447995466073,1066.1908626977497,0.7142857142857143,-12239.932736007,-12239.932736007,1.0520312656195119,91.55520045339286,0.0003332222592469177,1,0.0657811743429437,11.795238095237957,50,0.07464178607130957,false
"ATM_NEAREST_NEXT1_K3M2.5",37,145034.10243412762,3919.8406063277735,1715.6850542750014,0.8108108108108109,-13589.897211600002,-13589.897211600002,4.802640101043061,84.85533961817568,12,8611.73384140983,717.6444867841525,-247.2570361300544,0.4166666666666667,-11041.588183517499,-9980.21665368,1.0187189111445119,74.85551321583334,14,36844.734354891996,2631.7667396351426,2389.9873719375,0.7857142857142857,-11694.976515471002,-11694.976515471002,2.906104584283652,104.46540322199999,0.0003332222592469177,1,0.058863812771741075,11.795238095237957,50,0.07464178607130957,false
"ATM_NEAREST_NEXT1_K3M3",37,180137.01517490012,4868.567977700003,2512.2842785999455,0.8378378378378378,-11692.64473755,-11692.64473755,5.636650649320799,86.80364392162163,12,30523.786431952387,2543.6488693293654,654.4761988699446,0.5,-8979.971115527498,-7918.599585689998,3.093240809233805,80.726130670625,14,62951.677845415594,4496.548417529685,3196.3065800055,0.8571428571428571,-11052.712314750002,-11052.71231475,4.840795400889819,110.30872532746427,0.0003332222592469177,1,0.052794199081724946,11.795238095237957,50,0.07464178607130957,false
"ATM_NEAREST_NEXT1_K3M4",37,234566.90499446253,6339.646080931419,3848.8147138250006,0.8648648648648649,-860.0485648750036,-860.0485648749998,7.278583312145495,89.98229744695945,12,40955.40007454988,3412.95000621249,1169.402996464945,0.5,-6943.94701729,-5882.575487452501,3.7295501010228036,81.1124937875,14,94244.2516554461,6731.732261103293,7005.414528339297,0.8571428571428571,-9521.639150506002,-9521.639150506002,6.6073054330186265,113.78559603957142,0.0003332222592469177,1,0.09849905479720471,11.795238095237957,50,0.07464178607130957,false
"ATM_NEAREST_NEXT2_K3M0.5",37,-62829.57849147481,-1698.0967159858055,-1347.0331009074998,0.24324324324324326,-91618.47470116237,-41545.22873237251,-1.151378570896597,76.6777970668919,12,-22567.42226742272,-1880.6185222852266,-1792.7992010687499,0.3333333333333333,-23610.108002040215,-16014.375523912498,-1.878080616101287,66.55602228520833,14,-20794.73016279228,-1485.337868770877,-2142.0273470214997,0.35714285714285715,-28223.641370225294,-13613.8372894505,-1.6919134712284782,82.15929734232144,0.8317227590803066,1,0.061746945283831435,11.795238095237957,100,1,false
"ATM_NEAREST_NEXT2_K3M1",37,45485.102956935225,1229.3271069441953,-364.7907465999989,0.43243243243243246,-14795.896312924891,-13978.484589975,1.7687043137586274,78.91613629905407,12,-1345.648990182669,-112.13741584855575,-1441.3330448687502,0.3333333333333333,-14994.879498705,-9941.3257863225,-0.15411384370372727,65.26241584854166,14,407.8069194246043,29.129065673186023,-94.1690454350003,0.42857142857142855,-15626.517114408407,-12231.9626878235,0.03665661939819497,84.31736289825002,0.027657447517494167,1,0.060245934799651436,11.795238095237957,100,1,false
"ATM_NEAREST_NEXT2_K3M1.5",37,105703.82491887773,2856.860132942641,1364.148981649944,0.6216216216216216,-9571.830332100002,-9571.830332100002,4.069216131096132,81.21419138168919,12,9782.88464497983,815.2403870816524,-484.36403832255417,0.4166666666666667,-8686.0008768525,-5568.443298052499,1.3550620622538232,72.25961291833333,14,28081.395975445605,2005.8139982461146,1060.8523408597496,0.7142857142857143,-10571.1487349995,-10571.1487349995,2.4491360386391756,97.09671603960714,0.0003332222592469177,1,0.06553176134108513,11.795238095237957,100,0.07464178607130957,false
"ATM_NEAREST_NEXT2_K3M2",37,135924.42438356768,3673.633091447775,1756.6977093499454,0.7027027027027027,-2138.4904828,-2138.4904828,5.359322623785935,80.92771936304055,12,17407.75746312483,1450.6464552604027,-462.25144297752627,0.4166666666666667,-8686.0008768525,-5568.443298052499,2.049496505685796,72.47854473958333,14,42606.699142469704,3043.3356530335504,1638.7601396527507,0.7142857142857143,-9040.075570755502,-9040.075570755502,3.5715657532899465,98.64648982360714,0.0003332222592469177,1,0.15905726170216916,11.795238095237957,100,0.07464178607130957,false
"ATM_NEAREST_NEXT2_K3M2.5",37,141116.69228099767,3813.9646562431803,2350.2613682750025,0.7027027027027027,-2138.4904828,-2138.4904828,5.280993476850676,81.27183024331082,12,20059.296020472328,1671.6080017060274,-462.25144297752627,0.4166666666666667,-8686.0008768525,-5568.443298052499,2.149510477928377,72.45449829395834,14,67945.9137281237,4853.279552008836,2988.6101930227505,0.7142857142857143,-7041.848617123502,-7041.848617123501,4.804388750354879,104.0597337054643,0.0003332222592469177,1,0.26448125492774804,11.795238095237957,100,0.07464178607130957,false
"ATM_NEAREST_NEXT2_K3M3",37,145249.63872336518,3925.665911442302,2350.2613682750025,0.7027027027027027,-2138.4904828,-2138.4904828,5.048173492698764,81.36111558472973,12,20059.296020472328,1671.6080017060274,-462.25144297752627,0.4166666666666667,-8686.0008768525,-5568.443298052499,2.149510477928377,72.45449829395834,14,77345.05476938121,5524.646769241515,3268.3705660804994,0.7142857142857143,-5735.202101459498,-5688.364164757997,4.933083451646119,105.21037361564287,0.0003332222592469177,1,0.35436583913671693,11.795238095237957,100,0.07464178607130957,false
"ATM_NEAREST_NEXT2_K3M4",37,149873.46839003018,4050.6342808116265,2350.2613682750025,0.7027027027027027,-2138.4904828,-2138.4904828,4.777737601883299,81.46031378297297,12,20059.296020472328,1671.6080017060274,-462.25144297752627,0.4166666666666667,-8686.0008768525,-5568.443298052499,2.149510477928377,72.45449829395834,14,93725.35644534671,6694.668317524765,3268.3705660804994,0.7142857142857143,-5735.202101459498,-4254.049736574998,5.112160279280454,105.88525390382144,0.0003332222592469177,1,0.49216770572292545,11.795238095237957,100,0.07464178607130957,false
"ATM_NEAREST_NEXT3_K3M0.5",37,-61566.48622519978,-1663.9590871675616,-1953.6210769675,0.24324324324324326,-84293.09245383485,-37448.7769572975,-1.2517247078947298,76.59422230270269,12,-15104.989468710162,-1258.7491223925135,-2361.84573071125,0.3333333333333333,-17376.53011176511,-14165.9518031925,-1.2489721591928389,66.5616223925,14,-16530.4355274204,-1180.7453948157429,-2693.5989402922496,0.35714285714285715,-28113.107566106413,-12610.491974192502,-1.3332914766277717,78.44182338717859,0.8573808730423192,1,0.06191829678819384,11.795238095237957,150,1,false
"ATM_NEAREST_NEXT3_K3M1",37,44961.33030625523,1215.1710893582494,-525.6224380499993,0.4864864864864865,-9084.688412625002,-9084.688412625002,1.765071849142427,79.69377550662162,12,6957.442942767391,579.7869118972826,-1544.2638666925282,0.3333333333333333,-13117.048100647498,-6802.458525637499,0.7482936081712459,65.52558810270834,14,15569.894634510107,1112.1353310364361,805.1434926310528,0.5,-11180.525886669002,-10151.694298351502,1.4045725425285627,89.43609753500002,0.05198267244251916,1,0.12415907201101559,11.795238095237957,150,1,false
"ATM_NEAREST_NEXT3_K3M1.5",37,65820.54620332521,1778.9336811709516,37.2540671624989,0.5135135135135135,-6684.852400575,-6684.852400575,2.5061540445315447,80.25550801824325,12,10348.426896644893,862.368908053741,-1544.2638666925282,0.3333333333333333,-13117.0481006475,-6802.458525637499,1.0553507400464623,71.69359194625001,14,37184.2787588642,2656.019911347443,2157.61338356575,0.6428571428571429,-7679.902478152502,-7679.902478152502,3.310017843242901,98.12294579542858,0.009996667777407531,1,0.2960854743575768,11.795238095237957,150,1,false
"ATM_NEAREST_NEXT3_K3M2",37,73857.95581233769,1996.1609679010187,37.2540671624989,0.5135135135135135,-6684.852400575,-6684.852400575,2.5264523250994952,80.42686993682432,12,10348.426896644893,862.368908053741,-1544.2638666925282,0.3333333333333333,-13117.0481006475,-6802.458525637499,1.0553507400464623,71.69359194625001,14,51143.5050076047,3653.1075005431926,2753.1412722390005,0.6428571428571429,-5642.553703840499,-5268.90972811,4.170631155783062,99.01749945682141,0.011329556814395202,1,0.4258228264874424,11.795238095237957,150,1,false
"ATM_NEAREST_NEXT3_K3M2.5",37,73857.95581233769,1996.1609679010187,37.2540671624989,0.5135135135135135,-6684.852400575,-6684.852400575,2.5264523250994952,80.42686993682432,12,10348.426896644893,862.368908053741,-1544.2638666925282,0.3333333333333333,-13117.0481006475,-6802.458525637499,1.0553507400464623,71.69359194625001,14,60302.1588217977,4307.297058699835,2753.1412722390005,0.6428571428571429,-5642.553703840499,-5268.90972811,4.220540492377838,99.47079844303572,0.011329556814395202,1,0.528634689839472,11.795238095237957,150,1,false
"ATM_NEAREST_NEXT3_K3M3",37,73857.95581233769,1996.1609679010187,37.2540671624989,0.5135135135135135,-6684.852400575,-6684.852400575,2.5264523250994952,80.42686993682432,12,10348.426896644893,862.368908053741,-1544.2638666925282,0.3333333333333333,-13117.0481006475,-6802.458525637499,1.0553507400464623,71.69359194625001,14,63296.7437383677,4521.195981311978,2753.1412722390005,0.6428571428571429,-5642.553703840499,-5268.90972811,4.163806230519288,99.60759011660714,0.011329556814395202,1,0.6049656097094324,11.795238095237957,150,1,false
"ATM_NEAREST_NEXT3_K3M4",37,73857.95581233769,1996.1609679010187,37.2540671624989,0.5135135135135135,-6684.852400575,-6684.852400575,2.5264523250994952,80.42686993682432,12,10348.426896644893,862.368908053741,-1544.2638666925282,0.3333333333333333,-13117.0481006475,-6802.458525637499,1.0553507400464623,71.69359194625001,14,63296.7437383677,4521.195981311978,2753.1412722390005,0.6428571428571429,-5642.553703840499,-5268.90972811,4.163806230519288,99.60759011660714,0.011329556814395202,1,0.7037242072820743,11.795238095237957,150,1,false
"ATM_NEAREST_MIRROR_GAP_K3M0.5",21,-121918.5959638024,-5805.647426847734,-2774.367780925,0.23809523809523808,-133775.02607930242,-48221.199199417504,-2.8129089462393235,94.93314113345238,7,-31738.683898212606,-4534.097699744658,-2581.0283342725,0.2857142857142857,-31024.232096200107,-20002.7289806475,-3.119933653686733,79.63341403035714,13,-26733.775269266385,-2056.44425148203,-1506.439919305999,0.23076923076923078,-23279.067292800995,-14935.5438988815,-2.204267319621601,87.92502071280768,0.9803398867044318,0.6507936507936508,0.05768137542798031,11.741463414634094,50,1,false
"ATM_NEAREST_MIRROR_GAP_K3M1",21,36101.853624807554,1719.1358868955979,-319.8592548999998,0.47619047619047616,-27257.58577579994,-17067.98692245,1.446833777857316,94.7926845329762,7,-23683.024851462607,-3383.2892644946583,-1618.647277539999,0.42857142857142855,-24013.336920377606,-17932.1882651625,-2.4255669390000283,80.61069306607143,13,-11328.123265386386,-871.3940973374143,-652.2640447149988,0.3076923076923077,-18633.394433475,-14095.400869201001,-0.9570250505869193,87.45178964511538,0.17427524158613794,0.6507936507936508,0.059426000735508244,11.741463414634094,50,1,false
"ATM_NEAREST_MIRROR_GAP_K3M1.5",21,54685.40120226755,2604.0667239175027,3389.1757304750004,0.6666666666666666,-23798.571390124947,-16404.999536925003,2.5933191894288496,97.36184751107143,7,-14425.341506435112,-2060.7630723478733,-401.62843147749913,0.42857142857142855,-16851.63809941,-15431.526928365,-1.5183245985419365,81.8345009192857,13,-2744.611878552004,-211.12399065784646,399.2402382830004,0.6923076923076923,-14018.330897928005,-13141.711956388002,-0.24365925967022287,88.87399065784618,0.03532155948017328,0.6507936507936508,0.0617608989697041,11.741463414634094,50,1,false
"ATM_NEAREST_MIRROR_GAP_K3M2",21,98765.77298246745,4703.132046784164,7119.6543829425045,0.8095238095238095,-15945.217315650001,-15945.217315650001,4.8094640614393125,97.22509607297619,7,-7591.799469065,-1084.542781295,467.1357909425005,0.5714285714285714,-14194.911314537501,-13808.329994302501,-0.9385001932222767,82.75706700928572,13,8548.235006092502,657.5565389301925,882.8023931184997,0.6923076923076923,-12239.932736007,-12239.932736007,0.7819146043246652,90.44346106980768,0.0003332222592469177,0.6507936507936508,0.0657811743429437,11.741463414634094,50,0.07464178607130957,false
"ATM_NEAREST_MIRROR_GAP_K3M2.5",21,116962.47001695007,5569.641429378575,5138.875075400002,0.9047619047619048,-13589.897211600002,-13589.897211600002,5.833438707822058,101.60857062142857,7,11349.840855797442,1621.4058365424917,1534.3677021049982,0.7142857142857143,-9980.21665368,-9980.21665368,1.7439764515844245,89.12987774321428,13,33395.742167332,2568.903243640923,2378.972821423,0.7692307692307693,-11694.976515471002,-11694.976515471002,2.727171397584199,104.3467563590769,0.0003332222592469177,0.6507936507936508,0.058863812771741075,11.741463414634094,50,0.07464178607130957,false
"ATM_NEAREST_MIRROR_GAP_K3M3",21,152065.38275772257,7241.208702748694,11151.695775937502,0.9523809523809523,-11692.64473755,-11692.64473755,7.551056300432609,105.04129725130954,7,33261.89344634,4751.699063762857,5529.84104645,0.8571428571428571,-7918.599585689998,-7918.599585689998,4.810379123817965,99.19379338,13,59502.685657855596,4577.129665988892,2943.6209724509995,0.8461538461538461,-11052.712314750002,-11052.71231475,4.739036252541489,110.63956478034613,0.0003332222592469177,0.6507936507936508,0.052794199081724946,11.741463414634094,50,0.07464178607130957,false
"ATM_NEAREST_MIRROR_GAP_K3M4",21,206495.27257728498,9833.108217965952,11972.797632675,1,0,526.6087949749983,12.336834646699613,110.64178203404762,7,43693.50708893749,6241.929584133927,6167.437035192498,0.8571428571428571,-5882.575487452501,-5882.575487452501,5.9436446684447315,99.8561301517857,13,90795.2594678861,6984.250728298931,9386.509782022596,0.8461538461538461,-9521.639150506002,-9521.639150506002,6.641370663577546,114.38388708569231,0.0003332222592469177,0.6507936507936508,0.09849905479720471,11.741463414634094,50,0.07464178607130957,false
"ATM_UP_NEXT1_K3M0.5",36,-94281.60030786972,-2618.9333418852702,-955.7718361187499,0.19444444444444445,-105550.63195956984,-41360.49832528501,-1.7186542253256625,77.68334188527778,12,-25895.291451490164,-2157.940954290847,-1313.95457285125,0.16666666666666666,-25180.839649477657,-16388.294838397498,-2.1962656199429604,66.37845429083333,14,-41412.15658885789,-2958.011184918421,-1670.5628427737493,0.21428571428571427,-32769.1998104683,-14935.5438988815,-3.0680459412723944,86.54689920414286,0.9253582139286904,0.9841269841269841,0.0695580048767858,23.70483870967749,50,1,false
"ATM_UP_NEXT1_K3M1",37,51642.65720340522,1395.7474919839249,-309.58144305250005,0.35135135135135137,-15322.349305324888,-12800.945918549998,1.6598714378429695,77.19169720527026,12,-20315.04756820022,-1692.9206306833519,-738.1983514637495,0.25,-20645.359637115216,-14930.486614485002,-1.867249513573559,67.29563068333333,14,-9633.305621893887,-688.0932587067063,-522.6136237142492,0.35714285714285715,-22023.942906218796,-14095.400869201001,-0.7935603536726296,87.41468727814285,0.05764745084971676,1,0.06363800576635628,23.56507936507946,50,1,false
"ATM_UP_NEXT1_K3M1.5",37,101368.72599974762,2739.6952972904764,517.7581125575,0.6216216216216216,-12156.745116599996,-12156.745116599996,3.539814251329182,78.0749729797973,12,-13102.905579722712,-1091.908798310226,-324.25406103249895,0.25,-16348.460121882606,-13771.7512981425,-1.2536508949447829,67.84629831020833,14,1320.6930746199994,94.33521961571424,439.48753787550055,0.6428571428571429,-15013.432760947408,-13141.711956388002,0.11340666695914563,88.57549467,0.0003332222592469177,1,0.0635824151900579,23.56507936507946,50,0.07464178607130957,false
"ATM_UP_NEXT1_K3M2",37,124801.9248227301,3373.0249952089216,1022.6367925250541,0.7027027027027027,-10885.846877624997,-10885.846877624997,4.564126013707599,78.69797776405406,12,-2946.84845772272,-245.57070481022666,120.86024328869573,0.5,-11215.866260047498,-9980.21665368,-0.31459052373851815,68.38320481020834,14,12749.887109806501,910.7062221290358,1165.0101395982497,0.7857142857142857,-12239.932736007,-12239.932736007,1.1478273259078695,90.07949215667858,0.0003332222592469177,1,0.06888997949661282,23.56507936507946,50,0.07464178607130957,false
"ATM_UP_NEXT1_K3M2.5",37,141738.64011267768,3830.7740570993965,1695.8761119500004,0.7567567567567568,-8597.695459724999,-8597.695459724999,5.201410785742222,81.28675371141892,12,7301.559308879887,608.4632757399905,555.8509208074453,0.5,-11041.588183517499,-9980.21665368,0.7794281376822442,74.34922426000001,14,37214.439324762505,2658.174237483036,2389.9873719375,0.7857142857142857,-11694.976515471002,-11694.976515471002,2.9799338716415047,103.68290537410715,0.0003332222592469177,1,0.06483230123614742,23.56507936507946,50,0.07464178607130957,false
"ATM_UP_NEXT1_K3M3",37,166485.81317425522,4499.616572277168,2668.728497525,0.7837837837837838,-6280.035541575002,-6280.035541575,5.7607460943390825,81.86991420932434,12,12846.96155252239,1070.580129376866,654.4761988699446,0.5,-8979.971115527498,-7918.599585689998,1.4470260528203216,75.044870623125,14,63439.98991852799,4531.427851323428,3205.8778081947503,0.8571428571428571,-11052.712314750002,-11052.71231475,4.854701254412104,108.16143439085714,0.0003332222592469177,1,0.04613987431504737,23.56507936507946,50,0.07464178607130957,false
"ATM_UP_NEXT1_K3M4",37,207258.00334261512,5601.567657908517,3004.0634622575008,0.8108108108108109,-662.2402957750019,-662.240295775,6.8518486522767885,83.33099074013514,12,38608.68391475989,3217.3903262299905,2492.1981435387497,0.5833333333333334,-6943.94701729,-5882.575487452501,3.8462910119482507,77.92217376999999,14,92481.5562803231,6605.825448594507,7034.663256643548,0.8571428571428571,-9521.639150506002,-9521.639150506002,6.64429667521151,111.5495514055,0.0003332222592469177,1,0.11716271062700373,23.56507936507946,50,0.07464178607130957,false
"ATM_UP_NEXT2_K3M0.5",37,-50543.54237725979,-1366.0416858718863,-1321.127562475,0.21621621621621623,-81513.09523678984,-35588.330020725,-1.01278911026257,74.92682100702702,12,-16747.604769227666,-1395.633730768972,-1781.6107833587503,0.25,-20600.86305263011,-12382.174984965,-1.5990352488661448,64.38373076895833,14,-23053.44789687228,-1646.6748497765914,-2031.6501093007491,0.2857142857142857,-28451.342596746286,-13613.8372894505,-1.9440169618046386,80.85342120517855,0.7984005331556148,1,0.06566637820131851,23.56507936507946,100,1,false
"ATM_UP_NEXT2_K3M1",37,68186.4612539901,1842.8773311889215,-332.0073887574999,0.4594594594594595,-9542.286168749999,-9542.286168749999,2.6329441526626107,76.31185800027028,12,-3322.134692650167,-276.84455772084726,-1168.1764805725547,0.3333333333333333,-15696.01877488261,-9941.3257863225,-0.3441140388072759,65.28205772083334,14,-2225.9483365798933,-158.99630975570668,-115.34843385999956,0.42857142857142855,-15872.442418008906,-12231.9626878235,-0.21063275115735436,82.96059547000002,0.01299566811062979,1,0.06625902984937374,23.56507936507946,100,1,false
"ATM_UP_NEXT2_K3M1.5",37,97910.56360847273,2646.2314488776415,549.396838025,0.5945945945945946,-5424.815764049999,-5424.81576405,4.175525536499079,79.41044301425676,12,10947.924104067388,912.3270086722823,-597.9021938050546,0.4166666666666667,-8686.0008768525,-5568.443298052499,1.3996673378877267,70.17299132770835,14,33036.8777968556,2359.776985489686,1171.229578580499,0.7857142857142857,-10571.1487349995,-10571.1487349995,2.945580872725369,96.63372879603571,0.0003332222592469177,1,0.08213791619901482,23.56507936507946,100,0.07464178607130957,false
"ATM_UP_NEXT2_K3M2",37,127093.65637028766,3434.9636856834504,1364.148981649944,0.6756756756756757,-2228.1687531750504,-1398.9604095175,5.142594486345881,79.0903683706081,12,15932.80219459989,1327.7335162166576,-597.9021938050546,0.4166666666666667,-8686.0008768525,-5568.443298052499,1.7725047706737689,70.07898378333334,14,47237.931427086696,3374.137959077621,1638.7601396527507,0.7857142857142857,-9040.075570755502,-9040.075570755502,3.9220161398264772,96.73704092239288,0.0003332222592469177,1,0.18020294715577526,23.56507936507946,100,0.07464178607130957,false
"ATM_UP_NEXT2_K3M2.5",37,134552.73029501768,3636.5602782437213,1837.8279658249992,0.6756756756756757,-2228.168753175054,-1398.9604095175,5.0432075603876285,79.38566770222972,12,18584.34075194739,1548.6950626622827,-597.9021938050546,0.4166666666666667,-8686.0008768525,-5568.443298052499,1.8976657224842377,70.05493733770834,14,65865.90142309372,4704.707244506694,2540.7814533495,0.7857142857142857,-7041.848617123498,-7041.848617123501,4.945501107014946,101.91775549332144,0.0003332222592469177,1,0.286585539233317,23.56507936507946,100,0.07464178607130957,false
"ATM_UP_NEXT2_K3M3",37,138685.6767373852,3748.261533442843,1837.8279658249992,0.6756756756756757,-2228.168753175054,-1398.9604095175,4.823395016613437,79.47495304364864,12,18584.34075194739,1548.6950626622827,-597.9021938050546,0.4166666666666667,-8686.0008768525,-5568.443298052499,1.8976657224842377,70.05493733770834,14,81018.2907014967,5787.0207643926215,3666.9409102427508,0.7857142857142857,-5688.364164758001,-5688.364164757997,5.253134895318673,103.24709275025002,0.0003332222592469177,1,0.37161567113300603,23.56507936507946,100,0.07464178607130957,false
"ATM_UP_NEXT2_K3M4",37,143309.5064040502,3873.2299028121674,1837.8279658249992,0.6756756756756757,-2228.168753175054,-1398.9604095175,4.568374401348239,79.57415124189188,12,18584.34075194739,1548.6950626622827,-597.9021938050546,0.4166666666666667,-8686.0008768525,-5568.443298052499,1.8976657224842377,70.05493733770834,14,94244.95893584122,6731.782781131516,3666.9409102427508,0.7857142857142857,-4254.049736574998,-4254.049736574998,5.340067530038407,104.00293315421428,0.0003332222592469177,1,0.5092123663236018,23.56507936507946,100,0.07464178607130957,false
"ATM_UP_NEXT3_K3M0.5",37,-54088.38090289229,-1461.8481325106025,-1736.78175625,0.1891891891891892,-76288.03033615234,-30536.19788484,-1.2312937110732534,75.15894332141892,12,-12338.156198102664,-1028.179683175222,-2361.84573071125,0.25,-19634.77328173261,-9434.1093923175,-1.290106582567402,62.55468317520833,14,-17997.885218464893,-1285.5632298903495,-2643.5060196417494,0.35714285714285715,-27710.75010329991,-12610.491974192502,-1.4941464380926726,77.31322989035714,0.8553815394868377,1,0.059980099070730805,23.56507936507946,150,1,false
"ATM_UP_NEXT3_K3M1",37,45325.33144575772,1225.008957993452,-556.6456965775002,0.43243243243243246,-5269.485626024998,-4802.644374225001,1.873461128249764,78.26806903358107,12,4.970170444838914,0.4141808704032428,-1891.1314926400005,0.3333333333333333,-13861.341455525107,-6802.458525637499,0.0005479218377964356,63.64831912958334,14,15289.339407760617,1092.0956719829012,947.9745662468051,0.5,-10894.8637394375,-10151.694298351502,1.4497436767628658,87.99361373139287,0.07030989670109963,1,0.14989665505821095,23.56507936507946,150,1,false
"ATM_UP_NEXT3_K3M1.5",37,62309.00823672772,1684.0272496412897,-528.5708822925008,0.4594594594594595,-5269.485626024998,-4802.644374225001,2.42633444164322,78.77680441277026,12,3395.9541243223393,282.99617702686163,-1891.1314926400005,0.3333333333333333,-13861.341455525107,-6802.458525637499,0.3521923219660435,69.816322973125,14,36683.78724907421,2620.2705177910148,1955.876695773305,0.6428571428571429,-7679.902478152502,-7679.902478152502,3.3760623030849666,96.37233935185714,0.01766077974008664,1,0.31664490514294,23.56507936507946,150,1,false
"ATM_UP_NEXT3_K3M2",37,70346.4178457402,1901.2545363713568,-528.5708822925008,0.4594594594594595,-5269.485626024998,-4802.644374225001,2.4484989496930543,78.94816633135135,12,3395.9541243223393,282.99617702686163,-1891.1314926400005,0.3333333333333333,-13861.341455525107,-6802.458525637499,0.3521923219660435,69.816322973125,14,51501.08116030571,3678.6486543075507,3495.2898263462516,0.6428571428571429,-5268.90972811,-5268.90972811,4.339535212780141,96.79777426389286,0.021992669110296566,1,0.4452911463985196,23.56507936507946,150,1,false
"ATM_UP_NEXT3_K3M2.5",37,70346.4178457402,1901.2545363713568,-528.5708822925008,0.4594594594594595,-5269.485626024998,-4802.644374225001,2.4484989496930543,78.94816633135135,12,3395.9541243223393,282.99617702686163,-1891.1314926400005,0.3333333333333333,-13861.341455525107,-6802.458525637499,0.3521923219660435,69.816322973125,14,60676.912485290704,4334.065177520764,4113.535400146002,0.6428571428571429,-5268.90972811,-5268.90972811,4.398593392050323,97.41696533639286,0.021992669110296566,1,0.5449036805829265,23.56507936507946,150,1,false
"ATM_UP_NEXT3_K3M3",37,70346.4178457402,1901.2545363713568,-528.5708822925008,0.4594594594594595,-5269.485626024998,-4802.644374225001,2.4484989496930543,78.94816633135135,12,3395.9541243223393,282.99617702686163,-1891.1314926400005,0.3333333333333333,-13861.341455525107,-6802.458525637499,0.3521923219660435,69.816322973125,14,63671.49740186071,4547.964100132908,4113.535400146002,0.6428571428571429,-5268.90972811,-5268.90972811,4.320366187879067,97.55375700996429,0.021992669110296566,1,0.6185231019956444,23.56507936507946,150,1,false
"ATM_UP_NEXT3_K3M4",37,70346.4178457402,1901.2545363713568,-528.5708822925008,0.4594594594594595,-5269.485626024998,-4802.644374225001,2.4484989496930543,78.94816633135135,12,3395.9541243223393,282.99617702686163,-1891.1314926400005,0.3333333333333333,-13861.341455525107,-6802.458525637499,0.3521923219660435,69.816322973125,14,63671.49740186071,4547.964100132908,4113.535400146002,0.6428571428571429,-5268.90972811,-5268.90972811,4.320366187879067,97.55375700996429,0.021992669110296566,1,0.7138923264967333,23.56507936507946,150,1,false
"ATM_UP_MIRROR_GAP_K3M0.5",21,-101962.01595819491,-4855.334093247377,-2741.5519121474963,0.19047619047619047,-111418.2952387949,-41360.49832528501,-2.539570495976246,92.11980753309524,7,-27923.948744090107,-3989.1355348700154,-2346.7257956575,0.14285714285714285,-27209.496942077607,-16388.294838397498,-3.2958431438636033,76.27839201285714,13,-28391.02157554038,-2183.9247365800293,-1506.439919305999,0.23076923076923078,-23220.56983619249,-14935.5438988815,-2.393925848554104,86.48242888773078,0.9703432189270244,0.6507936507936508,0.0695580048767858,23.714634146341623,50,1,false
"ATM_UP_MIRROR_GAP_K3M1",21,41514.57815664505,1976.884674125955,-57.951331075000205,0.47619047619047616,-19184.57973109994,-12800.945918549998,1.815305556337881,92.57961158833334,7,-20642.57918493511,-2948.9398835621587,-1618.647277539999,0.2857142857142857,-20972.89125385011,-14930.486614485002,-2.5034326665447635,77.51131213357144,13,-13082.297809453887,-1006.3306007272221,-652.2640447149988,0.3076923076923077,-18574.896976866497,-14095.400869201001,-1.1358305773443322,85.98444688107692,0.13128957014328557,0.6507936507936508,0.06363800576635628,23.714634146341623,50,1,false
"ATM_UP_MIRROR_GAP_K3M1.5",21,85422.26158826746,4067.7267422984505,3712.607009572501,0.7142857142857143,-12156.745116599996,-12156.745116599996,4.261685061666627,93.88040055869048,7,-13430.437196457606,-1918.6338852082295,-246.87969058749883,0.2857142857142857,-14723.130322105106,-13771.7512981425,-1.6702536601121327,78.45531377964286,13,-2128.2991129399998,-163.71531638,399.2402382830004,0.6153846153846154,-13959.833441319504,-13141.711956388002,-0.19159024293747262,87.23454714923079,0.000999666777740753,0.6507936507936508,0.0635824151900579,23.714634146341623,50,0.12395868043985338,false
"ATM_UP_MIRROR_GAP_K3M2",21,103798.01935858246,4942.762826599164,6225.6285777075,0.8095238095238095,-10885.846877624997,-10885.846877624997,5.707429144876289,94.73717340083333,7,-3274.380074457611,-467.768582065373,806.2891839874997,0.7142857142857143,-9980.21665368,-9980.21665368,-0.4501073785364452,79.3757249225,13,9300.8949222465,715.453455557423,1080.4409469194995,0.7692307692307693,-12239.932736007,-12239.932736007,0.8735108689681155,88.85423675026924,0.0003332222592469177,0.6507936507936508,0.06888997949661282,23.714634146341623,50,0.07464178607130957,false
"ATM_UP_MIRROR_GAP_K3M2.5",21,119899.67248646254,5709.508213641074,7091.6600942749965,0.9047619047619048,-8597.695459724999,-8597.695459724999,6.851506493500108,99.24178635892856,7,6974.027692144997,996.2896703064281,1534.3677021049982,0.7142857142857143,-9980.21665368,-9980.21665368,0.9610342811505361,89.60318683642858,13,33765.4471372025,2597.3420874771155,2378.972821423,0.7692307692307693,-11694.976515471002,-11694.976515471002,2.7992606632817236,103.50406636903844,0.0003332222592469177,0.6507936507936508,0.06483230123614742,23.714634146341623,50,0.07464178607130957,false
"ATM_UP_MIRROR_GAP_K3M3",21,144646.84554804006,6887.945026097145,4480.273649075,0.9523809523809523,-6280.035541574998,-6280.035541575,8.147537010253291,100.26925961714286,7,12519.4299357875,1788.4899908267857,2120.6695377350006,0.7142857142857143,-7918.599585689998,-7918.599585689998,1.8433974703753113,90.79572345892858,13,59990.99773096799,4614.692133151384,2962.7634288294994,0.8461538461538461,-11052.712314750002,-11052.71231475,4.755047187697593,108.32709761784614,0.0003332222592469177,0.6507936507936508,0.04613987431504737,23.714634146341623,50,0.07464178607130957,false
"ATM_UP_MIRROR_GAP_K3M4",21,185419.0357164,8829.477891257142,10993.116762900003,1,0,2110.230094294998,11.404571310462787,102.84353731428573,7,38281.152298024994,5468.736042574999,3617.623229832501,0.8571428571428571,-5882.575487452501,-5882.575487452501,5.537157114334391,95.72824313928572,13,89032.5640927631,6848.658776366393,9386.509782022596,0.8461538461538461,-9521.639150506002,-9521.639150506002,6.672097939070671,111.97583901823077,0.0003332222592469177,0.6507936507936508,0.11716271062700373,23.714634146341623,50,0.07464178607130957,false
"ITM1_NEXT1_K3M0.5",37,-181900.98732798966,-4916.242900756477,-1230.001010874999,0.32432432432432434,-194103.71116451465,-77805.40546284,-2.0378257531948116,82.39154940513514,12,-38047.59602382277,-3170.6330019852307,-785.244275398777,0.4166666666666667,-38100.61276744527,-23298.3330875775,-2.428837129124481,71.57050198520834,14,-58715.00882305839,-4193.929201647028,-1722.6371142470007,0.21428571428571427,-41433.565844351295,-21278.118207075004,-3.2730428490569365,88.1256302184643,0.9566811062979007,1,0.05962227266585212,26.43492063492054,50,1,false
"ITM1_NEXT1_K3M1",37,61119.19127972288,1651.8700345871048,15.715897475000105,0.5135135135135135,-17233.722188449887,-17067.98692245,1.8536904606115754,82.65699243993244,12,-30012.06119272777,-2501.005099393981,-404.95315635625,0.4166666666666667,-31109.841807277768,-21776.6843109975,-2.0220995245944504,72.56759939395833,14,-17875.790563365896,-1276.842183097564,-623.4432251290004,0.2857142857142857,-29658.1930046633,-17058.611702595,-1.1964038479197046,88.66361166899999,0.032322559146951015,1,0.06074552539596502,26.43492063492054,50,1,false
"ITM1_NEXT1_K3M1.5",37,79225.89459577776,2141.24039448048,1213.101624574945,0.6486486486486487,-16404.999536925003,-16404.999536925003,2.7779308977478974,85.55014606006758,12,-19059.128926090278,-1588.2607438408565,-404.95315635625,0.4166666666666667,-21447.2491274075,-18922.700073045,-1.3839954442259144,73.26074384083334,14,-2702.3741258734967,-193.02672327667833,366.40108042825005,0.7142857142857143,-24323.4339652029,-15851.589522991999,-0.18636942444342045,94.59815184810714,0.0006664445184938354,1,0.05447237271495479,26.43492063492054,50,0.08597134288570477,false
"ITM1_NEXT1_K3M2",37,127433.50397501266,3444.148756081423,2512.2842785999455,0.7297297297297297,-15945.217315650001,-15945.217315650001,4.314386855463324,85.31070337804054,12,-8474.60599608016,-706.2171663400133,-327.84004406499946,0.4166666666666667,-18572.33403695,-16916.5492050075,-0.649777138832165,80.27966634,14,16384.50480261001,1170.3217716150007,1400.0557536839988,0.7857142857142857,-14949.810302610998,-14949.810302610998,1.1155034630715992,101.91037124214286,0.0003332222592469177,1,0.05588296068883651,26.43492063492054,50,0.07464178607130957,false
"ITM1_NEXT1_K3M2.5",37,163182.33642440525,4410.333416875817,3063.348651124946,0.7567567567567568,-13589.897211600004,-13589.897211600002,5.189613149172199,88.04496150256757,12,7055.642127589779,587.9701772991483,571.7438263399732,0.5833333333333334,-15304.460799274997,-14715.907878495,0.6874270495004373,78.27982270083334,14,34596.729221715505,2471.19494440825,2126.57399571475,0.7857142857142857,-13762.589881353999,-13762.589881353999,2.3449974923505756,108.87648416317859,0.0003332222592469177,1,0.051285589556038486,26.43492063492054,50,0.07464178607130957,false
"ITM1_NEXT1_K3M3",37,203749.67764458773,5506.748044448317,4246.907477824945,0.7837837837837838,-11692.64473755,-11692.64473755,6.2056162180016745,91.69790149763514,12,30508.18479054734,2542.3487325456117,1974.6866381336959,0.6666666666666666,-11378.272780575,-11378.272780575,2.8665453446634888,83.901267454375,14,65819.95127120109,4701.425090800078,4069.5755976987493,0.8571428571428571,-13029.490885127001,-13029.490885127,4.4485945539485225,114.94990919992858,0.0003332222592469177,1,0.056396556065587786,26.43492063492054,50,0.07464178607130957,false
"ITM1_NEXT1_K3M4",37,263119.5792083553,7111.339978604196,4548.8468898500005,0.8378378378378378,-1174.7640942625003,-1174.7640942625005,7.491438756305426,93.62623761202704,12,52087.842988594726,4340.653582382894,2321.8722290374453,0.6666666666666666,-1589.5336500026096,-1589.5336500026096,4.84272098890896,82.15891761708333,14,109798.1596578906,7842.725689849329,10778.418233469047,0.8571428571428571,-11290.798061155001,-11290.798061154997,6.876932569665181,124.48859586496428,0.0003332222592469177,1,0.07016214804213282,26.43492063492054,50,0.07464178607130957,false
"ITM1_NEXT2_K3M0.5",37,-29455.096172379643,-796.083680334585,-1292.7993486999997,0.3783783783783784,-59699.147978557296,-41545.22873237251,-0.5779350500094079,81.75935601027027,12,-27509.586840820273,-2292.465570068356,-1823.6544819925273,0.4166666666666667,-29466.44286357027,-19025.373777067503,-1.9716624558232516,68.71557006833332,14,-30918.288635830282,-2208.4491882735915,-2236.3015839745003,0.35714285714285715,-38199.6202371278,-16866.561831645,-2.059847571165401,83.44918827360713,0.7187604131956015,1,0.06676272925409693,26.43492063492054,100,1,false
"ITM1_NEXT2_K3M1",37,56129.35673802787,1517.0096415683208,1795.6359983300533,0.5405405405405406,-13978.484589975,-13978.484589975,2.1457959391573866,82.01062870195946,12,-1875.295318827716,-156.27460990230966,-1135.3984005662774,0.4166666666666667,-19059.52013736755,-13767.237190357499,-0.18511469391145877,67.52460990229167,14,-3941.9808696803866,-281.5700621200276,-269.62417942225,0.42857142857142855,-21355.5157120079,-14503.696907714997,-0.29868087011337197,88.48077640575002,0.00866377874041986,1,0.0478221261933065,26.43492063492054,100,0.9356881039653449,false
"ITM1_NEXT2_K3M1.5",37,119220.83395643286,3222.1847015252124,3102.833865575109,0.6486486486486487,-9571.830332100002,-9571.830332100002,4.32188552583371,83.89637955587838,12,17405.86391219466,1450.488659349555,342.48027348125004,0.5,-4924.836283660165,-2824.8969396774996,2.4841792013852135,72.63634065041667,14,25632.617569888607,1830.9012549920433,1137.2496066259987,0.7857142857142857,-12583.377490231,-12583.377490231,1.982816040164359,102.72374500796431,0.0003332222592469177,1,0.06306555517195674,26.43492063492054,100,0.07464178607130957,false
"ITM1_NEXT2_K3M2",37,164669.08407729783,4450.515785872914,3907.377129574998,0.7297297297297297,-2556.4713954100007,-2556.4713954100002,5.9635369710737365,85.76799791087838,12,22398.02394062467,1866.5019950520557,342.48027348125004,0.5,-4924.836283660165,-2824.8969396774996,2.9354307743942267,72.87300494791667,14,59859.06971739321,4275.6478369566585,2943.30557418275,0.8571428571428571,-8472.003880247497,-6579.321723007498,5.4133918600476,106.38787732907143,0.0003332222592469177,1,0.14242304152618912,26.43492063492054,100,0.07464178607130957,false
"ITM1_NEXT2_K3M2.5",37,171020.46310023035,4622.174678384604,3907.377129574998,0.7297297297297297,-2556.4713954100007,-2556.4713954100002,5.9615779061538525,86.2036999937838,12,28519.840051037165,2376.6533375864306,342.48027348125004,0.5,-4924.836283660165,-2824.8969396774996,2.9370120796109074,73.03416241354167,14,68839.89759582611,4917.135542559008,3372.8955390582505,0.7857142857142857,-9787.176368581997,-9787.176368581999,4.283744674401121,110.489457441,0.0003332222592469177,1,0.23743221447618332,26.43492063492054,100,0.07464178607130957,false
"ITM1_NEXT2_K3M3",37,179777.23920926283,4858.844302953049,3907.377129574998,0.7297297297297297,-2556.4713954100007,-2556.4713954100002,5.477154876775045,86.39218353344596,12,28519.840051037165,2376.6533375864306,342.48027348125004,0.5,-4924.836283660165,-2824.8969396774996,2.9370120796109074,73.03416241354167,14,99757.32321068109,7125.523086477221,5963.746032253499,0.8571428571428571,-8472.003880247497,-6579.321723007498,6.124853187606308,113.49477066564285,0.0003332222592469177,1,0.3261528399762782,26.43492063492054,100,0.07464178607130957,false
"ITM1_NEXT2_K3M4",37,184614.51525816033,4989.581493463793,3907.377129574998,0.7297297297297297,-2556.4713954100007,-2556.4713954100002,5.191291585328764,86.49958761729731,12,28519.840051037165,2376.6533375864306,342.48027348125004,0.5,-4924.836283660165,-2824.8969396774996,2.9370120796109074,73.03416241354167,14,117728.6727414456,8409.190910103256,7372.242510096497,0.8571428571428571,-8472.003880247497,-6579.321723007498,6.123653117859705,114.2733756110357,0.0006664445184938354,1,0.4689079164240521,26.43492063492054,100,0.08597134288570477,false
"ITM1_NEXT3_K3M0.5",37,-39832.11525152462,-1076.5436554466114,-2121.1168165749455,0.35135135135135137,-61827.745226797284,-37448.7769572975,-0.8769532736986204,80.15852031148647,12,-18346.032681335215,-1528.8360567779346,-2681.218864888776,0.4166666666666667,-23930.588596797556,-14165.9518031925,-1.3849779944254088,70.39855677791667,14,-23289.985140839894,-1663.5703672028496,-2983.03849920075,0.35714285714285715,-34578.21163910641,-14923.912548345497,-1.64389689340842,83.10608148857143,0.7920693102299233,1,0.061944040766078526,26.43492063492054,150,1,false
"ITM1_NEXT3_K3M1",37,60019.83986459789,1622.1578341783213,1198.7425987476086,0.5675675675675675,-9084.688412625002,-9084.688412625002,2.1805784248327864,79.93676041628378,12,12032.56232773223,1002.7135273110192,-1554.0122865475278,0.4166666666666667,-9516.363619150163,-4118.65031463,1.3910902169265378,71.66147268895833,14,12231.091750681611,873.6494107629723,839.1015928698026,0.5,-13578.4866646285,-12834.912906707497,0.9641343112786943,93.18987495132144,0.020993002332555816,1,0.0981291859845727,26.43492063492054,150,1,false
"ITM1_NEXT3_K3M1.5",37,73373.26569813784,1983.0612350848064,1198.7425987476086,0.5675675675675675,-6684.852400575,-6684.852400575,2.7742732316559713,82.88471086114865,12,17493.244403367225,1457.7703669472687,-1554.0122865475278,0.4166666666666667,-9516.363619150163,-4118.65031463,1.8312039131431401,71.60463305270834,14,35897.962647995715,2564.140189142551,2167.5419645413044,0.6428571428571429,-10363.121086508496,-10363.121086508496,2.7271564991301336,101.98481085746428,0.0036654448517160947,1,0.2676028496906194,26.43492063492054,150,0.4288570476507831,false
"ITM1_NEXT3_K3M2",37,82515.19753953784,2230.1404740415633,1200.153457145001,0.5945945945945946,-6684.852400575,-6684.852400575,2.8564739660176435,83.1027692016892,12,17493.244403367225,1457.7703669472687,-1554.0122865475278,0.4166666666666667,-9516.363619150163,-4118.65031463,1.8312039131431401,71.60463305270834,14,60312.12001244471,4308.00857231748,3552.8836063862495,0.6428571428571429,-8176.621170815498,-8157.279250648496,4.030272179457274,107.54499911110713,0.003332222592469177,1,0.40153353672352016,26.43492063492054,150,0.3932022659113629,false
"ITM1_NEXT3_K3M2.5",37,88216.26763286284,2384.2234495368334,1200.153457145001,0.5945945945945946,-6684.852400575,-6684.852400575,2.8048824338781544,83.27655046317567,12,17493.244403367225,1457.7703669472687,-1554.0122865475278,0.4166666666666667,-9516.363619150163,-4118.65031463,1.8312039131431401,71.60463305270834,14,71108.19679013873,5079.156913581338,4218.187242233749,0.6428571428571429,-8176.621170815498,-7587.032311687498,4.361148411149148,108.03951499010714,0.006664445184938354,1,0.505677949010528,26.43492063492054,150,0.7597467510829724,false
"ITM1_NEXT3_K3M3",37,88216.26763286284,2384.2234495368334,1200.153457145001,0.5945945945945946,-6684.852400575,-6684.852400575,2.8048824338781544,83.27655046317567,12,17493.244403367225,1457.7703669472687,-1554.0122865475278,0.4166666666666667,-9516.363619150163,-4118.65031463,1.8312039131431401,71.60463305270834,14,74436.46460687622,5316.890329062588,4218.187242233749,0.6428571428571429,-8176.621170815498,-7587.032311687498,4.315397763450733,108.25252808028571,0.006664445184938354,1,0.5847297874150986,26.43492063492054,150,0.7597467510829724,false
"ITM1_NEXT3_K3M4",37,88216.26763286284,2384.2234495368334,1200.153457145001,0.5945945945945946,-6684.852400575,-6684.852400575,2.8048824338781544,83.27655046317567,12,17493.244403367225,1457.7703669472687,-1554.0122865475278,0.4166666666666667,-9516.363619150163,-4118.65031463,1.8312039131431401,71.60463305270834,14,74436.46460687622,5316.890329062588,4218.187242233749,0.6428571428571429,-8176.621170815498,-7587.032311687498,4.315397763450733,108.25252808028571,0.006664445184938354,1,0.688547340561324,26.43492063492054,150,0.7597467510829724,false
"ITM1_MIRROR_GAP_K3M0.5",21,-193953.50330667247,-9235.881109841546,-2906.919535584944,0.2857142857142857,-207279.12480052246,-77805.40546284,-3.005508156684235,99.63110984154761,7,-38639.2158131451,-5519.887973306443,-3232.533083334999,0.42857142857142855,-38692.2325567676,-23298.3330875775,-3.309812484760863,82.38797330642856,13,-37436.890615983386,-2879.7608166141067,-1649.8524174894987,0.23076923076923078,-27069.9417908025,-19882.3930102125,-2.5503859609507216,87.35697046026922,0.9810063312229257,0.6507936507936508,0.05962227266585212,26.285365853658377,50,1,false
"ITM1_MIRROR_GAP_K3M1",21,40644.87970820256,1935.4704622953602,2426.424947300055,0.5714285714285714,-24464.239631449942,-17067.98692245,1.6844290259319148,99.35096627607143,7,-30755.63063619511,-4393.661519456445,-2225.2159461325,0.42857142857142855,-31853.41125074511,-21776.6843109975,-2.7291645970152905,83.3043765992857,13,-22630.363636815888,-1740.7972028319914,-655.9244469800003,0.23076923076923078,-21551.2171617485,-17058.611702595,-1.608597632510016,86.79720283200001,0.12095968010663112,0.6507936507936508,0.06074552539596502,26.285365853658377,50,1,false
"ITM1_MIRROR_GAP_K3M1.5",21,56801.72428442255,2704.844013543931,3815.982936875056,0.7142857142857143,-20271.119138074948,-16404.999536925003,2.7476289781154404,101.76312931321428,7,-19802.698369557613,-2828.956909936802,-1395.505065332499,0.42857142857142855,-21862.860040840114,-18922.700073045,-1.8606635543909966,84.4926242225,13,-7456.947199323496,-573.6113230248843,165.21237307550155,0.6923076923076923,-17641.9397225625,-15851.589522991999,-0.5420444798974587,93.18824610180769,0.016661112962345886,0.6507936507936508,0.05447237271495479,26.285365853658377,50,1,false
"ITM1_MIRROR_GAP_K3M2",21,99959.38195773493,4759.970569415949,6873.505066274996,0.8095238095238095,-15945.217315650001,-15945.217315650001,4.877670600876543,101.10085915547619,7,-9218.1754395475,-1316.8822056496429,-386.5813202349991,0.42857142857142855,-17443.290047920003,-16916.5492050075,-0.9032360619429132,96.52506279250001,13,11629.931729160005,894.6101330123081,1239.4343411999985,0.7692307692307693,-14949.810302610998,-14949.810302610998,0.8269780470982242,101.06294391076923,0.0003332222592469177,0.6507936507936508,0.05588296068883651,26.285365853658377,50,0.07464178607130957,false
"ITM1_MIRROR_GAP_K3M2.5",21,131024.64949098758,6239.2690233803605,5932.156155500055,0.8571428571428571,-13589.8972116,-13589.897211600002,6.315756766273914,105.73097661964286,7,6312.072684122444,901.7246691603492,927.7990335125018,0.7142857142857143,-14715.907878495,-14715.907878495,0.7860457457250469,93.09675941107142,13,29842.15614826551,2295.5504729435006,2062.8664088985006,0.7692307692307693,-13762.589881353999,-13762.589881353999,2.1007356002970883,108.56491167188463,0.0003332222592469177,0.6507936507936508,0.051285589556038486,26.285365853658377,50,0.07464178607130957,false
"ITM1_MIRROR_GAP_K3M3",21,171591.99071117,8171.047176722381,10751.992139977501,0.9047619047619048,-11692.64473755,-11692.64473755,8.527931221268439,112.16710899190478,7,29764.61534708,4252.087906725715,5529.84104645,0.8571428571428571,-11378.272780575,-11378.272780575,3.7809176411931213,102.73352184571431,13,61065.3781977511,4697.336784442393,3384.5781219474998,0.8461538461538461,-13029.490885127001,-13029.490885127,4.2703633159854,115.10552324992305,0.0003332222592469177,0.6507936507936508,0.056396556065587786,26.285365853658377,50,0.07464178607130957,false
"ITM1_MIRROR_GAP_K3M4",21,230961.89227493753,10998.185346425596,12539.43382635,1,0,526.6087949749983,12.711074331331979,115.56465357440476,7,51344.273545127384,7334.896220732483,6167.437035192498,0.8571428571428571,-1589.5336500026096,-1589.5336500026096,7.446634273771194,99.74663641035716,13,105043.58658444059,8080.275891110815,10952.2377633205,0.8461538461538461,-11290.798061155001,-11290.798061154997,6.847379046992838,125.37795504303845,0.0003332222592469177,0.6507936507936508,0.07016214804213282,26.285365853658377,50,0.07464178607130957,false
"ITM2_NEXT1_K3M0.5",36,-167157.41334168703,-4643.261481713529,-1764.7665177887502,0.3888888888888889,-165516.911857887,-54257.928327015,-2.405845288362081,94.82398171354167,12,-53982.87792660526,-4498.573160550438,-683.2718946399996,0.5,-54855.24141418776,-30202.0115184975,-2.6815056129430435,82.01066055041667,14,-56365.15795540338,-4026.0827111002413,-1531.2378036152506,0.2857142857142857,-66081.57283568129,-34266.5886149815,-2.4165827214370115,100.9934253859643,0.9720093302232589,0.9841269841269841,0.06179063094054763,76.68870967741925,50,1,false
"ITM2_NEXT1_K3M1",36,-9210.478845614505,-255.84663460040292,1548.6654282137204,0.5277777777777778,-29642.991170574845,-23821.75855485,-0.2518643826459906,96.88830126708332,12,-31739.099837870155,-2644.9249864891794,902.5972786137504,0.5833333333333334,-33461.504181010154,-27689.829042187495,-1.64495611495008,85.86248648916666,14,-24697.64075443289,-1764.1171967452065,-338.5418474232491,0.35714285714285715,-40171.93246318629,-24187.151876235,-1.3337773069242747,100.15291103092855,0.631456181272909,0.9841269841269841,0.054824982680684656,76.68870967741925,50,1,false
"ITM2_NEXT1_K3M1.5",36,51689.485500745366,1435.8190416873713,2428.2562005125,0.7222222222222222,-22866.532796775,-22866.532796775,1.7479021638973238,95.63929164597221,12,-22104.834053975163,-1842.0695044979302,1244.777339194973,0.5833333333333334,-28808.940678537503,-26043.399366735,-1.2016318647235469,90.81950449791667,14,-11113.890959934099,-793.8493542810071,663.6006612687496,0.7142857142857143,-34047.308196583006,-22645.9061658825,-0.6143573706452652,99.79578285242857,0.04065311562812396,0.9841269841269841,0.06910625511194063,76.68870967741925,50,1,false
"ITM2_NEXT1_K3M2",36,123165.84637384539,3421.273510384594,3471.8520657537774,0.8611111111111112,-18926.305325100002,-18926.305325100002,4.194411088763974,95.39315628208334,12,-12694.42861564255,-1057.8690513035458,1244.777339194973,0.5833333333333334,-25619.142773885007,-23920.833373245,-0.7217088111083092,91.93155130354167,14,6828.524010764406,487.7517150546004,1540.5352508972503,0.6428571428571429,-26495.334960487507,-20151.40329669,0.3802890344052073,108.78399923110715,0.0003332222592469177,0.9841269841269841,0.06834876489069414,76.68870967741925,50,0.07464178607130957,false
"ITM2_NEXT1_K3M2.5",36,163885.49830344028,4552.3749528733415,3788.633713625001,0.8611111111111112,-15854.823248325001,-15854.823248325001,5.527133381423822,97.20838045999999,12,10871.246253037392,905.9371877531161,1569.879914772473,0.75,-21995.2872974675,-21626.336944065,0.8103942367389952,89.687812246875,14,46236.02193708849,3302.5729955063207,4659.0267701295,0.8571428571428571,-17969.135327025,-17969.135327025,2.464576772474199,121.03414735082144,0.0003332222592469177,0.9841269841269841,0.062140475623988216,76.68870967741925,50,0.07464178607130957,false
"ITM2_NEXT1_K3M3",36,229196.01746368784,6366.556040657995,3788.633713625001,0.8888888888888888,-1607.0800373425009,-1607.0800373425,7.946274369963962,100.31895934201388,12,30517.69261852745,2543.1410515439543,2508.971091128723,0.8333333333333334,-18713.890894145003,-18344.9405407425,2.3099630626494307,95.29644845604166,14,64558.57595180108,4611.326853700078,4860.471629387998,0.8571428571428571,-16240.64622422,-16240.64622422,3.4897021847327734,121.44100344278571,0.0003332222592469177,0.9841269841269841,0.05020068044989604,76.68870967741925,50,0.07464178607130957,false
"ITM2_NEXT1_K3M4",36,298162.98082349787,8282.305022874942,5222.652987837499,0.9444444444444444,-1607.0800373425009,-1607.0800373425,7.944490430125901,103.31997712506944,12,65566.11011465994,5463.842509554995,3237.894205489998,0.8333333333333334,-816.775250425002,-816.7752504250009,5.849204720843306,94.59499044500001,14,126871.5228891849,9062.251634941778,11126.879409288253,0.8571428571428571,-14501.953400248007,-14501.953400248001,7.007573301193476,130.89122220107146,0.0003332222592469177,0.9841269841269841,0.05169762347103694,76.68870967741925,50,0.07464178607130957,false
"ITM2_NEXT2_K3M0.5",36,-81371.52013353206,-2260.320003709224,-1342.1912139412507,0.3055555555555556,-91537.41710388206,-49295.6658426075,-1.5146488486972687,90.3200037092361,12,-40907.16755109526,-3408.9306292579386,-1143.0046336599994,0.5,-43515.18975652777,-25324.69457148,-2.237246353962787,78.61812925791666,14,-39728.63652853689,-2837.7597520383492,-2594.3904983362513,0.35714285714285715,-47613.49312983781,-21277.322793885,-2.2423763949053406,94.22403775264284,0.9016994335221593,0.9841269841269841,0.06051104676011344,76.68870967741925,100,1,false
"ITM2_NEXT2_K3M1",36,46422.68885178294,1289.5191347717484,1124.805002192552,0.6388888888888888,-21856.787971449994,-19359.393671025,1.5958850672937215,92.56419856159722,12,-13756.218549715213,-1146.351545809601,-1067.7253764649981,0.4166666666666667,-28092.816771050002,-21690.9678344325,-1.0462120386114486,79.16404580958333,14,-14800.270029145999,-1057.162144939,-232.9483145049987,0.42857142857142855,-34960.40163817641,-18334.1778218025,-0.9014547130458347,99.75143065328572,0.11896034655114962,0.9841269841269841,0.06519624125823574,76.68870967741925,100,1,false
"ITM2_NEXT2_K3M1.5",36,108554.10958263795,3015.391932851054,3343.436075375028,0.6944444444444444,-14176.040021175002,-13853.502009975002,3.808418998420247,92.837233815625,12,3668.7097487372816,305.72581239477347,497.67448189249984,0.5833333333333334,-20601.1270405475,-16595.86906233,0.3346788300076224,81.14918760520833,14,-5084.648300883897,-363.1891643488498,1466.0229091524993,0.7857142857142857,-45033.21986862,-31829.1111673875,-0.21362276014913603,119.27845006314286,0.0003332222592469177,0.9841269841269841,0.04848793724812482,76.68870967741925,100,0.07464178607130957,false
"ITM2_NEXT2_K3M2",36,150115.61887724546,4169.8783021457075,3203.5164998375003,0.7222222222222222,-11180.05437075,-10857.51635955,4.816002470134203,95.85086452097221,12,39867.18757949723,3322.265631624769,1301.6569292187232,0.75,-3515.295632507501,-3515.2956325075006,4.37918585294844,84.29686837520832,14,70397.09082904899,5028.363630646357,6446.189917463251,0.8571428571428571,-13896.2717034655,-13896.271703465498,4.852132141943956,122.29708363935713,0.0003332222592469177,0.9841269841269841,0.08974573724522893,76.68870967741925,100,0.07464178607130957,false
"ITM2_NEXT2_K3M2.5",36,205888.08021364795,5719.1133392679985,3547.2093419374733,0.7777777777777778,-4500.275085052504,-4500.2750850525,5.851467544446762,97.76166073201391,12,43487.49578803222,3623.957982336018,1301.6569292187232,0.75,-3515.295632507501,-3515.2956325075006,4.285532364230749,84.47951766395832,14,82985.2742865024,5927.5195918930285,6608.620033096002,0.8571428571428571,-11690.429867605497,-11690.429867605497,5.420265034121412,124.31969382125,0.0003332222592469177,0.9841269841269841,0.18012917637449963,76.68870967741925,100,0.07464178607130957,false
"ITM2_NEXT2_K3M3",36,212125.86410386043,5892.3851139961225,3913.8329379912766,0.7777777777777778,-4500.275085052504,-4500.2750850525,5.734354510917728,97.9273860038889,12,46409.645518009725,3867.4704598341436,1301.6569292187232,0.75,-3515.295632507501,-3515.2956325075006,4.174412679342652,84.40454016583332,14,101901.92649764089,7278.709035545778,6959.711701601502,0.8571428571428571,-10337.667875783998,-10337.667875783998,5.6846852212900405,125.82667873992854,0.0003332222592469177,0.9841269841269841,0.2758468266939549,76.68870967741925,100,0.07464178607130957,false
"ITM2_NEXT2_K3M4",36,222235.14387536544,6173.1984409823735,3913.8329379912766,0.7777777777777778,-4500.275085052504,-4500.2750850525,5.284914582160658,98.15572568430557,12,46409.645518009725,3867.4704598341436,1301.6569292187232,0.75,-3515.295632507501,-3515.2956325075006,4.174412679342652,84.40454016583332,14,122096.3626041739,8721.168757440993,6941.9261956197515,0.8571428571428571,-6663.1562905850005,-6663.1562905850005,6.055582669889889,126.83124255899999,0.0006664445184938354,0.9841269841269841,0.42064266467778644,76.68870967741925,100,0.08597134288570477,false
"ITM2_NEXT3_K3M0.5",36,-57062.99378879701,-1585.0831607999169,-3080.141310008748,0.3055555555555556,-63623.464069072,-19800.44843745,-1.6382018475602942,91.02066079993055,12,-18043.999457237816,-1503.6666214364848,-1406.9334372888036,0.5,-33304.4613850725,-21471.59599092,-1.2006708659886247,76.79162143645833,14,-32277.317797308384,-2305.522699807742,-3007.8416376802497,0.35714285714285715,-44629.476604168405,-18295.162234395,-1.8494947442269571,95.75484266489285,0.9843385538153949,0.9841269841269841,0.05310077074845558,76.68870967741925,150,1,false
"ITM2_NEXT3_K3M1",36,56735.124564797996,1575.9756823554999,2525.0764411687505,0.5555555555555556,-11871.6545802,-11871.6545802,1.7900005811290942,90.58681764451389,12,11409.640368487173,950.8033640405978,336.2120176099462,0.5833333333333334,-9573.370567870003,-6966.911804955001,1.319073280920234,78.88413595937499,14,15461.566754909494,1104.3976253506783,-405.16931903750054,0.42857142857142855,-16783.593972784503,-15188.8511325415,1.1447959203058398,96.8345175064643,0.04498500499833389,0.9841269841269841,0.07230348297040028,76.68870967741925,150,1,false
"ITM2_NEXT3_K3M1.5",36,78757.07412000545,2187.6965033334845,2671.302873442499,0.6111111111111112,-9795.65342685,-9795.65342685,2.6601897229998097,94.90766333319445,12,16985.643111794674,1415.4702593162228,336.2120176099462,0.5833333333333334,-9573.370567870003,-6966.911804955001,1.8004619195450418,78.90474068374999,14,41514.099244435005,2965.292803173929,1753.0153847120537,0.5714285714285714,-12392.650010892497,-12392.650010892497,3.1489314975704845,111.18933968321427,0.008997000999666778,0.9841269841269841,0.21115591369576847,76.68870967741925,150,0.9626791069643452,false
"ITM2_NEXT3_K3M2",36,88974.27284431295,2471.507579008693,2671.302873442499,0.6111111111111112,-9795.65342685,-9795.65342685,2.7054916496628043,95.15908765798612,12,19978.05919004967,1664.8382658374724,336.2120176099462,0.5833333333333334,-9573.370567870003,-6966.911804955001,1.9730050649742468,78.9117341625,14,66836.53652607,4774.038323290714,2929.4669359058034,0.5714285714285714,-9891.554480888,-9891.554480888002,4.2331141901141605,112.69381956642857,0.01766077974008664,0.9841269841269841,0.35119209005669305,76.68870967741925,150,1,false
"ITM2_NEXT3_K3M2.5",36,93811.54889321045,2605.8763581447347,2671.302873442499,0.6111111111111112,-9795.65342685,-9795.65342685,2.661967731539054,95.26947518861112,12,19978.05919004967,1664.8382658374724,336.2120176099462,0.5833333333333334,-9573.370567870003,-6966.911804955001,1.9730050649742468,78.9117341625,14,78836.473309996,5631.176664999714,4264.753693821304,0.5714285714285714,-7845.576920118001,-7845.576920118002,4.691355068374479,113.09119214314286,0.02332555814728424,0.9841269841269841,0.45933545305365625,76.68870967741925,150,1,false
"ITM2_NEXT3_K3M3",36,93811.54889321045,2605.8763581447347,2671.302873442499,0.6111111111111112,-9795.65342685,-9795.65342685,2.661967731539054,95.26947518861112,12,19978.05919004967,1664.8382658374724,336.2120176099462,0.5833333333333334,-9573.370567870003,-6966.911804955001,1.9730050649742468,78.9117341625,14,84955.117104012,6068.2226502865715,4264.753693821304,0.5714285714285714,-7845.576920118001,-7845.576920118002,4.597803349973681,113.40234971342859,0.02332555814728424,0.9841269841269841,0.5450183439728854,76.68870967741925,150,1,false
"ITM2_NEXT3_K3M4",36,93811.54889321045,2605.8763581447347,2671.302873442499,0.6111111111111112,-9795.65342685,-9795.65342685,2.661967731539054,95.26947518861112,12,19978.05919004967,1664.8382658374724,336.2120176099462,0.5833333333333334,-9573.370567870003,-6966.911804955001,1.9730050649742468,78.9117341625,14,84955.117104012,6068.2226502865715,4264.753693821304,0.5714285714285714,-7845.576920118001,-7845.576920118002,4.597803349973681,113.40234971342859,0.02332555814728424,0.9841269841269841,0.6587360260366255,76.68870967741925,150,1,false
"ITM2_MIRROR_GAP_K3M0.5",21,-115423.34791336245,-5496.349900636307,-1559.9125010500004,0.23809523809523808,-128985.63261866245,-54257.928327015,-2.4965817695227854,112.24275777916667,7,-47507.1777063001,-6786.739672328586,-4993.795407,0.42857142857142855,-50115.1999117326,-26672.974575397497,-3.4128915090462657,94.59681518571428,13,-44536.22144824089,-3425.8631883262224,-2656.695038826,0.23076923076923078,-33036.881489555,-21277.322793885,-2.74022221619736,92.74780371084616,0.9650116627790737,0.6507936507936508,0.05511501336395991,76.28536585365838,80.48780487804878,1,false
"ITM2_MIRROR_GAP_K3M1",21,-16174.033004854942,-770.1920478502353,1569.3699650075564,0.6190476190476191,-36903.70402904994,-23821.75855485,-0.5974127864438692,116.6206192788095,7,-37033.3181149501,-5290.474016421444,-2886.5533041100007,0.2857142857142857,-36476.196665677606,-23432.5856060025,-2.922992447425738,103.15258784999999,13,-14389.614946799891,-1106.8934574461455,-380.48327032649854,0.3076923076923077,-23653.674697374998,-18334.1778218025,-0.9184735110780058,98.16268821538462,0.7110963012329223,0.6507936507936508,0.06808495472595925,76.28536585365838,80.48780487804878,1,false
"ITM2_MIRROR_GAP_K3M1.5",21,65521.709420000065,3120.0814009523842,5191.413428699997,0.7619047619047619,-25708.450504324945,-22866.532796775,2.7641182015423835,114.91859904761904,7,-15690.492384647605,-2241.498912092515,-489.9623457100008,0.42857142857142855,-23482.120890205,-21264.3136379175,-1.2817944875347314,101.85605494964285,13,17607.624800933012,1354.432676994847,1254.8692605699998,0.8461538461538461,-15634.9645274375,-15634.9645274375,1.1911819263129708,105.74039992823076,0.01299566811062979,0.6507936507936508,0.054837336418276664,76.28536585365838,80.48780487804878,1,false
"ITM2_MIRROR_GAP_K3M2",21,145633.31209927256,6934.919623774884,7992.557392725001,0.9047619047619048,-18926.305325100002,-18926.305325100002,6.259610389499293,118.47323336797619,7,8325.805149962398,1189.400735708914,1060.3324305050005,0.5714285714285714,-21243.125559925,-20339.698661385,0.7821564456978645,98.45640714821427,13,53854.69699742789,4142.668999802146,2730.6417197439982,0.7692307692307693,-13896.2717034655,-13896.271703465498,3.883210568269336,118.31176942861538,0.0003332222592469177,0.6507936507936508,0.07167641463197146,76.28536585365838,80.48780487804878,0.07464178607130957,false
"ITM2_MIRROR_GAP_K3M2.5",21,184161.52162775007,8769.5962679881,10098.974547450001,0.9523809523809523,-15854.823248325001,-15854.823248325001,7.515601259255346,120.22516058333332,7,29806.297544452336,4258.0425063503335,1060.3324305050005,0.7142857142857143,-2635.2088029475563,-2635.2088029475553,4.658237276711723,94.63606507821429,13,84109.3522445063,6469.95017265433,9036.724310454503,0.8461538461538461,-11690.429867605497,-11690.429867605497,5.667396315741333,124.68444273026923,0.0003332222592469177,0.6507936507936508,0.1197307019727935,76.28536585365838,80.48780487804878,0.07464178607130957,false
"ITM2_MIRROR_GAP_K3M3",21,227700.15609743257,10842.864576068218,12071.440505375056,1,0,1617.7137631249989,11.609367294870392,124.81399536035713,7,46850.426367992404,6692.918052570343,6762.554122670002,0.8571428571428571,-263.1248263676098,-263.1248263676104,6.750680751511342,104.2248045725,13,102820.94232853338,7909.303256041029,9036.724310454503,0.8461538461538461,-10337.667875783998,-10337.667875783998,6.098252629979142,125.6005901128077,0.0003332222592469177,0.6507936507936508,0.1691361277806011,76.28536585365838,80.48780487804878,0.07464178607130957,false
"ITM2_MIRROR_GAP_K3M4",21,253240.09088205008,12059.05194676429,12433.7506625,1,0,993.4831354249991,10.311896658568134,126.1266246642857,7,55175.486815029886,7882.212402147126,4776.083070920001,0.8571428571428571,-263.1248263676098,-263.1248263676104,6.690558028665666,106.35902642428572,13,126408.67175048492,9723.743980806532,9036.724310454503,0.8461538461538461,-6663.1562905850005,-6663.1562905850005,6.783352953231125,126.75601919346153,0.0003332222592469177,0.6507936507936508,0.26428873333550984,76.28536585365838,80.48780487804878,0.07464178607130957,false
"ITM3_NEXT1_K3M0.5",36,-188313.2680987269,-5230.924113853525,-1346.4672451750005,0.4722222222222222,-205168.44283790194,-61251.23024844,-2.2770937430243476,99.15328052020833,12,-71205.64885665276,-5933.80407138773,807.1685994062236,0.5833333333333334,-72323.49798254277,-37608.4284931575,-2.850563795587232,94.42907138770835,14,-73030.01885339338,-5216.429918099528,-1808.1670530432498,0.2857142857142857,-82224.7944297268,-39077.301896804,-2.690597242675777,107.73348952810713,0.9713428857047651,0.9841269841269841,0.06377067307885186,126.68870967741925,50,1,false
"ITM3_NEXT1_K3M1",36,-4534.782825324524,-125.9661895923479,2214.398421923832,0.6388888888888888,-45238.354808324846,-29505.201310125,-0.098273498795625,102.73702292569445,12,-49106.89737349766,-4092.2414477914717,2361.632531378723,0.6666666666666666,-51833.481192260166,-35062.4480772,-2.060840092686716,95.36644779145831,14,-35618.45851209011,-2544.1756080064365,-613.8658921072504,0.35714285714285715,-49884.190669519005,-30872.436997275,-1.6265389731018016,104.729179435,0.5561479506831056,0.9841269841269841,0.06307677763108406,126.68870967741925,50,1,false
"ITM3_NEXT1_K3M1.5",36,49903.020772355485,1386.195021454319,3279.6783825125276,0.75,-33221.59704502484,-28486.148020574998,1.0926725345481987,103.07581187902775,12,-33683.12141388499,-2806.9267844904157,2285.23850711375,0.6666666666666666,-39712.50714719249,-31162.008960539995,-1.4970920081873487,94.73928449041667,14,-14245.260907066595,-1017.5186362190425,389.6139872037027,0.7857142857142857,-40244.65398357399,-27339.930248834997,-0.6715485010296004,106.66149336189288,0.080973008997001,0.9841269841269841,0.05962378722138768,126.68870967741925,50,1,false
"ITM3_NEXT1_K3M2",36,115584.28586574038,3210.6746073816776,3637.072063396305,0.8333333333333334,-25267.175609775004,-25267.175609775004,3.0007126322667905,102.34622595166667,12,-19260.6670527575,-1605.0555877297918,2285.23850711375,0.6666666666666666,-32309.1320823475,-29592.3607280175,-0.9163185217925813,100.36808772979168,14,10375.275465331988,741.0911046665706,1534.151667759499,0.7142857142857143,-26742.099158064913,-25045.395362625004,0.4781901057645395,121.60532390485712,0.0003332222592469177,0.9841269841269841,0.04890562883701824,126.68870967741925,50,0.07464178607130957,false
"ITM3_NEXT1_K3M2.5",36,205554.6684277928,5709.851900772022,5215.600796750027,0.8888888888888888,-23824.982888400005,-23824.982888400005,5.387795840407084,107.96059922798611,12,27451.95912133001,2287.663260110834,3548.4270791300005,0.75,-26695.64128045,-25308.2289733575,1.6822281333122275,103.58673988916667,14,44810.24416553549,3200.731726109678,6112.616986697501,0.8571428571428571,-21338.35173624,-21338.35173624,2.0697123053141877,128.55398817603572,0.0003332222592469177,0.9841269841269841,0.057126874900522866,126.68870967741925,50,0.07464178607130957,false
"ITM3_NEXT1_K3M3",36,235103.02624186038,6530.639617829455,5577.454973825028,0.8888888888888888,-22556.358275325005,-22556.358275325005,5.969636371463028,107.58954883722221,12,37985.612698367506,3165.4677248639587,3548.4270791300005,0.9166666666666666,-22043.288703855,-22043.288703855,2.489883330743842,104.21977513604168,14,92213.60841304949,6586.68631521782,10900.457189307046,0.8571428571428571,-19087.0323210535,-19087.032321053503,5.2173588706792335,132.2779704964643,0.0003332222592469177,0.9841269841269841,0.05955394238373843,126.68870967741925,50,0.07464178607130957,false
"ITM3_NEXT1_K3M4",36,372207.64272625535,10339.101186840426,10189.174939112527,0.9444444444444444,-425.8573130875011,-425.85731308750064,9.421141511475358,114.23214649291666,12,68362.12634939002,5696.843862449168,3999.6752273937514,0.9166666666666666,-19223.3330163225,-19223.3330163225,3.910347929679696,111.59363755083332,14,149374.675345631,10669.619667545072,13005.49744443725,0.9285714285714286,-17088.805367421504,-17088.805367421504,8.333622976536757,144.0589038835,0.0003332222592469177,0.9841269841269841,0.034517030788098896,126.68870967741925,50,0.07464178607130957,false
"ITM3_NEXT2_K3M0.5",36,-46100.242197239335,-1280.5622832566482,-1063.460231212497,0.3888888888888889,-60152.6189635644,-28817.648385674995,-1.1149239891836968,97.33311659,12,-49272.317967790164,-4106.026497315847,145.37577553625033,0.5,-52785.48466426517,-32775.66618339,-2.1857991449655403,90.71399731583334,14,-60959.400530302,-4354.242895021572,-2706.9315764207495,0.2857142857142857,-63725.4532807774,-29367.00079992,-2.8351727863580263,100.33218073585716,0.8983672109296901,0.9841269841269841,0.05630284063113174,126.68870967741925,100,1,false
"ITM3_NEXT2_K3M1",36,42976.50308414053,1193.791752337237,2680.4828328962753,0.6388888888888888,-28225.999843449943,-23757.001376325003,1.2060022076038108,99.02074766277777,12,-30255.164399310048,-2521.263699942504,145.37577553625033,0.5,-35618.199741800054,-25878.5687472675,-1.5801828694733004,87.8261999425,14,-15311.00425572609,-1093.6431611232922,-217.07843558850038,0.5,-36911.621638523,-21650.300233117498,-0.8109122769291527,103.80387540900001,0.07697434188603798,0.9841269841269841,0.05860997876317229,126.68870967741925,100,1,false
"ITM3_NEXT2_K3M1.5",36,137453.1485416105,3818.1430150447363,4459.506652025026,0.7222222222222222,-20758.382822550004,-20475.26390175,3.931876082900052,102.16948495527777,12,5548.585141274897,462.3820951062414,326.59560494747393,0.5833333333333334,-24014.3235324125,-23183.073455385,0.39514623274698224,92.93040489375,14,24896.212975176597,1778.3009267983284,1955.1736819222524,0.7857142857142857,-20279.8274705775,-20279.8274705775,1.2665090791910936,125.69907320167859,0.0003332222592469177,0.9841269841269841,0.05419345192771574,126.68870967741925,100,0.07464178607130957,false
"ITM3_NEXT2_K3M2",36,221194.01457865053,6144.278182740292,4555.531820749999,0.8055555555555556,-5556.792202957498,-5556.7922029575,6.9560068865992255,103.95098392638891,12,48818.24418088495,4068.1870150737454,2107.965769298722,0.75,-834.0871611374969,-834.087161137498,5.6375129444582806,97.12548492625001,14,86774.72805281439,6198.194860915313,10629.29356979475,0.8571428571428571,-16453.5445772835,-16453.5445772835,5.457251776462604,134.9301390846786,0.0003332222592469177,0.9841269841269841,0.05500029026522156,126.68870967741925,100,0.07464178607130957,false
"ITM3_NEXT2_K3M2.5",36,273253.042182688,7590.362282852445,5015.171457424998,0.8333333333333334,-5556.792202957498,-5556.7922029575,7.033104423066996,107.24188381423612,12,55177.189233254954,4598.099102771246,2107.965769298722,0.75,-834.0871611374969,-834.087161137498,5.242791010166599,97.21339722875001,14,106037.49687617089,7574.106919726492,9365.89899985,0.8571428571428571,-15305.211039100504,-15305.211039100503,6.0857428902134,136.78593741635717,0.0003332222592469177,0.9841269841269841,0.12870753049652553,126.68870967741925,100,0.07464178607130957,false
"ITM3_NEXT2_K3M3",36,283788.233821448,7883.006495040222,5124.60102611375,0.8333333333333334,-5556.792202957498,-5556.7922029575,6.9338797690111384,109.38933829312502,12,59853.16787713495,4987.763989761245,2107.965769298722,0.75,-834.0871611374969,-834.087161137498,4.903736843407643,97.54851023875001,14,121246.53689428439,8660.466921020314,7562.674279439252,0.8571428571428571,-12460.148106109002,-12460.148106109003,6.38839212070552,138.47950755110713,0.0003332222592469177,0.9841269841269841,0.2169957108452345,126.68870967741925,100,0.07464178607130957,false
"ITM3_NEXT2_K3M4",36,299240.626097138,8312.239613809388,5124.60102611375,0.8333333333333334,-5556.792202957498,-5556.7922029575,6.2438907903230385,109.73955285729168,12,59853.16787713495,4987.763989761245,2107.965769298722,0.75,-834.0871611374969,-834.087161137498,4.903736843407643,97.54851023875001,14,148444.8543021889,10603.20387872778,9941.54045054275,0.8571428571428571,-8813.451604011003,-8813.451604011003,6.80163234118584,140.40326412935715,0.0003332222592469177,0.9841269841269841,0.3706227714907449,126.68870967741925,100,0.07464178607130957,false
"ITM3_NEXT3_K3M0.5",36,-71058.62902388946,-1973.8508062191515,-3295.475303825,0.3611111111111111,-79046.78015523952,-24788.0687274,-1.7290596808062069,97.39247288583333,12,-24654.07176662783,-2054.505980552319,-417.17882287752786,0.5,-40790.0678518825,-28933.2671293425,-1.3570220162676363,80.44348055229166,14,-60904.9500954364,-4350.353578245457,-3506.7034885824996,0.2857142857142857,-62611.59890903381,-25445.455124715,-2.9778391134876014,103.37857824545713,0.9910029990003332,0.9841269841269841,0.06509347815180686,126.68870967741925,150,1,false
"ITM3_NEXT3_K3M1",36,55070.744949795495,1529.742915272097,2617.819045187526,0.6388888888888888,-18500.224588125,-18500.224588125,1.5029614850810182,96.19458472791666,12,-10623.342487050211,-885.2785405875176,1325.9666320212227,0.5833333333333334,-28292.984477795,-22275.1319997375,-0.7749225113991096,85.59104058749999,14,7560.9514355599895,540.0679596828564,-291.6828791210004,0.42857142857142855,-19227.429760392002,-18644.06400215,0.48404891272482187,119.09275460285714,0.04565144951682772,0.9841269841269841,0.04548633681041157,126.68870967741925,150,1,false
"ITM3_NEXT3_K3M1.5",36,103675.73964201804,2879.8816567227236,3713.6863808499998,0.6944444444444444,-12163.578567824998,-12163.578567824998,2.913970579560728,98.76417661062501,12,25664.607653517174,2138.7173044597644,1859.334138897473,0.6666666666666666,-10270.8259234525,-7563.923996609999,2.7330742123355884,83.15769554020831,14,42332.66378731089,3023.7616990936353,3841.346777631751,0.6428571428571429,-15847.862880501001,-15847.862880501001,2.765964272193722,126.91687233492858,0.001999333555481506,0.9841269841269841,0.15330851923445182,126.68870967741925,150,0.23992002665778073,false
"ITM3_NEXT3_K3M2",36,112004.39030679804,3111.2330640777236,3713.6863808499998,0.6944444444444444,-12163.578567824998,-12163.578567824998,2.9734457207145777,99.07943592229168,12,29764.51465972217,2480.376221643514,1859.334138897473,0.6666666666666666,-10270.825923452503,-7563.923996609999,2.827947082504417,83.37377835645833,14,72262.60065348439,5161.614332391742,5124.895987279,0.6428571428571429,-11854.466409326502,-11854.4664093265,4.063220042312504,129.65352475110714,0.005664778407197601,0.9841269841269841,0.2999506959493626,126.68870967741925,150,0.6571142952349217,false
"ITM3_NEXT3_K3M2.5",36,122113.67007830304,3392.0463910639733,3713.6863808499998,0.6944444444444444,-12163.578567824998,-12163.578567824998,2.8981610504666113,99.30777560270833,12,29764.51465972217,2480.376221643514,1859.334138897473,0.6666666666666666,-10270.825923452503,-7563.923996609999,2.827947082504417,83.37377835645833,14,86003.7203124004,6143.122879457172,5407.42401904875,0.6428571428571429,-10164.210199196998,-10164.210199197001,4.401305244501617,130.57354911425003,0.013662112629123625,0.9841269841269841,0.40902468542580306,126.68870967741925,150,1,false
"ITM3_NEXT3_K3M3",36,122113.67007830304,3392.0463910639733,3713.6863808499998,0.6944444444444444,-12163.578567824998,-12163.578567824998,2.8981610504666113,99.30777560270833,12,29764.51465972217,2480.376221643514,1859.334138897473,0.6666666666666666,-10270.825923452503,-7563.923996609999,2.827947082504417,83.37377835645833,14,88868.9767884044,6347.7840563146,5407.42401904875,0.6428571428571429,-10164.210199196998,-10164.210199197001,4.3847475422047815,130.66237225682144,0.013662112629123625,0.9841269841269841,0.5018050453981208,126.68870967741925,150,1,false
"ITM3_NEXT3_K3M4",36,122113.67007830304,3392.0463910639733,3713.6863808499998,0.6944444444444444,-12163.578567824998,-12163.578567824998,2.8981610504666113,99.30777560270833,12,29764.51465972217,2480.376221643514,1859.334138897473,0.6666666666666666,-10270.825923452503,-7563.923996609999,2.827947082504417,83.37377835645833,14,92752.94539038539,6625.210385027528,5407.42401904875,0.6428571428571429,-10164.210199197005,-10164.210199197001,4.338406339051176,130.87890068675,0.013662112629123625,0.9841269841269841,0.6246305602946141,126.68870967741925,150,1,false
"ITM3_MIRROR_GAP_K3M0.5",21,-54883.97070885489,-2613.522414707376,-3393.7107426749976,0.3333333333333333,-71046.86711740497,-28817.648385674995,-1.8273508305517459,118.34384327880952,7,-49957.65434929511,-7136.807764185016,-8203.294789215,0.42857142857142855,-55479.84091981261,-28933.2671293425,-3.1061549204364853,98.59347847071429,13,-54996.2871009199,-4230.483623147685,-3374.2292227820008,0.3076923076923077,-40526.799521562294,-25445.455124715,-2.830259691587405,102.0682385323,0.9936687770743086,0.6507936507936508,0.06855043693522897,126.28536585365838,130.4878048780488,1,false
"ITM3_MIRROR_GAP_K3M1",21,36221.31657527004,1724.8245988223828,2832.2282168924967,0.7142857142857143,-28742.586267199942,-23757.001376325003,1.3873634997508444,117.49682974904763,7,-34251.25735220499,-4893.0367646007135,-3011.0974393900005,0.42857142857142855,-36938.549560645,-25222.9014581925,-2.5497452342267577,106.42962174357145,13,10602.426192947896,815.5712456113766,-387.50302543250075,0.46153846153846156,-19646.1450466475,-18644.06400215,0.7372180357586368,105.75567746553847,0.07364211929356881,0.6507936507936508,0.05264501846064646,126.28536585365838,130.4878048780488,1,false
"ITM3_MIRROR_GAP_K3M1.5",21,125413.91267168013,5972.091079603815,7294.047670574996,0.8571428571428571,-20475.26390175,-20475.26390175,5.299917204806863,123.26606325333333,7,24840.732868814845,3548.6761241164063,860.6927843823896,0.7142857142857143,-2031.9995217249998,-2031.9995217249989,4.72663617313729,97.39530445499999,13,54373.51724744339,4182.578249803338,7363.6761820420015,0.6923076923076923,-15847.862880501001,-15847.862880501001,3.7003569219877095,127.78713481203843,0.0003332222592469177,0.6507936507936508,0.09791268582634687,126.28536585365838,130.4878048780488,0.07464178607130957,false
"ITM3_MIRROR_GAP_K3M2",21,178257.59013301262,8488.4566730006,10252.168405124998,0.9523809523809523,-965.0166415824933,-965.0166415824999,10.248356398593838,126.18618414226191,7,43919.82204837989,6274.260292625698,6019.954733750003,0.7142857142857143,-1460.802663174998,-1460.802663174999,6.557040284758476,109.31113594571427,13,84732.7346427944,6517.902664830339,10199.284479913504,0.6923076923076923,-11854.466409326502,-11854.4664093265,5.245106843013069,129.30887363119228,0.0003332222592469177,0.6507936507936508,0.19052150866308493,126.28536585365838,130.4878048780488,0.07464178607130957,false
"ITM3_MIRROR_GAP_K3M2.5",21,187424.9788140426,8924.998991144887,9814.147103075002,0.9523809523809523,-965.0166415824933,-965.0166415824999,8.559204697984939,126.96529456940478,7,43919.82204837989,6274.260292625698,6019.954733750003,0.7142857142857143,-1460.802663174998,-1460.802663174999,6.557040284758476,109.31113594571427,13,98432.0502621019,7571.696174007839,9108.048461053502,0.6923076923076923,-10164.210199196998,-10164.210199197001,5.722970752812284,130.7653644536923,0.0003332222592469177,0.6507936507936508,0.2984524143474215,126.28536585365838,130.4878048780488,0.07464178607130957,false
"ITM3_MIRROR_GAP_K3M3",21,187424.9788140426,8924.998991144887,9814.147103075002,0.9523809523809523,-965.0166415824933,-965.0166415824999,8.559204697984939,126.96529456940478,7,43919.82204837989,6274.260292625698,6019.954733750003,0.7142857142857143,-1460.802663174998,-1460.802663174999,6.557040284758476,109.31113594571427,13,101633.04986309589,7817.926912545838,7151.624910608502,0.6923076923076923,-10164.210199196998,-10164.210199197001,5.5619349683901165,131.5346259156923,0.0003332222592469177,0.6507936507936508,0.3970160189336445,126.28536585365838,130.4878048780488,0.07464178607130957,false
"ITM3_MIRROR_GAP_K3M4",21,187424.9788140426,8924.998991144887,9814.147103075002,0.9523809523809523,-965.0166415824933,-965.0166415824999,8.559204697984939,126.96529456940478,7,43919.82204837989,6274.260292625698,6019.954733750003,0.7142857142857143,-1460.802663174998,-1460.802663174999,6.557040284758476,109.31113594571427,13,116535.74040851387,8964.287723731835,10199.284479913504,0.6923076923076923,-10164.210199196998,-10164.210199197001,5.551112123661222,132.6738147296923,0.0003332222592469177,0.6507936507936508,0.5306625394767747,126.28536585365838,130.4878048780488,0.07464178607130957,false