variant_id,target_expiry,prior_expiry,entry_timestamp,lock_timestamp,entry_spot,k1,k2,k3,p1,p2,p3,target_premium,k3_multiplier,target_error,status,source_file,source_sha256
OTM1_NEXT1_K3M0.5,2026-01-13,2025-12-23,2026-01-07T10:00:00+05:30,2026-01-12T14:00:00+05:30,26138.95,26150.0,26200.0,26500.0,113.7,88.5,13.35,12.600000000000001,0.5,0.059523809523809375,USABLE_OHLC,upstox_intraday/NIFTY/NIFTY_2026.parquet,bae9943b2fa99ee9c1214fb7c695b84f9f661a050a5cd04d9c5c2ffc7bc59f73
OTM1_NEXT1_K3M1,2026-01-13,2025-12-23,2026-01-07T10:00:00+05:30,2026-01-12T14:00:00+05:30,26138.95,26150.0,26200.0,26400.0,113.7,88.5,26.25,25.200000000000003,1.0,0.041666666666666546,USABLE_OHLC,upstox_intraday/NIFTY/NIFTY_2026.parquet,bae9943b2fa99ee9c1214fb7c695b84f9f661a050a5cd04d9c5c2ffc7bc59f73
OTM1_NEXT1_K3M1.5,2026-01-13,2025-12-23,2026-01-07T10:00:00+05:30,2026-01-12T14:00:00+05:30,26138.95,26150.0,26200.0,26350.0,113.7,88.5,36.4,37.800000000000004,1.5,0.03703703703703718,USABLE_OHLC,upstox_intraday/NIFTY/NIFTY_2026.parquet,bae9943b2fa99ee9c1214fb7c695b84f9f661a050a5cd04d9c5c2ffc7bc59f73
OTM1_NEXT1_K3M2,2026-01-13,2025-12-23,2026-01-07T10:00:00+05:30,2026-01-12T14:00:00+05:30,26138.95,26150.0,26200.0,26300.0,113.7,88.5,50.25,50.400000000000006,2.0,0.0029761904761905888,USABLE_OHLC,upstox_intraday/NIFTY/NIFTY_2026.parquet,bae9943b2fa99ee9c1214fb7c695b84f9f661a050a5cd04d9c5c2ffc7bc59f73
OTM1_NEXT1_K3M2.5,2026-01-13,2025-12-23,2026-01-07T10:00:00+05:30,2026-01-12T14:00:00+05:30,26138.95,26150.0,26200.0,26250.0,113.7,88.5,67.65,63.00000000000001,2.5,0.07380952380952378,USABLE_OHLC,upstox_intraday/NIFTY/NIFTY_2026.parquet,bae9943b2fa99ee9c1214fb7c695b84f9f661a050a5cd04d9c5c2ffc7bc59f73
OTM1_NEXT1_K3M3,2026-01-13,2025-12-23,2026-01-07T10:00:00+05:30,2026-01-12T14:00:00+05:30,26138.95,26150.0,26200.0,26250.0,113.7,88.5,67.65,75.60000000000001,3.0,0.10515873015873019,USABLE_OHLC,upstox_intraday/NIFTY/NIFTY_2026.parquet,bae9943b2fa99ee9c1214fb7c695b84f9f661a050a5cd04d9c5c2ffc7bc59f73
OTM1_NEXT1_K3M4,2026-01-13,2025-12-23,2026-01-07T10:00:00+05:30,2026-01-12T14:00:00+05:30,26138.95,26150.0,26200.0,26250.0,113.7,88.5,67.65,100.80000000000001,4.0,0.3288690476190476,USABLE_OHLC,upstox_intraday/NIFTY/NIFTY_2026.parquet,bae9943b2fa99ee9c1214fb7c695b84f9f661a050a5cd04d9c5c2ffc7bc59f73
OTM1_NEXT2_K3M0.5,2026-01-13,2025-12-23,2026-01-07T10:00:00+05:30,2026-01-12T14:00:00+05:30,26138.95,26150.0,26250.0,26400.0,113.7,67.65,26.25,23.025,0.5,0.14006514657980462,USABLE_OHLC,upstox_intraday/NIFTY/NIFTY_2026.parquet,bae9943b2fa99ee9c1214fb7c695b84f9f661a050a5cd04d9c5c2ffc7bc59f73
OTM1_NEXT2_K3M1,2026-01-13,2025-12-23,2026-01-07T10:00:00+05:30,2026-01-12T14:00:00+05:30,26138.95,26150.0,26250.0,26300.0,113.7,67.65,50.25,46.05,1.0,0.09120521172638443,USABLE_OHLC,upstox_intraday/NIFTY/NIFTY_2026.parquet,bae9943b2fa99ee9c1214fb7c695b84f9f661a050a5cd04d9c5c2ffc7bc59f73
OTM1_NEXT2_K3M1.5,2026-01-13,2025-12-23,2026-01-07T10:00:00+05:30,2026-01-12T14:00:00+05:30,26138.95,26150.0,26250.0,26300.0,113.7,67.65,50.25,69.07499999999999,1.5,0.272529858849077,USABLE_OHLC,upstox_intraday/NIFTY/NIFTY_2026.parquet,bae9943b2fa99ee9c1214fb7c695b84f9f661a050a5cd04d9c5c2ffc7bc59f73
OTM1_NEXT2_K3M2,2026-01-13,2025-12-23,2026-01-07T10:00:00+05:30,2026-01-12T14:00:00+05:30,26138.95,26150.0,26250.0,26300.0,113.7,67.65,50.25,92.1,2.0,0.4543973941368078,USABLE_OHLC,upstox_intraday/NIFTY/NIFTY_2026.parquet,bae9943b2fa99ee9c1214fb7c695b84f9f661a050a5cd04d9c5c2ffc7bc59f73
OTM1_NEXT2_K3M2.5,2026-01-13,2025-12-23,2026-01-07T10:00:00+05:30,2026-01-12T14:00:00+05:30,26138.95,26150.0,26250.0,26300.0,113.7,67.65,50.25,115.125,2.5,0.5635179153094463,USABLE_OHLC,upstox_intraday/NIFTY/NIFTY_2026.parquet,bae9943b2fa99ee9c1214fb7c695b84f9f661a050a5cd04d9c5c2ffc7bc59f73
OTM1_NEXT2_K3M3,2026-01-13,2025-12-23,2026-01-07T10:00:00+05:30,2026-01-12T14:00:00+05:30,26138.95,26150.0,26250.0,26300.0,113.7,67.65,50.25,138.14999999999998,3.0,0.6362649294245385,USABLE_OHLC,upstox_intraday/NIFTY/NIFTY_2026.parquet,bae9943b2fa99ee9c1214fb7c695b84f9f661a050a5cd04d9c5c2ffc7bc59f73
OTM1_NEXT2_K3M4,2026-01-13,2025-12-23,2026-01-07T10:00:00+05:30,2026-01-12T14:00:00+05:30,26138.95,26150.0,26250.0,26300.0,113.7,67.65,50.25,184.2,4.0,0.7271986970684039,USABLE_OHLC,upstox_intraday/NIFTY/NIFTY_2026.parquet,bae9943b2fa99ee9c1214fb7c695b84f9f661a050a5cd04d9c5c2ffc7bc59f73
OTM1_NEXT3_K3M0.5,2026-01-13,2025-12-23,2026-01-07T10:00:00+05:30,2026-01-12T14:00:00+05:30,26138.95,26150.0,26300.0,26350.0,113.7,50.25,36.4,31.725,0.5,0.14736012608353025,USABLE_OHLC,upstox_intraday/NIFTY/NIFTY_2026.parquet,bae9943b2fa99ee9c1214fb7c695b84f9f661a050a5cd04d9c5c2ffc7bc59f73
OTM1_NEXT3_K3M1,2026-01-13,2025-12-23,2026-01-07T10:00:00+05:30,2026-01-12T14:00:00+05:30,26138.95,26150.0,26300.0,26350.0,113.7,50.25,36.4,63.45,1.0,0.4263199369582349,USABLE_OHLC,upstox_intraday/NIFTY/NIFTY_2026.parquet,bae9943b2fa99ee9c1214fb7c695b84f9f661a050a5cd04d9c5c2ffc7bc59f73
OTM1_NEXT3_K3M1.5,2026-01-13,2025-12-23,2026-01-07T10:00:00+05:30,2026-01-12T14:00:00+05:30,26138.95,26150.0,26300.0,26350.0,113.7,50.25,36.4,95.17500000000001,1.5,0.6175466246388233,USABLE_OHLC,upstox_intraday/NIFTY/NIFTY_2026.parquet,bae9943b2fa99ee9c1214fb7c695b84f9f661a050a5cd04d9c5c2ffc7bc59f73
OTM1_NEXT3_K3M2,2026-01-13,2025-12-23,2026-01-07T10:00:00+05:30,2026-01-12T14:00:00+05:30,26138.95,26150.0,26300.0,26350.0,113.7,50.25,36.4,126.9,2.0,0.7131599684791173,USABLE_OHLC,upstox_intraday/NIFTY/NIFTY_2026.parquet,bae9943b2fa99ee9c1214fb7c695b84f9f661a050a5cd04d9c5c2ffc7bc59f73
OTM1_NEXT3_K3M2.5,2026-01-13,2025-12-23,2026-01-07T10:00:00+05:30,2026-01-12T14:00:00+05:30,26138.95,26150.0,26300.0,26350.0,113.7,50.25,36.4,158.625,2.5,0.7705279747832939,USABLE_OHLC,upstox_intraday/NIFTY/NIFTY_2026.parquet,bae9943b2fa99ee9c1214fb7c695b84f9f661a050a5cd04d9c5c2ffc7bc59f73
OTM1_NEXT3_K3M3,2026-01-13,2025-12-23,2026-01-07T10:00:00+05:30,2026-01-12T14:00:00+05:30,26138.95,26150.0,26300.0,26350.0,113.7,50.25,36.4,190.35000000000002,3.0,0.8087733123194116,USABLE_OHLC,upstox_intraday/NIFTY/NIFTY_2026.parquet,bae9943b2fa99ee9c1214fb7c695b84f9f661a050a5cd04d9c5c2ffc7bc59f73
OTM1_NEXT3_K3M4,2026-01-13,2025-12-23,2026-01-07T10:00:00+05:30,2026-01-12T14:00:00+05:30,26138.95,26150.0,26300.0,26350.0,113.7,50.25,36.4,253.8,4.0,0.8565799842395587,USABLE_OHLC,upstox_intraday/NIFTY/NIFTY_2026.parquet,bae9943b2fa99ee9c1214fb7c695b84f9f661a050a5cd04d9c5c2ffc7bc59f73
OTM1_MIRROR_GAP_K3M0.5,2026-01-13,2025-12-23,2026-01-07T10:00:00+05:30,2026-01-12T14:00:00+05:30,26138.95,26150.0,26200.0,26500.0,113.7,88.5,13.35,12.600000000000001,0.5,0.059523809523809375,USABLE_OHLC,upstox_intraday/NIFTY/NIFTY_2026.parquet,bae9943b2fa99ee9c1214fb7c695b84f9f661a050a5cd04d9c5c2ffc7bc59f73
OTM1_MIRROR_GAP_K3M1,2026-01-13,2025-12-23,2026-01-07T10:00:00+05:30,2026-01-12T14:00:00+05:30,26138.95,26150.0,26200.0,26400.0,113.7,88.5,26.25,25.200000000000003,1.0,0.041666666666666546,USABLE_OHLC,upstox_intraday/NIFTY/NIFTY_2026.parquet,bae9943b2fa99ee9c1214fb7c695b84f9f661a050a5cd04d9c5c2ffc7bc59f73
OTM1_MIRROR_GAP_K3M1.5,2026-01-13,2025-12-23,2026-01-07T10:00:00+05:30,2026-01-12T14:00:00+05:30,26138.95,26150.0,26200.0,26350.0,113.7,88.5,36.4,37.800000000000004,1.5,0.03703703703703718,USABLE_OHLC,upstox_intraday/NIFTY/NIFTY_2026.parquet,bae9943b2fa99ee9c1214fb7c695b84f9f661a050a5cd04d9c5c2ffc7bc59f73
OTM1_MIRROR_GAP_K3M2,2026-01-13,2025-12-23,2026-01-07T10:00:00+05:30,2026-01-12T14:00:00+05:30,26138.95,26150.0,26200.0,26300.0,113.7,88.5,50.25,50.400000000000006,2.0,0.0029761904761905888,USABLE_OHLC,upstox_intraday/NIFTY/NIFTY_2026.parquet,bae9943b2fa99ee9c1214fb7c695b84f9f661a050a5cd04d9c5c2ffc7bc59f73
OTM1_MIRROR_GAP_K3M2.5,2026-01-13,2025-12-23,2026-01-07T10:00:00+05:30,2026-01-12T14:00:00+05:30,26138.95,26150.0,26200.0,26250.0,113.7,88.5,67.65,63.00000000000001,2.5,0.07380952380952378,USABLE_OHLC,upstox_intraday/NIFTY/NIFTY_2026.parquet,bae9943b2fa99ee9c1214fb7c695b84f9f661a050a5cd04d9c5c2ffc7bc59f73
OTM1_MIRROR_GAP_K3M3,2026-01-13,2025-12-23,2026-01-07T10:00:00+05:30,2026-01-12T14:00:00+05:30,26138.95,26150.0,26200.0,26250.0,113.7,88.5,67.65,75.60000000000001,3.0,0.10515873015873019,USABLE_OHLC,upstox_intraday/NIFTY/NIFTY_2026.parquet,bae9943b2fa99ee9c1214fb7c695b84f9f661a050a5cd04d9c5c2ffc7bc59f73
OTM1_MIRROR_GAP_K3M4,2026-01-13,2025-12-23,2026-01-07T10:00:00+05:30,2026-01-12T14:00:00+05:30,26138.95,26150.0,26200.0,26250.0,113.7,88.5,67.65,100.80000000000001,4.0,0.3288690476190476,USABLE_OHLC,upstox_intraday/NIFTY/NIFTY_2026.parquet,bae9943b2fa99ee9c1214fb7c695b84f9f661a050a5cd04d9c5c2ffc7bc59f73
OTM2_NEXT1_K3M0.5,2026-01-13,2025-12-23,2026-01-07T10:00:00+05:30,2026-01-12T14:00:00+05:30,26138.95,26200.0,26250.0,26550.0,88.5,67.65,9.8,10.424999999999997,0.5,0.05995203836930423,USABLE_OHLC,upstox_intraday/NIFTY/NIFTY_2026.parquet,bae9943b2fa99ee9c1214fb7c695b84f9f661a050a5cd04d9c5c2ffc7bc59f73
OTM2_NEXT1_K3M1,2026-01-13,2025-12-23,2026-01-07T10:00:00+05:30,2026-01-12T14:00:00+05:30,26138.95,26200.0,26250.0,26450.0,88.5,67.65,18.8,20.849999999999994,1.0,0.0983213429256592,USABLE_OHLC,upstox_intraday/NIFTY/NIFTY_2026.parquet,bae9943b2fa99ee9c1214fb7c695b84f9f661a050a5cd04d9c5c2ffc7bc59f73
OTM2_NEXT1_K3M1.5,2026-01-13,2025-12-23,2026-01-07T10:00:00+05:30,2026-01-12T14:00:00+05:30,26138.95,26200.0,26250.0,26400.0,88.5,67.65,26.25,31.27499999999999,1.5,0.160671462829736,USABLE_OHLC,upstox_intraday/NIFTY/NIFTY_2026.parquet,bae9943b2fa99ee9c1214fb7c695b84f9f661a050a5cd04d9c5c2ffc7bc59f73
OTM2_NEXT1_K3M2,2026-01-13,2025-12-23,2026-01-07T10:00:00+05:30,2026-01-12T14:00:00+05:30,26138.95,26200.0,26250.0,26350.0,88.5,67.65,36.4,41.69999999999999,2.0,0.12709832134292545,USABLE_OHLC,upstox_intraday/NIFTY/NIFTY_2026.parquet,bae9943b2fa99ee9c1214fb7c695b84f9f661a050a5cd04d9c5c2ffc7bc59f73
OTM2_NEXT1_K3M2.5,2026-01-13,2025-12-23,2026-01-07T10:00:00+05:30,2026-01-12T14:00:00+05:30,26138.95,26200.0,26250.0,26300.0,88.5,67.65,50.25,52.124999999999986,2.5,0.03597122302158247,USABLE_OHLC,upstox_intraday/NIFTY/NIFTY_2026.parquet,bae9943b2fa99ee9c1214fb7c695b84f9f661a050a5cd04d9c5c2ffc7bc59f73
OTM2_NEXT1_K3M3,2026-01-13,2025-12-23,2026-01-07T10:00:00+05:30,2026-01-12T14:00:00+05:30,26138.95,26200.0,26250.0,26300.0,88.5,67.65,50.25,62.54999999999998,3.0,0.19664268585131872,USABLE_OHLC,upstox_intraday/NIFTY/NIFTY_2026.parquet,bae9943b2fa99ee9c1214fb7c695b84f9f661a050a5cd04d9c5c2ffc7bc59f73
OTM2_NEXT1_K3M4,2026-01-13,2025-12-23,2026-01-07T10:00:00+05:30,2026-01-12T14:00:00+05:30,26138.95,26200.0,26250.0,26300.0,88.5,67.65,50.25,83.39999999999998,4.0,0.39748201438848907,USABLE_OHLC,upstox_intraday/NIFTY/NIFTY_2026.parquet,bae9943b2fa99ee9c1214fb7c695b84f9f661a050a5cd04d9c5c2ffc7bc59f73
OTM2_NEXT2_K3M0.5,2026-01-13,2025-12-23,2026-01-07T10:00:00+05:30,2026-01-12T14:00:00+05:30,26138.95,26200.0,26300.0,26450.0,88.5,50.25,18.8,19.125,0.5,0.016993464052287546,USABLE_OHLC,upstox_intraday/NIFTY/NIFTY_2026.parquet,bae9943b2fa99ee9c1214fb7c695b84f9f661a050a5cd04d9c5c2ffc7bc59f73
OTM2_NEXT2_K3M1,2026-01-13,2025-12-23,2026-01-07T10:00:00+05:30,2026-01-12T14:00:00+05:30,26138.95,26200.0,26300.0,26350.0,88.5,50.25,36.4,38.25,1.0,0.04836601307189546,USABLE_OHLC,upstox_intraday/NIFTY/NIFTY_2026.parquet,bae9943b2fa99ee9c1214fb7c695b84f9f661a050a5cd04d9c5c2ffc7bc59f73
OTM2_NEXT2_K3M1.5,2026-01-13,2025-12-23,2026-01-07T10:00:00+05:30,2026-01-12T14:00:00+05:30,26138.95,26200.0,26300.0,26350.0,88.5,50.25,36.4,57.375,1.5,0.3655773420479303,USABLE_OHLC,upstox_intraday/NIFTY/NIFTY_2026.parquet,bae9943b2fa99ee9c1214fb7c695b84f9f661a050a5cd04d9c5c2ffc7bc59f73
OTM2_NEXT2_K3M2,2026-01-13,2025-12-23,2026-01-07T10:00:00+05:30,2026-01-12T14:00:00+05:30,26138.95,26200.0,26300.0,26350.0,88.5,50.25,36.4,76.5,2.0,0.5241830065359477,USABLE_OHLC,upstox_intraday/NIFTY/NIFTY_2026.parquet,bae9943b2fa99ee9c1214fb7c695b84f9f661a050a5cd04d9c5c2ffc7bc59f73
OTM2_NEXT2_K3M2.5,2026-01-13,2025-12-23,2026-01-07T10:00:00+05:30,2026-01-12T14:00:00+05:30,26138.95,26200.0,26300.0,26350.0,88.5,50.25,36.4,95.625,2.5,0.6193464052287582,USABLE_OHLC,upstox_intraday/NIFTY/NIFTY_2026.parquet,bae9943b2fa99ee9c1214fb7c695b84f9f661a050a5cd04d9c5c2ffc7bc59f73
OTM2_NEXT2_K3M3,2026-01-13,2025-12-23,2026-01-07T10:00:00+05:30,2026-01-12T14:00:00+05:30,26138.95,26200.0,26300.0,26350.0,88.5,50.25,36.4,114.75,3.0,0.6827886710239651,USABLE_OHLC,upstox_intraday/NIFTY/NIFTY_2026.parquet,bae9943b2fa99ee9c1214fb7c695b84f9f661a050a5cd04d9c5c2ffc7bc59f73
OTM2_NEXT2_K3M4,2026-01-13,2025-12-23,2026-01-07T10:00:00+05:30,2026-01-12T14:00:00+05:30,26138.95,26200.0,26300.0,26350.0,88.5,50.25,36.4,153.0,4.0,0.7620915032679738,USABLE_OHLC,upstox_intraday/NIFTY/NIFTY_2026.parquet,bae9943b2fa99ee9c1214fb7c695b84f9f661a050a5cd04d9c5c2ffc7bc59f73
OTM2_NEXT3_K3M0.5,2026-01-13,2025-12-23,2026-01-07T10:00:00+05:30,2026-01-12T14:00:00+05:30,26138.95,26200.0,26350.0,26400.0,88.5,36.4,26.25,26.05,0.5,0.007677543186180395,USABLE_OHLC,upstox_intraday/NIFTY/NIFTY_2026.parquet,bae9943b2fa99ee9c1214fb7c695b84f9f661a050a5cd04d9c5c2ffc7bc59f73
OTM2_NEXT3_K3M1,2026-01-13,2025-12-23,2026-01-07T10:00:00+05:30,2026-01-12T14:00:00+05:30,26138.95,26200.0,26350.0,26400.0,88.5,36.4,26.25,52.1,1.0,0.4961612284069098,USABLE_OHLC,upstox_intraday/NIFTY/NIFTY_2026.parquet,bae9943b2fa99ee9c1214fb7c695b84f9f661a050a5cd04d9c5c2ffc7bc59f73
OTM2_NEXT3_K3M1.5,2026-01-13,2025-12-23,2026-01-07T10:00:00+05:30,2026-01-12T14:00:00+05:30,26138.95,26200.0,26350.0,26400.0,88.5,36.4,26.25,78.15,1.5,0.6641074856046065,USABLE_OHLC,upstox_intraday/NIFTY/NIFTY_2026.parquet,bae9943b2fa99ee9c1214fb7c695b84f9f661a050a5cd04d9c5c2ffc7bc59f73
OTM2_NEXT3_K3M2,2026-01-13,2025-12-23,2026-01-07T10:00:00+05:30,2026-01-12T14:00:00+05:30,26138.95,26200.0,26350.0,26400.0,88.5,36.4,26.25,104.2,2.0,0.748080614203455,USABLE_OHLC,upstox_intraday/NIFTY/NIFTY_2026.parquet,bae9943b2fa99ee9c1214fb7c695b84f9f661a050a5cd04d9c5c2ffc7bc59f73
OTM2_NEXT3_K3M2.5,2026-01-13,2025-12-23,2026-01-07T10:00:00+05:30,2026-01-12T14:00:00+05:30,26138.95,26200.0,26350.0,26400.0,88.5,36.4,26.25,130.25,2.5,0.7984644913627639,USABLE_OHLC,upstox_intraday/NIFTY/NIFTY_2026.parquet,bae9943b2fa99ee9c1214fb7c695b84f9f661a050a5cd04d9c5c2ffc7bc59f73
OTM2_NEXT3_K3M3,2026-01-13,2025-12-23,2026-01-07T10:00:00+05:30,2026-01-12T14:00:00+05:30,26138.95,26200.0,26350.0,26400.0,88.5,36.4,26.25,156.3,3.0,0.8320537428023033,USABLE_OHLC,upstox_intraday/NIFTY/NIFTY_2026.parquet,bae9943b2fa99ee9c1214fb7c695b84f9f661a050a5cd04d9c5c2ffc7bc59f73
OTM2_NEXT3_K3M4,2026-01-13,2025-12-23,2026-01-07T10:00:00+05:30,2026-01-12T14:00:00+05:30,26138.95,26200.0,26350.0,26400.0,88.5,36.4,26.25,208.4,4.0,0.8740403071017274,USABLE_OHLC,upstox_intraday/NIFTY/NIFTY_2026.parquet,bae9943b2fa99ee9c1214fb7c695b84f9f661a050a5cd04d9c5c2ffc7bc59f73
OTM2_MIRROR_GAP_K3M0.5,2026-01-13,2025-12-23,2026-01-07T10:00:00+05:30,2026-01-12T14:00:00+05:30,26138.95,26200.0,26250.0,26550.0,88.5,67.65,9.8,10.424999999999997,0.5,0.05995203836930423,USABLE_OHLC,upstox_intraday/NIFTY/NIFTY_2026.parquet,bae9943b2fa99ee9c1214fb7c695b84f9f661a050a5cd04d9c5c2ffc7bc59f73
OTM2_MIRROR_GAP_K3M1,2026-01-13,2025-12-23,2026-01-07T10:00:00+05:30,2026-01-12T14:00:00+05:30,26138.95,26200.0,26250.0,26450.0,88.5,67.65,18.8,20.849999999999994,1.0,0.0983213429256592,USABLE_OHLC,upstox_intraday/NIFTY/NIFTY_2026.parquet,bae9943b2fa99ee9c1214fb7c695b84f9f661a050a5cd04d9c5c2ffc7bc59f73
OTM2_MIRROR_GAP_K3M1.5,2026-01-13,2025-12-23,2026-01-07T10:00:00+05:30,2026-01-12T14:00:00+05:30,26138.95,26200.0,26250.0,26400.0,88.5,67.65,26.25,31.27499999999999,1.5,0.160671462829736,USABLE_OHLC,upstox_intraday/NIFTY/NIFTY_2026.parquet,bae9943b2fa99ee9c1214fb7c695b84f9f661a050a5cd04d9c5c2ffc7bc59f73
OTM2_MIRROR_GAP_K3M2,2026-01-13,2025-12-23,2026-01-07T10:00:00+05:30,2026-01-12T14:00:00+05:30,26138.95,26200.0,26250.0,26350.0,88.5,67.65,36.4,41.69999999999999,2.0,0.12709832134292545,USABLE_OHLC,upstox_intraday/NIFTY/NIFTY_2026.parquet,bae9943b2fa99ee9c1214fb7c695b84f9f661a050a5cd04d9c5c2ffc7bc59f73
OTM2_MIRROR_GAP_K3M2.5,2026-01-13,2025-12-23,2026-01-07T10:00:00+05:30,2026-01-12T14:00:00+05:30,26138.95,26200.0,26250.0,26300.0,88.5,67.65,50.25,52.124999999999986,2.5,0.03597122302158247,USABLE_OHLC,upstox_intraday/NIFTY/NIFTY_2026.parquet,bae9943b2fa99ee9c1214fb7c695b84f9f661a050a5cd04d9c5c2ffc7bc59f73
OTM2_MIRROR_GAP_K3M3,2026-01-13,2025-12-23,2026-01-07T10:00:00+05:30,2026-01-12T14:00:00+05:30,26138.95,26200.0,26250.0,26300.0,88.5,67.65,50.25,62.54999999999998,3.0,0.19664268585131872,USABLE_OHLC,upstox_intraday/NIFTY/NIFTY_2026.parquet,bae9943b2fa99ee9c1214fb7c695b84f9f661a050a5cd04d9c5c2ffc7bc59f73
OTM2_MIRROR_GAP_K3M4,2026-01-13,2025-12-23,2026-01-07T10:00:00+05:30,2026-01-12T14:00:00+05:30,26138.95,26200.0,26250.0,26300.0,88.5,67.65,50.25,83.39999999999998,4.0,0.39748201438848907,USABLE_OHLC,upstox_intraday/NIFTY/NIFTY_2026.parquet,bae9943b2fa99ee9c1214fb7c695b84f9f661a050a5cd04d9c5c2ffc7bc59f73
OTM3_NEXT1_K3M0.5,2026-01-13,2025-12-23,2026-01-07T10:00:00+05:30,2026-01-12T14:00:00+05:30,26138.95,26250.0,26300.0,26550.0,67.65,50.25,9.8,8.700000000000003,0.5,0.1264367816091951,USABLE_OHLC,upstox_intraday/NIFTY/NIFTY_2026.parquet,bae9943b2fa99ee9c1214fb7c695b84f9f661a050a5cd04d9c5c2ffc7bc59f73
OTM3_NEXT1_K3M1,2026-01-13,2025-12-23,2026-01-07T10:00:00+05:30,2026-01-12T14:00:00+05:30,26138.95,26250.0,26300.0,26450.0,67.65,50.25,18.8,17.400000000000006,1.0,0.08045977011494222,USABLE_OHLC,upstox_intraday/NIFTY/NIFTY_2026.parquet,bae9943b2fa99ee9c1214fb7c695b84f9f661a050a5cd04d9c5c2ffc7bc59f73
OTM3_NEXT1_K3M1.5,2026-01-13,2025-12-23,2026-01-07T10:00:00+05:30,2026-01-12T14:00:00+05:30,26138.95,26250.0,26300.0,26400.0,67.65,50.25,26.25,26.10000000000001,1.5,0.00574712643678128,USABLE_OHLC,upstox_intraday/NIFTY/NIFTY_2026.parquet,bae9943b2fa99ee9c1214fb7c695b84f9f661a050a5cd04d9c5c2ffc7bc59f73
OTM3_NEXT1_K3M2,2026-01-13,2025-12-23,2026-01-07T10:00:00+05:30,2026-01-12T14:00:00+05:30,26138.95,26250.0,26300.0,26350.0,67.65,50.25,36.4,34.80000000000001,2.0,0.04597701149425249,USABLE_OHLC,upstox_intraday/NIFTY/NIFTY_2026.parquet,bae9943b2fa99ee9c1214fb7c695b84f9f661a050a5cd04d9c5c2ffc7bc59f73
OTM3_NEXT1_K3M2.5,2026-01-13,2025-12-23,2026-01-07T10:00:00+05:30,2026-01-12T14:00:00+05:30,26138.95,26250.0,26300.0,26350.0,67.65,50.25,36.4,43.500000000000014,2.5,0.16321839080459802,USABLE_OHLC,upstox_intraday/NIFTY/NIFTY_2026.parquet,bae9943b2fa99ee9c1214fb7c695b84f9f661a050a5cd04d9c5c2ffc7bc59f73
OTM3_NEXT1_K3M3,2026-01-13,2025-12-23,2026-01-07T10:00:00+05:30,2026-01-12T14:00:00+05:30,26138.95,26250.0,26300.0,26350.0,67.65,50.25,36.4,52.20000000000002,3.0,0.30268199233716503,USABLE_OHLC,upstox_intraday/NIFTY/NIFTY_2026.parquet,bae9943b2fa99ee9c1214fb7c695b84f9f661a050a5cd04d9c5c2ffc7bc59f73
OTM3_NEXT1_K3M4,2026-01-13,2025-12-23,2026-01-07T10:00:00+05:30,2026-01-12T14:00:00+05:30,26138.95,26250.0,26300.0,26350.0,67.65,50.25,36.4,69.60000000000002,4.0,0.47701149425287376,USABLE_OHLC,upstox_intraday/NIFTY/NIFTY_2026.parquet,bae9943b2fa99ee9c1214fb7c695b84f9f661a050a5cd04d9c5c2ffc7bc59f73
OTM3_NEXT2_K3M0.5,2026-01-13,2025-12-23,2026-01-07T10:00:00+05:30,2026-01-12T14:00:00+05:30,26138.95,26250.0,26350.0,26500.0,67.65,36.4,13.35,15.625000000000004,0.5,0.14560000000000023,USABLE_OHLC,upstox_intraday/NIFTY/NIFTY_2026.parquet,bae9943b2fa99ee9c1214fb7c695b84f9f661a050a5cd04d9c5c2ffc7bc59f73
OTM3_NEXT2_K3M1,2026-01-13,2025-12-23,2026-01-07T10:00:00+05:30,2026-01-12T14:00:00+05:30,26138.95,26250.0,26350.0,26400.0,67.65,36.4,26.25,31.250000000000007,1.0,0.1600000000000002,USABLE_OHLC,upstox_intraday/NIFTY/NIFTY_2026.parquet,bae9943b2fa99ee9c1214fb7c695b84f9f661a050a5cd04d9c5c2ffc7bc59f73
OTM3_NEXT2_K3M1.5,2026-01-13,2025-12-23,2026-01-07T10:00:00+05:30,2026-01-12T14:00:00+05:30,26138.95,26250.0,26350.0,26400.0,67.65,36.4,26.25,46.875000000000014,1.5,0.44000000000000017,USABLE_OHLC,upstox_intraday/NIFTY/NIFTY_2026.parquet,bae9943b2fa99ee9c1214fb7c695b84f9f661a050a5cd04d9c5c2ffc7bc59f73
OTM3_NEXT2_K3M2,2026-01-13,2025-12-23,2026-01-07T10:00:00+05:30,2026-01-12T14:00:00+05:30,26138.95,26250.0,26350.0,26400.0,67.65,36.4,26.25,62.500000000000014,2.0,0.5800000000000001,USABLE_OHLC,upstox_intraday/NIFTY/NIFTY_2026.parquet,bae9943b2fa99ee9c1214fb7c695b84f9f661a050a5cd04d9c5c2ffc7bc59f73
OTM3_NEXT2_K3M2.5,2026-01-13,2025-12-23,2026-01-07T10:00:00+05:30,2026-01-12T14:00:00+05:30,26138.95,26250.0,26350.0,26400.0,67.65,36.4,26.25,78.12500000000001,2.5,0.664,USABLE_OHLC,upstox_intraday/NIFTY/NIFTY_2026.parquet,bae9943b2fa99ee9c1214fb7c695b84f9f661a050a5cd04d9c5c2ffc7bc59f73
OTM3_NEXT2_K3M3,2026-01-13,2025-12-23,2026-01-07T10:00:00+05:30,2026-01-12T14:00:00+05:30,26138.95,26250.0,26350.0,26400.0,67.65,36.4,26.25,93.75000000000003,3.0,0.7200000000000001,USABLE_OHLC,upstox_intraday/NIFTY/NIFTY_2026.parquet,bae9943b2fa99ee9c1214fb7c695b84f9f661a050a5cd04d9c5c2ffc7bc59f73
OTM3_NEXT2_K3M4,2026-01-13,2025-12-23,2026-01-07T10:00:00+05:30,2026-01-12T14:00:00+05:30,26138.95,26250.0,26350.0,26400.0,67.65,36.4,26.25,125.00000000000003,4.0,0.79,USABLE_OHLC,upstox_intraday/NIFTY/NIFTY_2026.parquet,bae9943b2fa99ee9c1214fb7c695b84f9f661a050a5cd04d9c5c2ffc7bc59f73
OTM3_NEXT3_K3M0.5,2026-01-13,2025-12-23,2026-01-07T10:00:00+05:30,2026-01-12T14:00:00+05:30,26138.95,26250.0,26400.0,26450.0,67.65,26.25,18.8,20.700000000000003,0.5,0.09178743961352666,USABLE_OHLC,upstox_intraday/NIFTY/NIFTY_2026.parquet,bae9943b2fa99ee9c1214fb7c695b84f9f661a050a5cd04d9c5c2ffc7bc59f73
OTM3_NEXT3_K3M1,2026-01-13,2025-12-23,2026-01-07T10:00:00+05:30,2026-01-12T14:00:00+05:30,26138.95,26250.0,26400.0,26450.0,67.65,26.25,18.8,41.400000000000006,1.0,0.5458937198067634,USABLE_OHLC,upstox_intraday/NIFTY/NIFTY_2026.parquet,bae9943b2fa99ee9c1214fb7c695b84f9f661a050a5cd04d9c5c2ffc7bc59f73
OTM3_NEXT3_K3M1.5,2026-01-13,2025-12-23,2026-01-07T10:00:00+05:30,2026-01-12T14:00:00+05:30,26138.95,26250.0,26400.0,26450.0,67.65,26.25,18.8,62.10000000000001,1.5,0.6972624798711756,USABLE_OHLC,upstox_intraday/NIFTY/NIFTY_2026.parquet,bae9943b2fa99ee9c1214fb7c695b84f9f661a050a5cd04d9c5c2ffc7bc59f73
OTM3_NEXT3_K3M2,2026-01-13,2025-12-23,2026-01-07T10:00:00+05:30,2026-01-12T14:00:00+05:30,26138.95,26250.0,26400.0,26450.0,67.65,26.25,18.8,82.80000000000001,2.0,0.7729468599033817,USABLE_OHLC,upstox_intraday/NIFTY/NIFTY_2026.parquet,bae9943b2fa99ee9c1214fb7c695b84f9f661a050a5cd04d9c5c2ffc7bc59f73
OTM3_NEXT3_K3M2.5,2026-01-13,2025-12-23,2026-01-07T10:00:00+05:30,2026-01-12T14:00:00+05:30,26138.95,26250.0,26400.0,26450.0,67.65,26.25,18.8,103.50000000000001,2.5,0.8183574879227054,USABLE_OHLC,upstox_intraday/NIFTY/NIFTY_2026.parquet,bae9943b2fa99ee9c1214fb7c695b84f9f661a050a5cd04d9c5c2ffc7bc59f73
OTM3_NEXT3_K3M3,2026-01-13,2025-12-23,2026-01-07T10:00:00+05:30,2026-01-12T14:00:00+05:30,26138.95,26250.0,26400.0,26450.0,67.65,26.25,18.8,124.20000000000002,3.0,0.8486312399355878,USABLE_OHLC,upstox_intraday/NIFTY/NIFTY_2026.parquet,bae9943b2fa99ee9c1214fb7c695b84f9f661a050a5cd04d9c5c2ffc7bc59f73
OTM3_NEXT3_K3M4,2026-01-13,2025-12-23,2026-01-07T10:00:00+05:30,2026-01-12T14:00:00+05:30,26138.95,26250.0,26400.0,26450.0,67.65,26.25,18.8,165.60000000000002,4.0,0.8864734299516908,USABLE_OHLC,upstox_intraday/NIFTY/NIFTY_2026.parquet,bae9943b2fa99ee9c1214fb7c695b84f9f661a050a5cd04d9c5c2ffc7bc59f73
OTM3_MIRROR_GAP_K3M0.5,2026-01-13,2025-12-23,2026-01-07T10:00:00+05:30,2026-01-12T14:00:00+05:30,26138.95,26250.0,26350.0,26500.0,67.65,36.4,13.35,15.625000000000004,0.5,0.14560000000000023,USABLE_OHLC,upstox_intraday/NIFTY/NIFTY_2026.parquet,bae9943b2fa99ee9c1214fb7c695b84f9f661a050a5cd04d9c5c2ffc7bc59f73
OTM3_MIRROR_GAP_K3M1,2026-01-13,2025-12-23,2026-01-07T10:00:00+05:30,2026-01-12T14:00:00+05:30,26138.95,26250.0,26350.0,26400.0,67.65,36.4,26.25,31.250000000000007,1.0,0.1600000000000002,USABLE_OHLC,upstox_intraday/NIFTY/NIFTY_2026.parquet,bae9943b2fa99ee9c1214fb7c695b84f9f661a050a5cd04d9c5c2ffc7bc59f73
OTM3_MIRROR_GAP_K3M1.5,2026-01-13,2025-12-23,2026-01-07T10:00:00+05:30,2026-01-12T14:00:00+05:30,26138.95,26250.0,26350.0,26400.0,67.65,36.4,26.25,46.875000000000014,1.5,0.44000000000000017,USABLE_OHLC,upstox_intraday/NIFTY/NIFTY_2026.parquet,bae9943b2fa99ee9c1214fb7c695b84f9f661a050a5cd04d9c5c2ffc7bc59f73
OTM3_MIRROR_GAP_K3M2,2026-01-13,2025-12-23,2026-01-07T10:00:00+05:30,2026-01-12T14:00:00+05:30,26138.95,26250.0,26350.0,26400.0,67.65,36.4,26.25,62.500000000000014,2.0,0.5800000000000001,USABLE_OHLC,upstox_intraday/NIFTY/NIFTY_2026.parquet,bae9943b2fa99ee9c1214fb7c695b84f9f661a050a5cd04d9c5c2ffc7bc59f73
OTM3_MIRROR_GAP_K3M2.5,2026-01-13,2025-12-23,2026-01-07T10:00:00+05:30,2026-01-12T14:00:00+05:30,26138.95,26250.0,26350.0,26400.0,67.65,36.4,26.25,78.12500000000001,2.5,0.664,USABLE_OHLC,upstox_intraday/NIFTY/NIFTY_2026.parquet,bae9943b2fa99ee9c1214fb7c695b84f9f661a050a5cd04d9c5c2ffc7bc59f73
OTM3_MIRROR_GAP_K3M3,2026-01-13,2025-12-23,2026-01-07T10:00:00+05:30,2026-01-12T14:00:00+05:30,26138.95,26250.0,26350.0,26400.0,67.65,36.4,26.25,93.75000000000003,3.0,0.7200000000000001,USABLE_OHLC,upstox_intraday/NIFTY/NIFTY_2026.parquet,bae9943b2fa99ee9c1214fb7c695b84f9f661a050a5cd04d9c5c2ffc7bc59f73
OTM3_MIRROR_GAP_K3M4,2026-01-13,2025-12-23,2026-01-07T10:00:00+05:30,2026-01-12T14:00:00+05:30,26138.95,26250.0,26350.0,26400.0,67.65,36.4,26.25,125.00000000000003,4.0,0.79,USABLE_OHLC,upstox_intraday/NIFTY/NIFTY_2026.parquet,bae9943b2fa99ee9c1214fb7c695b84f9f661a050a5cd04d9c5c2ffc7bc59f73
ATM_NEAREST_NEXT1_K3M0.5,2026-01-13,2025-12-23,2026-01-07T10:00:00+05:30,2026-01-12T14:00:00+05:30,26138.95,26150.0,26200.0,26500.0,113.7,88.5,13.35,12.600000000000001,0.5,0.059523809523809375,USABLE_OHLC,upstox_intraday/NIFTY/NIFTY_2026.parquet,bae9943b2fa99ee9c1214fb7c695b84f9f661a050a5cd04d9c5c2ffc7bc59f73
ATM_NEAREST_NEXT1_K3M1,2026-01-13,2025-12-23,2026-01-07T10:00:00+05:30,2026-01-12T14:00:00+05:30,26138.95,26150.0,26200.0,26400.0,113.7,88.5,26.25,25.200000000000003,1.0,0.041666666666666546,USABLE_OHLC,upstox_intraday/NIFTY/NIFTY_2026.parquet,bae9943b2fa99ee9c1214fb7c695b84f9f661a050a5cd04d9c5c2ffc7bc59f73
ATM_NEAREST_NEXT1_K3M1.5,2026-01-13,2025-12-23,2026-01-07T10:00:00+05:30,2026-01-12T14:00:00+05:30,26138.95,26150.0,26200.0,26350.0,113.7,88.5,36.4,37.800000000000004,1.5,0.03703703703703718,USABLE_OHLC,upstox_intraday/NIFTY/NIFTY_2026.parquet,bae9943b2fa99ee9c1214fb7c695b84f9f661a050a5cd04d9c5c2ffc7bc59f73
ATM_NEAREST_NEXT1_K3M2,2026-01-13,2025-12-23,2026-01-07T10:00:00+05:30,2026-01-12T14:00:00+05:30,26138.95,26150.0,26200.0,26300.0,113.7,88.5,50.25,50.400000000000006,2.0,0.0029761904761905888,USABLE_OHLC,upstox_intraday/NIFTY/NIFTY_2026.parquet,bae9943b2fa99ee9c1214fb7c695b84f9f661a050a5cd04d9c5c2ffc7bc59f73
ATM_NEAREST_NEXT1_K3M2.5,2026-01-13,2025-12-23,2026-01-07T10:00:00+05:30,2026-01-12T14:00:00+05:30,26138.95,26150.0,26200.0,26250.0,113.7,88.5,67.65,63.00000000000001,2.5,0.07380952380952378,USABLE_OHLC,upstox_intraday/NIFTY/NIFTY_2026.parquet,bae9943b2fa99ee9c1214fb7c695b84f9f661a050a5cd04d9c5c2ffc7bc59f73
ATM_NEAREST_NEXT1_K3M3,2026-01-13,2025-12-23,2026-01-07T10:00:00+05:30,2026-01-12T14:00:00+05:30,26138.95,26150.0,26200.0,26250.0,113.7,88.5,67.65,75.60000000000001,3.0,0.10515873015873019,USABLE_OHLC,upstox_intraday/NIFTY/NIFTY_2026.parquet,bae9943b2fa99ee9c1214fb7c695b84f9f661a050a5cd04d9c5c2ffc7bc59f73
ATM_NEAREST_NEXT1_K3M4,2026-01-13,2025-12-23,2026-01-07T10:00:00+05:30,2026-01-12T14:00:00+05:30,26138.95,26150.0,26200.0,26250.0,113.7,88.5,67.65,100.80000000000001,4.0,0.3288690476190476,USABLE_OHLC,upstox_intraday/NIFTY/NIFTY_2026.parquet,bae9943b2fa99ee9c1214fb7c695b84f9f661a050a5cd04d9c5c2ffc7bc59f73
ATM_NEAREST_NEXT2_K3M0.5,2026-01-13,2025-12-23,2026-01-07T10:00:00+05:30,2026-01-12T14:00:00+05:30,26138.95,26150.0,26250.0,26400.0,113.7,67.65,26.25,23.025,0.5,0.14006514657980462,USABLE_OHLC,upstox_intraday/NIFTY/NIFTY_2026.parquet,bae9943b2fa99ee9c1214fb7c695b84f9f661a050a5cd04d9c5c2ffc7bc59f73
ATM_NEAREST_NEXT2_K3M1,2026-01-13,2025-12-23,2026-01-07T10:00:00+05:30,2026-01-12T14:00:00+05:30,26138.95,26150.0,26250.0,26300.0,113.7,67.65,50.25,46.05,1.0,0.09120521172638443,USABLE_OHLC,upstox_intraday/NIFTY/NIFTY_2026.parquet,bae9943b2fa99ee9c1214fb7c695b84f9f661a050a5cd04d9c5c2ffc7bc59f73
ATM_NEAREST_NEXT2_K3M1.5,2026-01-13,2025-12-23,2026-01-07T10:00:00+05:30,2026-01-12T14:00:00+05:30,26138.95,26150.0,26250.0,26300.0,113.7,67.65,50.25,69.07499999999999,1.5,0.272529858849077,USABLE_OHLC,upstox_intraday/NIFTY/NIFTY_2026.parquet,bae9943b2fa99ee9c1214fb7c695b84f9f661a050a5cd04d9c5c2ffc7bc59f73
ATM_NEAREST_NEXT2_K3M2,2026-01-13,2025-12-23,2026-01-07T10:00:00+05:30,2026-01-12T14:00:00+05:30,26138.95,26150.0,26250.0,26300.0,113.7,67.65,50.25,92.1,2.0,0.4543973941368078,USABLE_OHLC,upstox_intraday/NIFTY/NIFTY_2026.parquet,bae9943b2fa99ee9c1214fb7c695b84f9f661a050a5cd04d9c5c2ffc7bc59f73
ATM_NEAREST_NEXT2_K3M2.5,2026-01-13,2025-12-23,2026-01-07T10:00:00+05:30,2026-01-12T14:00:00+05:30,26138.95,26150.0,26250.0,26300.0,113.7,67.65,50.25,115.125,2.5,0.5635179153094463,USABLE_OHLC,upstox_intraday/NIFTY/NIFTY_2026.parquet,bae9943b2fa99ee9c1214fb7c695b84f9f661a050a5cd04d9c5c2ffc7bc59f73
ATM_NEAREST_NEXT2_K3M3,2026-01-13,2025-12-23,2026-01-07T10:00:00+05:30,2026-01-12T14:00:00+05:30,26138.95,26150.0,26250.0,26300.0,113.7,67.65,50.25,138.14999999999998,3.0,0.6362649294245385,USABLE_OHLC,upstox_intraday/NIFTY/NIFTY_2026.parquet,bae9943b2fa99ee9c1214fb7c695b84f9f661a050a5cd04d9c5c2ffc7bc59f73
ATM_NEAREST_NEXT2_K3M4,2026-01-13,2025-12-23,2026-01-07T10:00:00+05:30,2026-01-12T14:00:00+05:30,26138.95,26150.0,26250.0,26300.0,113.7,67.65,50.25,184.2,4.0,0.7271986970684039,USABLE_OHLC,upstox_intraday/NIFTY/NIFTY_2026.parquet,bae9943b2fa99ee9c1214fb7c695b84f9f661a050a5cd04d9c5c2ffc7bc59f73
ATM_NEAREST_NEXT3_K3M0.5,2026-01-13,2025-12-23,2026-01-07T10:00:00+05:30,2026-01-12T14:00:00+05:30,26138.95,26150.0,26300.0,26350.0,113.7,50.25,36.4,31.725,0.5,0.14736012608353025,USABLE_OHLC,upstox_intraday/NIFTY/NIFTY_2026.parquet,bae9943b2fa99ee9c1214fb7c695b84f9f661a050a5cd04d9c5c2ffc7bc59f73
ATM_NEAREST_NEXT3_K3M1,2026-01-13,2025-12-23,2026-01-07T10:00:00+05:30,2026-01-12T14:00:00+05:30,26138.95,26150.0,26300.0,26350.0,113.7,50.25,36.4,63.45,1.0,0.4263199369582349,USABLE_OHLC,upstox_intraday/NIFTY/NIFTY_2026.parquet,bae9943b2fa99ee9c1214fb7c695b84f9f661a050a5cd04d9c5c2ffc7bc59f73
ATM_NEAREST_NEXT3_K3M1.5,2026-01-13,2025-12-23,2026-01-07T10:00:00+05:30,2026-01-12T14:00:00+05:30,26138.95,26150.0,26300.0,26350.0,113.7,50.25,36.4,95.17500000000001,1.5,0.6175466246388233,USABLE_OHLC,upstox_intraday/NIFTY/NIFTY_2026.parquet,bae9943b2fa99ee9c1214fb7c695b84f9f661a050a5cd04d9c5c2ffc7bc59f73
ATM_NEAREST_NEXT3_K3M2,2026-01-13,2025-12-23,2026-01-07T10:00:00+05:30,2026-01-12T14:00:00+05:30,26138.95,26150.0,26300.0,26350.0,113.7,50.25,36.4,126.9,2.0,0.7131599684791173,USABLE_OHLC,upstox_intraday/NIFTY/NIFTY_2026.parquet,bae9943b2fa99ee9c1214fb7c695b84f9f661a050a5cd04d9c5c2ffc7bc59f73
ATM_NEAREST_NEXT3_K3M2.5,2026-01-13,2025-12-23,2026-01-07T10:00:00+05:30,2026-01-12T14:00:00+05:30,26138.95,26150.0,26300.0,26350.0,113.7,50.25,36.4,158.625,2.5,0.7705279747832939,USABLE_OHLC,upstox_intraday/NIFTY/NIFTY_2026.parquet,bae9943b2fa99ee9c1214fb7c695b84f9f661a050a5cd04d9c5c2ffc7bc59f73
ATM_NEAREST_NEXT3_K3M3,2026-01-13,2025-12-23,2026-01-07T10:00:00+05:30,2026-01-12T14:00:00+05:30,26138.95,26150.0,26300.0,26350.0,113.7,50.25,36.4,190.35000000000002,3.0,0.8087733123194116,USABLE_OHLC,upstox_intraday/NIFTY/NIFTY_2026.parquet,bae9943b2fa99ee9c1214fb7c695b84f9f661a050a5cd04d9c5c2ffc7bc59f73
ATM_NEAREST_NEXT3_K3M4,2026-01-13,2025-12-23,2026-01-07T10:00:00+05:30,2026-01-12T14:00:00+05:30,26138.95,26150.0,26300.0,26350.0,113.7,50.25,36.4,253.8,4.0,0.8565799842395587,USABLE_OHLC,upstox_intraday/NIFTY/NIFTY_2026.parquet,bae9943b2fa99ee9c1214fb7c695b84f9f661a050a5cd04d9c5c2ffc7bc59f73
ATM_NEAREST_MIRROR_GAP_K3M0.5,2026-01-13,2025-12-23,2026-01-07T10:00:00+05:30,2026-01-12T14:00:00+05:30,26138.95,26150.0,26200.0,26500.0,113.7,88.5,13.35,12.600000000000001,0.5,0.059523809523809375,USABLE_OHLC,upstox_intraday/NIFTY/NIFTY_2026.parquet,bae9943b2fa99ee9c1214fb7c695b84f9f661a050a5cd04d9c5c2ffc7bc59f73
ATM_NEAREST_MIRROR_GAP_K3M1,2026-01-13,2025-12-23,2026-01-07T10:00:00+05:30,2026-01-12T14:00:00+05:30,26138.95,26150.0,26200.0,26400.0,113.7,88.5,26.25,25.200000000000003,1.0,0.041666666666666546,USABLE_OHLC,upstox_intraday/NIFTY/NIFTY_2026.parquet,bae9943b2fa99ee9c1214fb7c695b84f9f661a050a5cd04d9c5c2ffc7bc59f73
ATM_NEAREST_MIRROR_GAP_K3M1.5,2026-01-13,2025-12-23,2026-01-07T10:00:00+05:30,2026-01-12T14:00:00+05:30,26138.95,26150.0,26200.0,26350.0,113.7,88.5,36.4,37.800000000000004,1.5,0.03703703703703718,USABLE_OHLC,upstox_intraday/NIFTY/NIFTY_2026.parquet,bae9943b2fa99ee9c1214fb7c695b84f9f661a050a5cd04d9c5c2ffc7bc59f73
ATM_NEAREST_MIRROR_GAP_K3M2,2026-01-13,2025-12-23,2026-01-07T10:00:00+05:30,2026-01-12T14:00:00+05:30,26138.95,26150.0,26200.0,26300.0,113.7,88.5,50.25,50.400000000000006,2.0,0.0029761904761905888,USABLE_OHLC,upstox_intraday/NIFTY/NIFTY_2026.parquet,bae9943b2fa99ee9c1214fb7c695b84f9f661a050a5cd04d9c5c2ffc7bc59f73
ATM_NEAREST_MIRROR_GAP_K3M2.5,2026-01-13,2025-12-23,2026-01-07T10:00:00+05:30,2026-01-12T14:00:00+05:30,26138.95,26150.0,26200.0,26250.0,113.7,88.5,67.65,63.00000000000001,2.5,0.07380952380952378,USABLE_OHLC,upstox_intraday/NIFTY/NIFTY_2026.parquet,bae9943b2fa99ee9c1214fb7c695b84f9f661a050a5cd04d9c5c2ffc7bc59f73
ATM_NEAREST_MIRROR_GAP_K3M3,2026-01-13,2025-12-23,2026-01-07T10:00:00+05:30,2026-01-12T14:00:00+05:30,26138.95,26150.0,26200.0,26250.0,113.7,88.5,67.65,75.60000000000001,3.0,0.10515873015873019,USABLE_OHLC,upstox_intraday/NIFTY/NIFTY_2026.parquet,bae9943b2fa99ee9c1214fb7c695b84f9f661a050a5cd04d9c5c2ffc7bc59f73
ATM_NEAREST_MIRROR_GAP_K3M4,2026-01-13,2025-12-23,2026-01-07T10:00:00+05:30,2026-01-12T14:00:00+05:30,26138.95,26150.0,26200.0,26250.0,113.7,88.5,67.65,100.80000000000001,4.0,0.3288690476190476,USABLE_OHLC,upstox_intraday/NIFTY/NIFTY_2026.parquet,bae9943b2fa99ee9c1214fb7c695b84f9f661a050a5cd04d9c5c2ffc7bc59f73
ATM_UP_NEXT1_K3M0.5,2026-01-13,2025-12-23,2026-01-07T10:00:00+05:30,2026-01-12T14:00:00+05:30,26138.95,26150.0,26200.0,26500.0,113.7,88.5,13.35,12.600000000000001,0.5,0.059523809523809375,USABLE_OHLC,upstox_intraday/NIFTY/NIFTY_2026.parquet,bae9943b2fa99ee9c1214fb7c695b84f9f661a050a5cd04d9c5c2ffc7bc59f73
ATM_UP_NEXT1_K3M1,2026-01-13,2025-12-23,2026-01-07T10:00:00+05:30,2026-01-12T14:00:00+05:30,26138.95,26150.0,26200.0,26400.0,113.7,88.5,26.25,25.200000000000003,1.0,0.041666666666666546,USABLE_OHLC,upstox_intraday/NIFTY/NIFTY_2026.parquet,bae9943b2fa99ee9c1214fb7c695b84f9f661a050a5cd04d9c5c2ffc7bc59f73
ATM_UP_NEXT1_K3M1.5,2026-01-13,2025-12-23,2026-01-07T10:00:00+05:30,2026-01-12T14:00:00+05:30,26138.95,26150.0,26200.0,26350.0,113.7,88.5,36.4,37.800000000000004,1.5,0.03703703703703718,USABLE_OHLC,upstox_intraday/NIFTY/NIFTY_2026.parquet,bae9943b2fa99ee9c1214fb7c695b84f9f661a050a5cd04d9c5c2ffc7bc59f73
ATM_UP_NEXT1_K3M2,2026-01-13,2025-12-23,2026-01-07T10:00:00+05:30,2026-01-12T14:00:00+05:30,26138.95,26150.0,26200.0,26300.0,113.7,88.5,50.25,50.400000000000006,2.0,0.0029761904761905888,USABLE_OHLC,upstox_intraday/NIFTY/NIFTY_2026.parquet,bae9943b2fa99ee9c1214fb7c695b84f9f661a050a5cd04d9c5c2ffc7bc59f73
ATM_UP_NEXT1_K3M2.5,2026-01-13,2025-12-23,2026-01-07T10:00:00+05:30,2026-01-12T14:00:00+05:30,26138.95,26150.0,26200.0,26250.0,113.7,88.5,67.65,63.00000000000001,2.5,0.07380952380952378,USABLE_OHLC,upstox_intraday/NIFTY/NIFTY_2026.parquet,bae9943b2fa99ee9c1214fb7c695b84f9f661a050a5cd04d9c5c2ffc7bc59f73
ATM_UP_NEXT1_K3M3,2026-01-13,2025-12-23,2026-01-07T10:00:00+05:30,2026-01-12T14:00:00+05:30,26138.95,26150.0,26200.0,26250.0,113.7,88.5,67.65,75.60000000000001,3.0,0.10515873015873019,USABLE_OHLC,upstox_intraday/NIFTY/NIFTY_2026.parquet,bae9943b2fa99ee9c1214fb7c695b84f9f661a050a5cd04d9c5c2ffc7bc59f73
ATM_UP_NEXT1_K3M4,2026-01-13,2025-12-23,2026-01-07T10:00:00+05:30,2026-01-12T14:00:00+05:30,26138.95,26150.0,26200.0,26250.0,113.7,88.5,67.65,100.80000000000001,4.0,0.3288690476190476,USABLE_OHLC,upstox_intraday/NIFTY/NIFTY_2026.parquet,bae9943b2fa99ee9c1214fb7c695b84f9f661a050a5cd04d9c5c2ffc7bc59f73
ATM_UP_NEXT2_K3M0.5,2026-01-13,2025-12-23,2026-01-07T10:00:00+05:30,2026-01-12T14:00:00+05:30,26138.95,26150.0,26250.0,26400.0,113.7,67.65,26.25,23.025,0.5,0.14006514657980462,USABLE_OHLC,upstox_intraday/NIFTY/NIFTY_2026.parquet,bae9943b2fa99ee9c1214fb7c695b84f9f661a050a5cd04d9c5c2ffc7bc59f73
ATM_UP_NEXT2_K3M1,2026-01-13,2025-12-23,2026-01-07T10:00:00+05:30,2026-01-12T14:00:00+05:30,26138.95,26150.0,26250.0,26300.0,113.7,67.65,50.25,46.05,1.0,0.09120521172638443,USABLE_OHLC,upstox_intraday/NIFTY/NIFTY_2026.parquet,bae9943b2fa99ee9c1214fb7c695b84f9f661a050a5cd04d9c5c2ffc7bc59f73
ATM_UP_NEXT2_K3M1.5,2026-01-13,2025-12-23,2026-01-07T10:00:00+05:30,2026-01-12T14:00:00+05:30,26138.95,26150.0,26250.0,26300.0,113.7,67.65,50.25,69.07499999999999,1.5,0.272529858849077,USABLE_OHLC,upstox_intraday/NIFTY/NIFTY_2026.parquet,bae9943b2fa99ee9c1214fb7c695b84f9f661a050a5cd04d9c5c2ffc7bc59f73
ATM_UP_NEXT2_K3M2,2026-01-13,2025-12-23,2026-01-07T10:00:00+05:30,2026-01-12T14:00:00+05:30,26138.95,26150.0,26250.0,26300.0,113.7,67.65,50.25,92.1,2.0,0.4543973941368078,USABLE_OHLC,upstox_intraday/NIFTY/NIFTY_2026.parquet,bae9943b2fa99ee9c1214fb7c695b84f9f661a050a5cd04d9c5c2ffc7bc59f73
ATM_UP_NEXT2_K3M2.5,2026-01-13,2025-12-23,2026-01-07T10:00:00+05:30,2026-01-12T14:00:00+05:30,26138.95,26150.0,26250.0,26300.0,113.7,67.65,50.25,115.125,2.5,0.5635179153094463,USABLE_OHLC,upstox_intraday/NIFTY/NIFTY_2026.parquet,bae9943b2fa99ee9c1214fb7c695b84f9f661a050a5cd04d9c5c2ffc7bc59f73
ATM_UP_NEXT2_K3M3,2026-01-13,2025-12-23,2026-01-07T10:00:00+05:30,2026-01-12T14:00:00+05:30,26138.95,26150.0,26250.0,26300.0,113.7,67.65,50.25,138.14999999999998,3.0,0.6362649294245385,USABLE_OHLC,upstox_intraday/NIFTY/NIFTY_2026.parquet,bae9943b2fa99ee9c1214fb7c695b84f9f661a050a5cd04d9c5c2ffc7bc59f73
ATM_UP_NEXT2_K3M4,2026-01-13,2025-12-23,2026-01-07T10:00:00+05:30,2026-01-12T14:00:00+05:30,26138.95,26150.0,26250.0,26300.0,113.7,67.65,50.25,184.2,4.0,0.7271986970684039,USABLE_OHLC,upstox_intraday/NIFTY/NIFTY_2026.parquet,bae9943b2fa99ee9c1214fb7c695b84f9f661a050a5cd04d9c5c2ffc7bc59f73
ATM_UP_NEXT3_K3M0.5,2026-01-13,2025-12-23,2026-01-07T10:00:00+05:30,2026-01-12T14:00:00+05:30,26138.95,26150.0,26300.0,26350.0,113.7,50.25,36.4,31.725,0.5,0.14736012608353025,USABLE_OHLC,upstox_intraday/NIFTY/NIFTY_2026.parquet,bae9943b2fa99ee9c1214fb7c695b84f9f661a050a5cd04d9c5c2ffc7bc59f73
ATM_UP_NEXT3_K3M1,2026-01-13,2025-12-23,2026-01-07T10:00:00+05:30,2026-01-12T14:00:00+05:30,26138.95,26150.0,26300.0,26350.0,113.7,50.25,36.4,63.45,1.0,0.4263199369582349,USABLE_OHLC,upstox_intraday/NIFTY/NIFTY_2026.parquet,bae9943b2fa99ee9c1214fb7c695b84f9f661a050a5cd04d9c5c2ffc7bc59f73
ATM_UP_NEXT3_K3M1.5,2026-01-13,2025-12-23,2026-01-07T10:00:00+05:30,2026-01-12T14:00:00+05:30,26138.95,26150.0,26300.0,26350.0,113.7,50.25,36.4,95.17500000000001,1.5,0.6175466246388233,USABLE_OHLC,upstox_intraday/NIFTY/NIFTY_2026.parquet,bae9943b2fa99ee9c1214fb7c695b84f9f661a050a5cd04d9c5c2ffc7bc59f73
ATM_UP_NEXT3_K3M2,2026-01-13,2025-12-23,2026-01-07T10:00:00+05:30,2026-01-12T14:00:00+05:30,26138.95,26150.0,26300.0,26350.0,113.7,50.25,36.4,126.9,2.0,0.7131599684791173,USABLE_OHLC,upstox_intraday/NIFTY/NIFTY_2026.parquet,bae9943b2fa99ee9c1214fb7c695b84f9f661a050a5cd04d9c5c2ffc7bc59f73
ATM_UP_NEXT3_K3M2.5,2026-01-13,2025-12-23,2026-01-07T10:00:00+05:30,2026-01-12T14:00:00+05:30,26138.95,26150.0,26300.0,26350.0,113.7,50.25,36.4,158.625,2.5,0.7705279747832939,USABLE_OHLC,upstox_intraday/NIFTY/NIFTY_2026.parquet,bae9943b2fa99ee9c1214fb7c695b84f9f661a050a5cd04d9c5c2ffc7bc59f73
ATM_UP_NEXT3_K3M3,2026-01-13,2025-12-23,2026-01-07T10:00:00+05:30,2026-01-12T14:00:00+05:30,26138.95,26150.0,26300.0,26350.0,113.7,50.25,36.4,190.35000000000002,3.0,0.8087733123194116,USABLE_OHLC,upstox_intraday/NIFTY/NIFTY_2026.parquet,bae9943b2fa99ee9c1214fb7c695b84f9f661a050a5cd04d9c5c2ffc7bc59f73
ATM_UP_NEXT3_K3M4,2026-01-13,2025-12-23,2026-01-07T10:00:00+05:30,2026-01-12T14:00:00+05:30,26138.95,26150.0,26300.0,26350.0,113.7,50.25,36.4,253.8,4.0,0.8565799842395587,USABLE_OHLC,upstox_intraday/NIFTY/NIFTY_2026.parquet,bae9943b2fa99ee9c1214fb7c695b84f9f661a050a5cd04d9c5c2ffc7bc59f73
ATM_UP_MIRROR_GAP_K3M0.5,2026-01-13,2025-12-23,2026-01-07T10:00:00+05:30,2026-01-12T14:00:00+05:30,26138.95,26150.0,26200.0,26500.0,113.7,88.5,13.35,12.600000000000001,0.5,0.059523809523809375,USABLE_OHLC,upstox_intraday/NIFTY/NIFTY_2026.parquet,bae9943b2fa99ee9c1214fb7c695b84f9f661a050a5cd04d9c5c2ffc7bc59f73
ATM_UP_MIRROR_GAP_K3M1,2026-01-13,2025-12-23,2026-01-07T10:00:00+05:30,2026-01-12T14:00:00+05:30,26138.95,26150.0,26200.0,26400.0,113.7,88.5,26.25,25.200000000000003,1.0,0.041666666666666546,USABLE_OHLC,upstox_intraday/NIFTY/NIFTY_2026.parquet,bae9943b2fa99ee9c1214fb7c695b84f9f661a050a5cd04d9c5c2ffc7bc59f73
ATM_UP_MIRROR_GAP_K3M1.5,2026-01-13,2025-12-23,2026-01-07T10:00:00+05:30,2026-01-12T14:00:00+05:30,26138.95,26150.0,26200.0,26350.0,113.7,88.5,36.4,37.800000000000004,1.5,0.03703703703703718,USABLE_OHLC,upstox_intraday/NIFTY/NIFTY_2026.parquet,bae9943b2fa99ee9c1214fb7c695b84f9f661a050a5cd04d9c5c2ffc7bc59f73
ATM_UP_MIRROR_GAP_K3M2,2026-01-13,2025-12-23,2026-01-07T10:00:00+05:30,2026-01-12T14:00:00+05:30,26138.95,26150.0,26200.0,26300.0,113.7,88.5,50.25,50.400000000000006,2.0,0.0029761904761905888,USABLE_OHLC,upstox_intraday/NIFTY/NIFTY_2026.parquet,bae9943b2fa99ee9c1214fb7c695b84f9f661a050a5cd04d9c5c2ffc7bc59f73
ATM_UP_MIRROR_GAP_K3M2.5,2026-01-13,2025-12-23,2026-01-07T10:00:00+05:30,2026-01-12T14:00:00+05:30,26138.95,26150.0,26200.0,26250.0,113.7,88.5,67.65,63.00000000000001,2.5,0.07380952380952378,USABLE_OHLC,upstox_intraday/NIFTY/NIFTY_2026.parquet,bae9943b2fa99ee9c1214fb7c695b84f9f661a050a5cd04d9c5c2ffc7bc59f73
ATM_UP_MIRROR_GAP_K3M3,2026-01-13,2025-12-23,2026-01-07T10:00:00+05:30,2026-01-12T14:00:00+05:30,26138.95,26150.0,26200.0,26250.0,113.7,88.5,67.65,75.60000000000001,3.0,0.10515873015873019,USABLE_OHLC,upstox_intraday/NIFTY/NIFTY_2026.parquet,bae9943b2fa99ee9c1214fb7c695b84f9f661a050a5cd04d9c5c2ffc7bc59f73
ATM_UP_MIRROR_GAP_K3M4,2026-01-13,2025-12-23,2026-01-07T10:00:00+05:30,2026-01-12T14:00:00+05:30,26138.95,26150.0,26200.0,26250.0,113.7,88.5,67.65,100.80000000000001,4.0,0.3288690476190476,USABLE_OHLC,upstox_intraday/NIFTY/NIFTY_2026.parquet,bae9943b2fa99ee9c1214fb7c695b84f9f661a050a5cd04d9c5c2ffc7bc59f73
ITM1_NEXT1_K3M0.5,2026-01-13,2025-12-23,2026-01-07T10:00:00+05:30,2026-01-12T14:00:00+05:30,26138.95,26100.0,26150.0,26500.0,143.35,113.7,13.35,14.824999999999996,0.5,0.09949409780775693,USABLE_OHLC,upstox_intraday/NIFTY/NIFTY_2026.parquet,bae9943b2fa99ee9c1214fb7c695b84f9f661a050a5cd04d9c5c2ffc7bc59f73
ITM1_NEXT1_K3M1,2026-01-13,2025-12-23,2026-01-07T10:00:00+05:30,2026-01-12T14:00:00+05:30,26138.95,26100.0,26150.0,26400.0,143.35,113.7,26.25,29.64999999999999,1.0,0.11467116357504191,USABLE_OHLC,upstox_intraday/NIFTY/NIFTY_2026.parquet,bae9943b2fa99ee9c1214fb7c695b84f9f661a050a5cd04d9c5c2ffc7bc59f73
ITM1_NEXT1_K3M1.5,2026-01-13,2025-12-23,2026-01-07T10:00:00+05:30,2026-01-12T14:00:00+05:30,26138.95,26100.0,26150.0,26300.0,143.35,113.7,50.25,44.47499999999999,1.5,0.12984822934232748,USABLE_OHLC,upstox_intraday/NIFTY/NIFTY_2026.parquet,bae9943b2fa99ee9c1214fb7c695b84f9f661a050a5cd04d9c5c2ffc7bc59f73
ITM1_NEXT1_K3M2,2026-01-13,2025-12-23,2026-01-07T10:00:00+05:30,2026-01-12T14:00:00+05:30,26138.95,26100.0,26150.0,26250.0,143.35,113.7,67.65,59.29999999999998,2.0,0.14080944350758895,USABLE_OHLC,upstox_intraday/NIFTY/NIFTY_2026.parquet,bae9943b2fa99ee9c1214fb7c695b84f9f661a050a5cd04d9c5c2ffc7bc59f73
ITM1_NEXT1_K3M2.5,2026-01-13,2025-12-23,2026-01-07T10:00:00+05:30,2026-01-12T14:00:00+05:30,26138.95,26100.0,26150.0,26250.0,143.35,113.7,67.65,74.12499999999997,2.5,0.08735244519392875,USABLE_OHLC,upstox_intraday/NIFTY/NIFTY_2026.parquet,bae9943b2fa99ee9c1214fb7c695b84f9f661a050a5cd04d9c5c2ffc7bc59f73
ITM1_NEXT1_K3M3,2026-01-13,2025-12-23,2026-01-07T10:00:00+05:30,2026-01-12T14:00:00+05:30,26138.95,26100.0,26150.0,26200.0,143.35,113.7,88.5,88.94999999999997,3.0,0.005059021922428044,USABLE_OHLC,upstox_intraday/NIFTY/NIFTY_2026.parquet,bae9943b2fa99ee9c1214fb7c695b84f9f661a050a5cd04d9c5c2ffc7bc59f73
ITM1_NEXT1_K3M4,2026-01-13,2025-12-23,2026-01-07T10:00:00+05:30,2026-01-12T14:00:00+05:30,26138.95,26100.0,26150.0,26200.0,143.35,113.7,88.5,118.59999999999997,4.0,0.253794266441821,USABLE_OHLC,upstox_intraday/NIFTY/NIFTY_2026.parquet,bae9943b2fa99ee9c1214fb7c695b84f9f661a050a5cd04d9c5c2ffc7bc59f73
ITM1_NEXT2_K3M0.5,2026-01-13,2025-12-23,2026-01-07T10:00:00+05:30,2026-01-12T14:00:00+05:30,26138.95,26100.0,26200.0,26400.0,143.35,88.5,26.25,27.424999999999997,0.5,0.04284412032816763,USABLE_OHLC,upstox_intraday/NIFTY/NIFTY_2026.parquet,bae9943b2fa99ee9c1214fb7c695b84f9f661a050a5cd04d9c5c2ffc7bc59f73
ITM1_NEXT2_K3M1,2026-01-13,2025-12-23,2026-01-07T10:00:00+05:30,2026-01-12T14:00:00+05:30,26138.95,26100.0,26200.0,26300.0,143.35,88.5,50.25,54.849999999999994,1.0,0.08386508659981759,USABLE_OHLC,upstox_intraday/NIFTY/NIFTY_2026.parquet,bae9943b2fa99ee9c1214fb7c695b84f9f661a050a5cd04d9c5c2ffc7bc59f73
ITM1_NEXT2_K3M1.5,2026-01-13,2025-12-23,2026-01-07T10:00:00+05:30,2026-01-12T14:00:00+05:30,26138.95,26100.0,26200.0,26250.0,143.35,88.5,67.65,82.27499999999999,1.5,0.177757520510483,USABLE_OHLC,upstox_intraday/NIFTY/NIFTY_2026.parquet,bae9943b2fa99ee9c1214fb7c695b84f9f661a050a5cd04d9c5c2ffc7bc59f73
ITM1_NEXT2_K3M2,2026-01-13,2025-12-23,2026-01-07T10:00:00+05:30,2026-01-12T14:00:00+05:30,26138.95,26100.0,26200.0,26250.0,143.35,88.5,67.65,109.69999999999999,2.0,0.3833181403828622,USABLE_OHLC,upstox_intraday/NIFTY/NIFTY_2026.parquet,bae9943b2fa99ee9c1214fb7c695b84f9f661a050a5cd04d9c5c2ffc7bc59f73
ITM1_NEXT2_K3M2.5,2026-01-13,2025-12-23,2026-01-07T10:00:00+05:30,2026-01-12T14:00:00+05:30,26138.95,26100.0,26200.0,26250.0,143.35,88.5,67.65,137.125,2.5,0.5066545123062899,USABLE_OHLC,upstox_intraday/NIFTY/NIFTY_2026.parquet,bae9943b2fa99ee9c1214fb7c695b84f9f661a050a5cd04d9c5c2ffc7bc59f73
ITM1_NEXT2_K3M3,2026-01-13,2025-12-23,2026-01-07T10:00:00+05:30,2026-01-12T14:00:00+05:30,26138.95,26100.0,26200.0,26250.0,143.35,88.5,67.65,164.54999999999998,3.0,0.5888787602552414,USABLE_OHLC,upstox_intraday/NIFTY/NIFTY_2026.parquet,bae9943b2fa99ee9c1214fb7c695b84f9f661a050a5cd04d9c5c2ffc7bc59f73
ITM1_NEXT2_K3M4,2026-01-13,2025-12-23,2026-01-07T10:00:00+05:30,2026-01-12T14:00:00+05:30,26138.95,26100.0,26200.0,26250.0,143.35,88.5,67.65,219.39999999999998,4.0,0.6916590701914311,USABLE_OHLC,upstox_intraday/NIFTY/NIFTY_2026.parquet,bae9943b2fa99ee9c1214fb7c695b84f9f661a050a5cd04d9c5c2ffc7bc59f73
ITM1_NEXT3_K3M0.5,2026-01-13,2025-12-23,2026-01-07T10:00:00+05:30,2026-01-12T14:00:00+05:30,26138.95,26100.0,26250.0,26350.0,143.35,67.65,36.4,37.849999999999994,0.5,0.03830911492734468,USABLE_OHLC,upstox_intraday/NIFTY/NIFTY_2026.parquet,bae9943b2fa99ee9c1214fb7c695b84f9f661a050a5cd04d9c5c2ffc7bc59f73
ITM1_NEXT3_K3M1,2026-01-13,2025-12-23,2026-01-07T10:00:00+05:30,2026-01-12T14:00:00+05:30,26138.95,26100.0,26250.0,26300.0,143.35,67.65,50.25,75.69999999999999,1.0,0.33619550858652564,USABLE_OHLC,upstox_intraday/NIFTY/NIFTY_2026.parquet,bae9943b2fa99ee9c1214fb7c695b84f9f661a050a5cd04d9c5c2ffc7bc59f73
ITM1_NEXT3_K3M1.5,2026-01-13,2025-12-23,2026-01-07T10:00:00+05:30,2026-01-12T14:00:00+05:30,26138.95,26100.0,26250.0,26300.0,143.35,67.65,50.25,113.54999999999998,1.5,0.5574636723910171,USABLE_OHLC,upstox_intraday/NIFTY/NIFTY_2026.parquet,bae9943b2fa99ee9c1214fb7c695b84f9f661a050a5cd04d9c5c2ffc7bc59f73
ITM1_NEXT3_K3M2,2026-01-13,2025-12-23,2026-01-07T10:00:00+05:30,2026-01-12T14:00:00+05:30,26138.95,26100.0,26250.0,26300.0,143.35,67.65,50.25,151.39999999999998,2.0,0.6680977542932628,USABLE_OHLC,upstox_intraday/NIFTY/NIFTY_2026.parquet,bae9943b2fa99ee9c1214fb7c695b84f9f661a050a5cd04d9c5c2ffc7bc59f73
ITM1_NEXT3_K3M2.5,2026-01-13,2025-12-23,2026-01-07T10:00:00+05:30,2026-01-12T14:00:00+05:30,26138.95,26100.0,26250.0,26300.0,143.35,67.65,50.25,189.24999999999997,2.5,0.7344782034346102,USABLE_OHLC,upstox_intraday/NIFTY/NIFTY_2026.parquet,bae9943b2fa99ee9c1214fb7c695b84f9f661a050a5cd04d9c5c2ffc7bc59f73
ITM1_NEXT3_K3M3,2026-01-13,2025-12-23,2026-01-07T10:00:00+05:30,2026-01-12T14:00:00+05:30,26138.95,26100.0,26250.0,26300.0,143.35,67.65,50.25,227.09999999999997,3.0,0.7787318361955086,USABLE_OHLC,upstox_intraday/NIFTY/NIFTY_2026.parquet,bae9943b2fa99ee9c1214fb7c695b84f9f661a050a5cd04d9c5c2ffc7bc59f73
ITM1_NEXT3_K3M4,2026-01-13,2025-12-23,2026-01-07T10:00:00+05:30,2026-01-12T14:00:00+05:30,26138.95,26100.0,26250.0,26300.0,143.35,67.65,50.25,302.79999999999995,4.0,0.8340488771466315,USABLE_OHLC,upstox_intraday/NIFTY/NIFTY_2026.parquet,bae9943b2fa99ee9c1214fb7c695b84f9f661a050a5cd04d9c5c2ffc7bc59f73
ITM1_MIRROR_GAP_K3M0.5,2026-01-13,2025-12-23,2026-01-07T10:00:00+05:30,2026-01-12T14:00:00+05:30,26138.95,26100.0,26150.0,26500.0,143.35,113.7,13.35,14.824999999999996,0.5,0.09949409780775693,USABLE_OHLC,upstox_intraday/NIFTY/NIFTY_2026.parquet,bae9943b2fa99ee9c1214fb7c695b84f9f661a050a5cd04d9c5c2ffc7bc59f73
ITM1_MIRROR_GAP_K3M1,2026-01-13,2025-12-23,2026-01-07T10:00:00+05:30,2026-01-12T14:00:00+05:30,26138.95,26100.0,26150.0,26400.0,143.35,113.7,26.25,29.64999999999999,1.0,0.11467116357504191,USABLE_OHLC,upstox_intraday/NIFTY/NIFTY_2026.parquet,bae9943b2fa99ee9c1214fb7c695b84f9f661a050a5cd04d9c5c2ffc7bc59f73
ITM1_MIRROR_GAP_K3M1.5,2026-01-13,2025-12-23,2026-01-07T10:00:00+05:30,2026-01-12T14:00:00+05:30,26138.95,26100.0,26150.0,26300.0,143.35,113.7,50.25,44.47499999999999,1.5,0.12984822934232748,USABLE_OHLC,upstox_intraday/NIFTY/NIFTY_2026.parquet,bae9943b2fa99ee9c1214fb7c695b84f9f661a050a5cd04d9c5c2ffc7bc59f73
ITM1_MIRROR_GAP_K3M2,2026-01-13,2025-12-23,2026-01-07T10:00:00+05:30,2026-01-12T14:00:00+05:30,26138.95,26100.0,26150.0,26250.0,143.35,113.7,67.65,59.29999999999998,2.0,0.14080944350758895,USABLE_OHLC,upstox_intraday/NIFTY/NIFTY_2026.parquet,bae9943b2fa99ee9c1214fb7c695b84f9f661a050a5cd04d9c5c2ffc7bc59f73
ITM1_MIRROR_GAP_K3M2.5,2026-01-13,2025-12-23,2026-01-07T10:00:00+05:30,2026-01-12T14:00:00+05:30,26138.95,26100.0,26150.0,26250.0,143.35,113.7,67.65,74.12499999999997,2.5,0.08735244519392875,USABLE_OHLC,upstox_intraday/NIFTY/NIFTY_2026.parquet,bae9943b2fa99ee9c1214fb7c695b84f9f661a050a5cd04d9c5c2ffc7bc59f73
ITM1_MIRROR_GAP_K3M3,2026-01-13,2025-12-23,2026-01-07T10:00:00+05:30,2026-01-12T14:00:00+05:30,26138.95,26100.0,26150.0,26200.0,143.35,113.7,88.5,88.94999999999997,3.0,0.005059021922428044,USABLE_OHLC,upstox_intraday/NIFTY/NIFTY_2026.parquet,bae9943b2fa99ee9c1214fb7c695b84f9f661a050a5cd04d9c5c2ffc7bc59f73
ITM1_MIRROR_GAP_K3M4,2026-01-13,2025-12-23,2026-01-07T10:00:00+05:30,2026-01-12T14:00:00+05:30,26138.95,26100.0,26150.0,26200.0,143.35,113.7,88.5,118.59999999999997,4.0,0.253794266441821,USABLE_OHLC,upstox_intraday/NIFTY/NIFTY_2026.parquet,bae9943b2fa99ee9c1214fb7c695b84f9f661a050a5cd04d9c5c2ffc7bc59f73
ITM2_NEXT1_K3M0.5,2026-01-13,2025-12-23,2026-01-07T10:00:00+05:30,2026-01-12T14:00:00+05:30,26138.95,26050.0,26100.0,26450.0,176.1,143.35,18.8,16.375,0.5,0.14809160305343516,USABLE_OHLC,upstox_intraday/NIFTY/NIFTY_2026.parquet,bae9943b2fa99ee9c1214fb7c695b84f9f661a050a5cd04d9c5c2ffc7bc59f73
ITM2_NEXT1_K3M1,2026-01-13,2025-12-23,2026-01-07T10:00:00+05:30,2026-01-12T14:00:00+05:30,26138.95,26050.0,26100.0,26350.0,176.1,143.35,36.4,32.75,1.0,0.11145038167938927,USABLE_OHLC,upstox_intraday/NIFTY/NIFTY_2026.parquet,bae9943b2fa99ee9c1214fb7c695b84f9f661a050a5cd04d9c5c2ffc7bc59f73
ITM2_NEXT1_K3M1.5,2026-01-13,2025-12-23,2026-01-07T10:00:00+05:30,2026-01-12T14:00:00+05:30,26138.95,26050.0,26100.0,26300.0,176.1,143.35,50.25,49.125,1.5,0.022900763358778626,USABLE_OHLC,upstox_intraday/NIFTY/NIFTY_2026.parquet,bae9943b2fa99ee9c1214fb7c695b84f9f661a050a5cd04d9c5c2ffc7bc59f73
ITM2_NEXT1_K3M2,2026-01-13,2025-12-23,2026-01-07T10:00:00+05:30,2026-01-12T14:00:00+05:30,26138.95,26050.0,26100.0,26250.0,176.1,143.35,67.65,65.5,2.0,0.032824427480916116,USABLE_OHLC,upstox_intraday/NIFTY/NIFTY_2026.parquet,bae9943b2fa99ee9c1214fb7c695b84f9f661a050a5cd04d9c5c2ffc7bc59f73
ITM2_NEXT1_K3M2.5,2026-01-13,2025-12-23,2026-01-07T10:00:00+05:30,2026-01-12T14:00:00+05:30,26138.95,26050.0,26100.0,26200.0,176.1,143.35,88.5,81.875,2.5,0.08091603053435115,USABLE_OHLC,upstox_intraday/NIFTY/NIFTY_2026.parquet,bae9943b2fa99ee9c1214fb7c695b84f9f661a050a5cd04d9c5c2ffc7bc59f73
ITM2_NEXT1_K3M3,2026-01-13,2025-12-23,2026-01-07T10:00:00+05:30,2026-01-12T14:00:00+05:30,26138.95,26050.0,26100.0,26200.0,176.1,143.35,88.5,98.25,3.0,0.09923664122137404,USABLE_OHLC,upstox_intraday/NIFTY/NIFTY_2026.parquet,bae9943b2fa99ee9c1214fb7c695b84f9f661a050a5cd04d9c5c2ffc7bc59f73
ITM2_NEXT1_K3M4,2026-01-13,2025-12-23,2026-01-07T10:00:00+05:30,2026-01-12T14:00:00+05:30,26138.95,26050.0,26100.0,26150.0,176.1,143.35,113.7,131.0,4.0,0.13206106870229006,USABLE_OHLC,upstox_intraday/NIFTY/NIFTY_2026.parquet,bae9943b2fa99ee9c1214fb7c695b84f9f661a050a5cd04d9c5c2ffc7bc59f73
ITM2_NEXT2_K3M0.5,2026-01-13,2025-12-23,2026-01-07T10:00:00+05:30,2026-01-12T14:00:00+05:30,26138.95,26050.0,26150.0,26400.0,176.1,113.7,26.25,31.199999999999996,0.5,0.15865384615384603,USABLE_OHLC,upstox_intraday/NIFTY/NIFTY_2026.parquet,bae9943b2fa99ee9c1214fb7c695b84f9f661a050a5cd04d9c5c2ffc7bc59f73
ITM2_NEXT2_K3M1,2026-01-13,2025-12-23,2026-01-07T10:00:00+05:30,2026-01-12T14:00:00+05:30,26138.95,26050.0,26150.0,26250.0,176.1,113.7,67.65,62.39999999999999,1.0,0.08413461538461563,USABLE_OHLC,upstox_intraday/NIFTY/NIFTY_2026.parquet,bae9943b2fa99ee9c1214fb7c695b84f9f661a050a5cd04d9c5c2ffc7bc59f73
ITM2_NEXT2_K3M1.5,2026-01-13,2025-12-23,2026-01-07T10:00:00+05:30,2026-01-12T14:00:00+05:30,26138.95,26050.0,26150.0,26200.0,176.1,113.7,88.5,93.6,1.5,0.05448717948717943,USABLE_OHLC,upstox_intraday/NIFTY/NIFTY_2026.parquet,bae9943b2fa99ee9c1214fb7c695b84f9f661a050a5cd04d9c5c2ffc7bc59f73
ITM2_NEXT2_K3M2,2026-01-13,2025-12-23,2026-01-07T10:00:00+05:30,2026-01-12T14:00:00+05:30,26138.95,26050.0,26150.0,26200.0,176.1,113.7,88.5,124.79999999999998,2.0,0.2908653846153845,USABLE_OHLC,upstox_intraday/NIFTY/NIFTY_2026.parquet,bae9943b2fa99ee9c1214fb7c695b84f9f661a050a5cd04d9c5c2ffc7bc59f73
ITM2_NEXT2_K3M2.5,2026-01-13,2025-12-23,2026-01-07T10:00:00+05:30,2026-01-12T14:00:00+05:30,26138.95,26050.0,26150.0,26200.0,176.1,113.7,88.5,155.99999999999997,2.5,0.4326923076923076,USABLE_OHLC,upstox_intraday/NIFTY/NIFTY_2026.parquet,bae9943b2fa99ee9c1214fb7c695b84f9f661a050a5cd04d9c5c2ffc7bc59f73
ITM2_NEXT2_K3M3,2026-01-13,2025-12-23,2026-01-07T10:00:00+05:30,2026-01-12T14:00:00+05:30,26138.95,26050.0,26150.0,26200.0,176.1,113.7,88.5,187.2,3.0,0.5272435897435898,USABLE_OHLC,upstox_intraday/NIFTY/NIFTY_2026.parquet,bae9943b2fa99ee9c1214fb7c695b84f9f661a050a5cd04d9c5c2ffc7bc59f73
ITM2_NEXT2_K3M4,2026-01-13,2025-12-23,2026-01-07T10:00:00+05:30,2026-01-12T14:00:00+05:30,26138.95,26050.0,26150.0,26200.0,176.1,113.7,88.5,249.59999999999997,4.0,0.6454326923076923,USABLE_OHLC,upstox_intraday/NIFTY/NIFTY_2026.parquet,bae9943b2fa99ee9c1214fb7c695b84f9f661a050a5cd04d9c5c2ffc7bc59f73
ITM2_NEXT3_K3M0.5,2026-01-13,2025-12-23,2026-01-07T10:00:00+05:30,2026-01-12T14:00:00+05:30,26138.95,26050.0,26200.0,26300.0,176.1,88.5,50.25,43.8,0.5,0.1472602739726028,USABLE_OHLC,upstox_intraday/NIFTY/NIFTY_2026.parquet,bae9943b2fa99ee9c1214fb7c695b84f9f661a050a5cd04d9c5c2ffc7bc59f73
ITM2_NEXT3_K3M1,2026-01-13,2025-12-23,2026-01-07T10:00:00+05:30,2026-01-12T14:00:00+05:30,26138.95,26050.0,26200.0,26250.0,176.1,88.5,67.65,87.6,1.0,0.22773972602739714,USABLE_OHLC,upstox_intraday/NIFTY/NIFTY_2026.parquet,bae9943b2fa99ee9c1214fb7c695b84f9f661a050a5cd04d9c5c2ffc7bc59f73
ITM2_NEXT3_K3M1.5,2026-01-13,2025-12-23,2026-01-07T10:00:00+05:30,2026-01-12T14:00:00+05:30,26138.95,26050.0,26200.0,26250.0,176.1,88.5,67.65,131.39999999999998,1.5,0.485159817351598,USABLE_OHLC,upstox_intraday/NIFTY/NIFTY_2026.parquet,bae9943b2fa99ee9c1214fb7c695b84f9f661a050a5cd04d9c5c2ffc7bc59f73
ITM2_NEXT3_K3M2,2026-01-13,2025-12-23,2026-01-07T10:00:00+05:30,2026-01-12T14:00:00+05:30,26138.95,26050.0,26200.0,26250.0,176.1,88.5,67.65,175.2,2.0,0.6138698630136986,USABLE_OHLC,upstox_intraday/NIFTY/NIFTY_2026.parquet,bae9943b2fa99ee9c1214fb7c695b84f9f661a050a5cd04d9c5c2ffc7bc59f73
ITM2_NEXT3_K3M2.5,2026-01-13,2025-12-23,2026-01-07T10:00:00+05:30,2026-01-12T14:00:00+05:30,26138.95,26050.0,26200.0,26250.0,176.1,88.5,67.65,219.0,2.5,0.6910958904109589,USABLE_OHLC,upstox_intraday/NIFTY/NIFTY_2026.parquet,bae9943b2fa99ee9c1214fb7c695b84f9f661a050a5cd04d9c5c2ffc7bc59f73
ITM2_NEXT3_K3M3,2026-01-13,2025-12-23,2026-01-07T10:00:00+05:30,2026-01-12T14:00:00+05:30,26138.95,26050.0,26200.0,26250.0,176.1,88.5,67.65,262.79999999999995,3.0,0.742579908675799,USABLE_OHLC,upstox_intraday/NIFTY/NIFTY_2026.parquet,bae9943b2fa99ee9c1214fb7c695b84f9f661a050a5cd04d9c5c2ffc7bc59f73
ITM2_NEXT3_K3M4,2026-01-13,2025-12-23,2026-01-07T10:00:00+05:30,2026-01-12T14:00:00+05:30,26138.95,26050.0,26200.0,26250.0,176.1,88.5,67.65,350.4,4.0,0.8069349315068494,USABLE_OHLC,upstox_intraday/NIFTY/NIFTY_2026.parquet,bae9943b2fa99ee9c1214fb7c695b84f9f661a050a5cd04d9c5c2ffc7bc59f73
ITM2_MIRROR_GAP_K3M0.5,2026-01-13,2025-12-23,2026-01-07T10:00:00+05:30,2026-01-12T14:00:00+05:30,26138.95,26050.0,26150.0,26400.0,176.1,113.7,26.25,31.199999999999996,0.5,0.15865384615384603,USABLE_OHLC,upstox_intraday/NIFTY/NIFTY_2026.parquet,bae9943b2fa99ee9c1214fb7c695b84f9f661a050a5cd04d9c5c2ffc7bc59f73
ITM2_MIRROR_GAP_K3M1,2026-01-13,2025-12-23,2026-01-07T10:00:00+05:30,2026-01-12T14:00:00+05:30,26138.95,26050.0,26150.0,26250.0,176.1,113.7,67.65,62.39999999999999,1.0,0.08413461538461563,USABLE_OHLC,upstox_intraday/NIFTY/NIFTY_2026.parquet,bae9943b2fa99ee9c1214fb7c695b84f9f661a050a5cd04d9c5c2ffc7bc59f73
ITM2_MIRROR_GAP_K3M1.5,2026-01-13,2025-12-23,2026-01-07T10:00:00+05:30,2026-01-12T14:00:00+05:30,26138.95,26050.0,26150.0,26200.0,176.1,113.7,88.5,93.6,1.5,0.05448717948717943,USABLE_OHLC,upstox_intraday/NIFTY/NIFTY_2026.parquet,bae9943b2fa99ee9c1214fb7c695b84f9f661a050a5cd04d9c5c2ffc7bc59f73
ITM2_MIRROR_GAP_K3M2,2026-01-13,2025-12-23,2026-01-07T10:00:00+05:30,2026-01-12T14:00:00+05:30,26138.95,26050.0,26150.0,26200.0,176.1,113.7,88.5,124.79999999999998,2.0,0.2908653846153845,USABLE_OHLC,upstox_intraday/NIFTY/NIFTY_2026.parquet,bae9943b2fa99ee9c1214fb7c695b84f9f661a050a5cd04d9c5c2ffc7bc59f73
ITM2_MIRROR_GAP_K3M2.5,2026-01-13,2025-12-23,2026-01-07T10:00:00+05:30,2026-01-12T14:00:00+05:30,26138.95,26050.0,26150.0,26200.0,176.1,113.7,88.5,155.99999999999997,2.5,0.4326923076923076,USABLE_OHLC,upstox_intraday/NIFTY/NIFTY_2026.parquet,bae9943b2fa99ee9c1214fb7c695b84f9f661a050a5cd04d9c5c2ffc7bc59f73
ITM2_MIRROR_GAP_K3M3,2026-01-13,2025-12-23,2026-01-07T10:00:00+05:30,2026-01-12T14:00:00+05:30,26138.95,26050.0,26150.0,26200.0,176.1,113.7,88.5,187.2,3.0,0.5272435897435898,USABLE_OHLC,upstox_intraday/NIFTY/NIFTY_2026.parquet,bae9943b2fa99ee9c1214fb7c695b84f9f661a050a5cd04d9c5c2ffc7bc59f73
ITM2_MIRROR_GAP_K3M4,2026-01-13,2025-12-23,2026-01-07T10:00:00+05:30,2026-01-12T14:00:00+05:30,26138.95,26050.0,26150.0,26200.0,176.1,113.7,88.5,249.59999999999997,4.0,0.6454326923076923,USABLE_OHLC,upstox_intraday/NIFTY/NIFTY_2026.parquet,bae9943b2fa99ee9c1214fb7c695b84f9f661a050a5cd04d9c5c2ffc7bc59f73
ITM3_NEXT1_K3M0.5,2026-01-13,2025-12-23,2026-01-07T10:00:00+05:30,2026-01-12T14:00:00+05:30,26138.95,26000.0,26050.0,26450.0,211.95,176.1,18.8,17.924999999999997,0.5,0.04881450488145069,USABLE_OHLC,upstox_intraday/NIFTY/NIFTY_2026.parquet,bae9943b2fa99ee9c1214fb7c695b84f9f661a050a5cd04d9c5c2ffc7bc59f73
ITM3_NEXT1_K3M1,2026-01-13,2025-12-23,2026-01-07T10:00:00+05:30,2026-01-12T14:00:00+05:30,26138.95,26000.0,26050.0,26350.0,211.95,176.1,36.4,35.849999999999994,1.0,0.015341701534170275,USABLE_OHLC,upstox_intraday/NIFTY/NIFTY_2026.parquet,bae9943b2fa99ee9c1214fb7c695b84f9f661a050a5cd04d9c5c2ffc7bc59f73
ITM3_NEXT1_K3M1.5,2026-01-13,2025-12-23,2026-01-07T10:00:00+05:30,2026-01-12T14:00:00+05:30,26138.95,26000.0,26050.0,26300.0,211.95,176.1,50.25,53.77499999999999,1.5,0.06555090655509051,USABLE_OHLC,upstox_intraday/NIFTY/NIFTY_2026.parquet,bae9943b2fa99ee9c1214fb7c695b84f9f661a050a5cd04d9c5c2ffc7bc59f73
ITM3_NEXT1_K3M2,2026-01-13,2025-12-23,2026-01-07T10:00:00+05:30,2026-01-12T14:00:00+05:30,26138.95,26000.0,26050.0,26250.0,211.95,176.1,67.65,71.69999999999999,2.0,0.05648535564853534,USABLE_OHLC,upstox_intraday/NIFTY/NIFTY_2026.parquet,bae9943b2fa99ee9c1214fb7c695b84f9f661a050a5cd04d9c5c2ffc7bc59f73
ITM3_NEXT1_K3M2.5,2026-01-13,2025-12-23,2026-01-07T10:00:00+05:30,2026-01-12T14:00:00+05:30,26138.95,26000.0,26050.0,26200.0,211.95,176.1,88.5,89.62499999999999,2.5,0.01255230125522997,USABLE_OHLC,upstox_intraday/NIFTY/NIFTY_2026.parquet,bae9943b2fa99ee9c1214fb7c695b84f9f661a050a5cd04d9c5c2ffc7bc59f73
ITM3_NEXT1_K3M3,2026-01-13,2025-12-23,2026-01-07T10:00:00+05:30,2026-01-12T14:00:00+05:30,26138.95,26000.0,26050.0,26150.0,211.95,176.1,113.7,107.54999999999998,3.0,0.05718270571827076,USABLE_OHLC,upstox_intraday/NIFTY/NIFTY_2026.parquet,bae9943b2fa99ee9c1214fb7c695b84f9f661a050a5cd04d9c5c2ffc7bc59f73
ITM3_NEXT1_K3M4,2026-01-13,2025-12-23,2026-01-07T10:00:00+05:30,2026-01-12T14:00:00+05:30,26138.95,26000.0,26050.0,26100.0,211.95,176.1,143.35,143.39999999999998,4.0,0.00034867503486738465,USABLE_OHLC,upstox_intraday/NIFTY/NIFTY_2026.parquet,bae9943b2fa99ee9c1214fb7c695b84f9f661a050a5cd04d9c5c2ffc7bc59f73
ITM3_NEXT2_K3M0.5,2026-01-13,2025-12-23,2026-01-07T10:00:00+05:30,2026-01-12T14:00:00+05:30,26138.95,26000.0,26100.0,26350.0,211.95,143.35,36.4,34.3,0.5,0.061224489795918415,USABLE_OHLC,upstox_intraday/NIFTY/NIFTY_2026.parquet,bae9943b2fa99ee9c1214fb7c695b84f9f661a050a5cd04d9c5c2ffc7bc59f73
ITM3_NEXT2_K3M1,2026-01-13,2025-12-23,2026-01-07T10:00:00+05:30,2026-01-12T14:00:00+05:30,26138.95,26000.0,26100.0,26250.0,211.95,143.35,67.65,68.6,1.0,0.013848396501457562,USABLE_OHLC,upstox_intraday/NIFTY/NIFTY_2026.parquet,bae9943b2fa99ee9c1214fb7c695b84f9f661a050a5cd04d9c5c2ffc7bc59f73
ITM3_NEXT2_K3M1.5,2026-01-13,2025-12-23,2026-01-07T10:00:00+05:30,2026-01-12T14:00:00+05:30,26138.95,26000.0,26100.0,26150.0,211.95,143.35,113.7,102.89999999999999,1.5,0.10495626822157446,USABLE_OHLC,upstox_intraday/NIFTY/NIFTY_2026.parquet,bae9943b2fa99ee9c1214fb7c695b84f9f661a050a5cd04d9c5c2ffc7bc59f73
ITM3_NEXT2_K3M2,2026-01-13,2025-12-23,2026-01-07T10:00:00+05:30,2026-01-12T14:00:00+05:30,26138.95,26000.0,26100.0,26150.0,211.95,143.35,113.7,137.2,2.0,0.17128279883381914,USABLE_OHLC,upstox_intraday/NIFTY/NIFTY_2026.parquet,bae9943b2fa99ee9c1214fb7c695b84f9f661a050a5cd04d9c5c2ffc7bc59f73
ITM3_NEXT2_K3M2.5,2026-01-13,2025-12-23,2026-01-07T10:00:00+05:30,2026-01-12T14:00:00+05:30,26138.95,26000.0,26100.0,26150.0,211.95,143.35,113.7,171.5,2.5,0.33702623906705537,USABLE_OHLC,upstox_intraday/NIFTY/NIFTY_2026.parquet,bae9943b2fa99ee9c1214fb7c695b84f9f661a050a5cd04d9c5c2ffc7bc59f73
ITM3_NEXT2_K3M3,2026-01-13,2025-12-23,2026-01-07T10:00:00+05:30,2026-01-12T14:00:00+05:30,26138.95,26000.0,26100.0,26150.0,211.95,143.35,113.7,205.79999999999998,3.0,0.4475218658892128,USABLE_OHLC,upstox_intraday/NIFTY/NIFTY_2026.parquet,bae9943b2fa99ee9c1214fb7c695b84f9f661a050a5cd04d9c5c2ffc7bc59f73
ITM3_NEXT2_K3M4,2026-01-13,2025-12-23,2026-01-07T10:00:00+05:30,2026-01-12T14:00:00+05:30,26138.95,26000.0,26100.0,26150.0,211.95,143.35,113.7,274.4,4.0,0.5856413994169096,USABLE_OHLC,upstox_intraday/NIFTY/NIFTY_2026.parquet,bae9943b2fa99ee9c1214fb7c695b84f9f661a050a5cd04d9c5c2ffc7bc59f73
ITM3_NEXT3_K3M0.5,2026-01-13,2025-12-23,2026-01-07T10:00:00+05:30,2026-01-12T14:00:00+05:30,26138.95,26000.0,26150.0,26300.0,211.95,113.7,50.25,49.12499999999999,0.5,0.022900763358778775,USABLE_OHLC,upstox_intraday/NIFTY/NIFTY_2026.parquet,bae9943b2fa99ee9c1214fb7c695b84f9f661a050a5cd04d9c5c2ffc7bc59f73
ITM3_NEXT3_K3M1,2026-01-13,2025-12-23,2026-01-07T10:00:00+05:30,2026-01-12T14:00:00+05:30,26138.95,26000.0,26150.0,26200.0,211.95,113.7,88.5,98.24999999999999,1.0,0.09923664122137392,USABLE_OHLC,upstox_intraday/NIFTY/NIFTY_2026.parquet,bae9943b2fa99ee9c1214fb7c695b84f9f661a050a5cd04d9c5c2ffc7bc59f73
ITM3_NEXT3_K3M1.5,2026-01-13,2025-12-23,2026-01-07T10:00:00+05:30,2026-01-12T14:00:00+05:30,26138.95,26000.0,26150.0,26200.0,211.95,113.7,88.5,147.37499999999997,1.5,0.3994910941475826,USABLE_OHLC,upstox_intraday/NIFTY/NIFTY_2026.parquet,bae9943b2fa99ee9c1214fb7c695b84f9f661a050a5cd04d9c5c2ffc7bc59f73
ITM3_NEXT3_K3M2,2026-01-13,2025-12-23,2026-01-07T10:00:00+05:30,2026-01-12T14:00:00+05:30,26138.95,26000.0,26150.0,26200.0,211.95,113.7,88.5,196.49999999999997,2.0,0.5496183206106869,USABLE_OHLC,upstox_intraday/NIFTY/NIFTY_2026.parquet,bae9943b2fa99ee9c1214fb7c695b84f9f661a050a5cd04d9c5c2ffc7bc59f73
ITM3_NEXT3_K3M2.5,2026-01-13,2025-12-23,2026-01-07T10:00:00+05:30,2026-01-12T14:00:00+05:30,26138.95,26000.0,26150.0,26200.0,211.95,113.7,88.5,245.62499999999997,2.5,0.6396946564885496,USABLE_OHLC,upstox_intraday/NIFTY/NIFTY_2026.parquet,bae9943b2fa99ee9c1214fb7c695b84f9f661a050a5cd04d9c5c2ffc7bc59f73
ITM3_NEXT3_K3M3,2026-01-13,2025-12-23,2026-01-07T10:00:00+05:30,2026-01-12T14:00:00+05:30,26138.95,26000.0,26150.0,26200.0,211.95,113.7,88.5,294.74999999999994,3.0,0.6997455470737913,USABLE_OHLC,upstox_intraday/NIFTY/NIFTY_2026.parquet,bae9943b2fa99ee9c1214fb7c695b84f9f661a050a5cd04d9c5c2ffc7bc59f73
ITM3_NEXT3_K3M4,2026-01-13,2025-12-23,2026-01-07T10:00:00+05:30,2026-01-12T14:00:00+05:30,26138.95,26000.0,26150.0,26200.0,211.95,113.7,88.5,392.99999999999994,4.0,0.7748091603053435,USABLE_OHLC,upstox_intraday/NIFTY/NIFTY_2026.parquet,bae9943b2fa99ee9c1214fb7c695b84f9f661a050a5cd04d9c5c2ffc7bc59f73
ITM3_MIRROR_GAP_K3M0.5,2026-01-13,2025-12-23,2026-01-07T10:00:00+05:30,2026-01-12T14:00:00+05:30,26138.95,26000.0,26150.0,26300.0,211.95,113.7,50.25,49.12499999999999,0.5,0.022900763358778775,USABLE_OHLC,upstox_intraday/NIFTY/NIFTY_2026.parquet,bae9943b2fa99ee9c1214fb7c695b84f9f661a050a5cd04d9c5c2ffc7bc59f73
ITM3_MIRROR_GAP_K3M1,2026-01-13,2025-12-23,2026-01-07T10:00:00+05:30,2026-01-12T14:00:00+05:30,26138.95,26000.0,26150.0,26200.0,211.95,113.7,88.5,98.24999999999999,1.0,0.09923664122137392,USABLE_OHLC,upstox_intraday/NIFTY/NIFTY_2026.parquet,bae9943b2fa99ee9c1214fb7c695b84f9f661a050a5cd04d9c5c2ffc7bc59f73
ITM3_MIRROR_GAP_K3M1.5,2026-01-13,2025-12-23,2026-01-07T10:00:00+05:30,2026-01-12T14:00:00+05:30,26138.95,26000.0,26150.0,26200.0,211.95,113.7,88.5,147.37499999999997,1.5,0.3994910941475826,USABLE_OHLC,upstox_intraday/NIFTY/NIFTY_2026.parquet,bae9943b2fa99ee9c1214fb7c695b84f9f661a050a5cd04d9c5c2ffc7bc59f73
ITM3_MIRROR_GAP_K3M2,2026-01-13,2025-12-23,2026-01-07T10:00:00+05:30,2026-01-12T14:00:00+05:30,26138.95,26000.0,26150.0,26200.0,211.95,113.7,88.5,196.49999999999997,2.0,0.5496183206106869,USABLE_OHLC,upstox_intraday/NIFTY/NIFTY_2026.parquet,bae9943b2fa99ee9c1214fb7c695b84f9f661a050a5cd04d9c5c2ffc7bc59f73
ITM3_MIRROR_GAP_K3M2.5,2026-01-13,2025-12-23,2026-01-07T10:00:00+05:30,2026-01-12T14:00:00+05:30,26138.95,26000.0,26150.0,26200.0,211.95,113.7,88.5,245.62499999999997,2.5,0.6396946564885496,USABLE_OHLC,upstox_intraday/NIFTY/NIFTY_2026.parquet,bae9943b2fa99ee9c1214fb7c695b84f9f661a050a5cd04d9c5c2ffc7bc59f73
ITM3_MIRROR_GAP_K3M3,2026-01-13,2025-12-23,2026-01-07T10:00:00+05:30,2026-01-12T14:00:00+05:30,26138.95,26000.0,26150.0,26200.0,211.95,113.7,88.5,294.74999999999994,3.0,0.6997455470737913,USABLE_OHLC,upstox_intraday/NIFTY/NIFTY_2026.parquet,bae9943b2fa99ee9c1214fb7c695b84f9f661a050a5cd04d9c5c2ffc7bc59f73
ITM3_MIRROR_GAP_K3M4,2026-01-13,2025-12-23,2026-01-07T10:00:00+05:30,2026-01-12T14:00:00+05:30,26138.95,26000.0,26150.0,26200.0,211.95,113.7,88.5,392.99999999999994,4.0,0.7748091603053435,USABLE_OHLC,upstox_intraday/NIFTY/NIFTY_2026.parquet,bae9943b2fa99ee9c1214fb7c695b84f9f661a050a5cd04d9c5c2ffc7bc59f73
OTM1_NEXT1_K3M0.5,2026-02-10,2026-01-20,2026-02-04T10:00:00+05:30,2026-02-09T14:00:00+05:30,25779.55,25800.0,25850.0,26600.0,171.05,146.4,11.5,12.325000000000003,0.5,0.06693711967545661,USABLE_OHLC,upstox_intraday/NIFTY/NIFTY_2026.parquet,bae9943b2fa99ee9c1214fb7c695b84f9f661a050a5cd04d9c5c2ffc7bc59f73
OTM1_NEXT1_K3M1,2026-02-10,2026-01-20,2026-02-04T10:00:00+05:30,2026-02-09T14:00:00+05:30,25779.55,25800.0,25850.0,26350.0,171.05,146.4,25.35,24.650000000000006,1.0,0.02839756592292071,USABLE_OHLC,upstox_intraday/NIFTY/NIFTY_2026.parquet,bae9943b2fa99ee9c1214fb7c695b84f9f661a050a5cd04d9c5c2ffc7bc59f73
OTM1_NEXT1_K3M1.5,2026-02-10,2026-01-20,2026-02-04T10:00:00+05:30,2026-02-09T14:00:00+05:30,25779.55,25800.0,25850.0,26250.0,171.05,146.4,36.05,36.97500000000001,1.5,0.02501690331304966,USABLE_OHLC,upstox_intraday/NIFTY/NIFTY_2026.parquet,bae9943b2fa99ee9c1214fb7c695b84f9f661a050a5cd04d9c5c2ffc7bc59f73
OTM1_NEXT1_K3M2,2026-02-10,2026-01-20,2026-02-04T10:00:00+05:30,2026-02-09T14:00:00+05:30,25779.55,25800.0,25850.0,26150.0,171.05,146.4,51.85,49.30000000000001,2.0,0.05172413793103427,USABLE_OHLC,upstox_intraday/NIFTY/NIFTY_2026.parquet,bae9943b2fa99ee9c1214fb7c695b84f9f661a050a5cd04d9c5c2ffc7bc59f73
OTM1_NEXT1_K3M2.5,2026-02-10,2026-01-20,2026-02-04T10:00:00+05:30,2026-02-09T14:00:00+05:30,25779.55,25800.0,25850.0,26100.0,171.05,146.4,62.4,61.625000000000014,2.5,0.012576064908721853,USABLE_OHLC,upstox_intraday/NIFTY/NIFTY_2026.parquet,bae9943b2fa99ee9c1214fb7c695b84f9f661a050a5cd04d9c5c2ffc7bc59f73
OTM1_NEXT1_K3M3,2026-02-10,2026-01-20,2026-02-04T10:00:00+05:30,2026-02-09T14:00:00+05:30,25779.55,25800.0,25850.0,26050.0,171.05,146.4,74.85,73.95000000000002,3.0,0.012170385395537215,USABLE_OHLC,upstox_intraday/NIFTY/NIFTY_2026.parquet,bae9943b2fa99ee9c1214fb7c695b84f9f661a050a5cd04d9c5c2ffc7bc59f73
OTM1_NEXT1_K3M4,2026-02-10,2026-01-20,2026-02-04T10:00:00+05:30,2026-02-09T14:00:00+05:30,25779.55,25800.0,25850.0,25950.0,171.05,146.4,105.7,98.60000000000002,4.0,0.07200811359026348,USABLE_OHLC,upstox_intraday/NIFTY/NIFTY_2026.parquet,bae9943b2fa99ee9c1214fb7c695b84f9f661a050a5cd04d9c5c2ffc7bc59f73
OTM1_NEXT2_K3M0.5,2026-02-10,2026-01-20,2026-02-04T10:00:00+05:30,2026-02-09T14:00:00+05:30,25779.55,25800.0,25900.0,26400.0,171.05,124.85,21.3,23.10000000000001,0.5,0.07792207792207823,USABLE_OHLC,upstox_intraday/NIFTY/NIFTY_2026.parquet,bae9943b2fa99ee9c1214fb7c695b84f9f661a050a5cd04d9c5c2ffc7bc59f73
OTM1_NEXT2_K3M1,2026-02-10,2026-01-20,2026-02-04T10:00:00+05:30,2026-02-09T14:00:00+05:30,25779.55,25800.0,25900.0,26200.0,171.05,124.85,43.05,46.20000000000002,1.0,0.0681818181818186,USABLE_OHLC,upstox_intraday/NIFTY/NIFTY_2026.parquet,bae9943b2fa99ee9c1214fb7c695b84f9f661a050a5cd04d9c5c2ffc7bc59f73
OTM1_NEXT2_K3M1.5,2026-02-10,2026-01-20,2026-02-04T10:00:00+05:30,2026-02-09T14:00:00+05:30,25779.55,25800.0,25900.0,26050.0,171.05,124.85,74.85,69.30000000000003,1.5,0.08008658008657961,USABLE_OHLC,upstox_intraday/NIFTY/NIFTY_2026.parquet,bae9943b2fa99ee9c1214fb7c695b84f9f661a050a5cd04d9c5c2ffc7bc59f73
OTM1_NEXT2_K3M2,2026-02-10,2026-01-20,2026-02-04T10:00:00+05:30,2026-02-09T14:00:00+05:30,25779.55,25800.0,25900.0,26000.0,171.05,124.85,89.15,92.40000000000003,2.0,0.03517316017316047,USABLE_OHLC,upstox_intraday/NIFTY/NIFTY_2026.parquet,bae9943b2fa99ee9c1214fb7c695b84f9f661a050a5cd04d9c5c2ffc7bc59f73
OTM1_NEXT2_K3M2.5,2026-02-10,2026-01-20,2026-02-04T10:00:00+05:30,2026-02-09T14:00:00+05:30,25779.55,25800.0,25900.0,25950.0,171.05,124.85,105.7,115.50000000000004,2.5,0.08484848484848516,USABLE_OHLC,upstox_intraday/NIFTY/NIFTY_2026.parquet,bae9943b2fa99ee9c1214fb7c695b84f9f661a050a5cd04d9c5c2ffc7bc59f73
OTM1_NEXT2_K3M3,2026-02-10,2026-01-20,2026-02-04T10:00:00+05:30,2026-02-09T14:00:00+05:30,25779.55,25800.0,25900.0,25950.0,171.05,124.85,105.7,138.60000000000005,3.0,0.23737373737373763,USABLE_OHLC,upstox_intraday/NIFTY/NIFTY_2026.parquet,bae9943b2fa99ee9c1214fb7c695b84f9f661a050a5cd04d9c5c2ffc7bc59f73
OTM1_NEXT2_K3M4,2026-02-10,2026-01-20,2026-02-04T10:00:00+05:30,2026-02-09T14:00:00+05:30,25779.55,25800.0,25900.0,25950.0,171.05,124.85,105.7,184.80000000000007,4.0,0.4280303030303032,USABLE_OHLC,upstox_intraday/NIFTY/NIFTY_2026.parquet,bae9943b2fa99ee9c1214fb7c695b84f9f661a050a5cd04d9c5c2ffc7bc59f73
OTM1_NEXT3_K3M0.5,2026-02-10,2026-01-20,2026-02-04T10:00:00+05:30,2026-02-09T14:00:00+05:30,25779.55,25800.0,25950.0,26300.0,171.05,105.7,30.25,32.675000000000004,0.5,0.0742157612853865,USABLE_OHLC,upstox_intraday/NIFTY/NIFTY_2026.parquet,bae9943b2fa99ee9c1214fb7c695b84f9f661a050a5cd04d9c5c2ffc7bc59f73
OTM1_NEXT3_K3M1,2026-02-10,2026-01-20,2026-02-04T10:00:00+05:30,2026-02-09T14:00:00+05:30,25779.55,25800.0,25950.0,26100.0,171.05,105.7,62.4,65.35000000000001,1.0,0.04514154552410114,USABLE_OHLC,upstox_intraday/NIFTY/NIFTY_2026.parquet,bae9943b2fa99ee9c1214fb7c695b84f9f661a050a5cd04d9c5c2ffc7bc59f73
OTM1_NEXT3_K3M1.5,2026-02-10,2026-01-20,2026-02-04T10:00:00+05:30,2026-02-09T14:00:00+05:30,25779.55,25800.0,25950.0,26000.0,171.05,105.7,89.15,98.025,1.5,0.09053812802856413,USABLE_OHLC,upstox_intraday/NIFTY/NIFTY_2026.parquet,bae9943b2fa99ee9c1214fb7c695b84f9f661a050a5cd04d9c5c2ffc7bc59f73
OTM1_NEXT3_K3M2,2026-02-10,2026-01-20,2026-02-04T10:00:00+05:30,2026-02-09T14:00:00+05:30,25779.55,25800.0,25950.0,26000.0,171.05,105.7,89.15,130.70000000000002,2.0,0.31790359602142315,USABLE_OHLC,upstox_intraday/NIFTY/NIFTY_2026.parquet,bae9943b2fa99ee9c1214fb7c695b84f9f661a050a5cd04d9c5c2ffc7bc59f73
OTM1_NEXT3_K3M2.5,2026-02-10,2026-01-20,2026-02-04T10:00:00+05:30,2026-02-09T14:00:00+05:30,25779.55,25800.0,25950.0,26000.0,171.05,105.7,89.15,163.37500000000003,2.5,0.45432287681713857,USABLE_OHLC,upstox_intraday/NIFTY/NIFTY_2026.parquet,bae9943b2fa99ee9c1214fb7c695b84f9f661a050a5cd04d9c5c2ffc7bc59f73
OTM1_NEXT3_K3M3,2026-02-10,2026-01-20,2026-02-04T10:00:00+05:30,2026-02-09T14:00:00+05:30,25779.55,25800.0,25950.0,26000.0,171.05,105.7,89.15,196.05,3.0,0.5452690640142821,USABLE_OHLC,upstox_intraday/NIFTY/NIFTY_2026.parquet,bae9943b2fa99ee9c1214fb7c695b84f9f661a050a5cd04d9c5c2ffc7bc59f73
OTM1_NEXT3_K3M4,2026-02-10,2026-01-20,2026-02-04T10:00:00+05:30,2026-02-09T14:00:00+05:30,25779.55,25800.0,25950.0,26000.0,171.05,105.7,89.15,261.40000000000003,4.0,0.6589517980107116,USABLE_OHLC,upstox_intraday/NIFTY/NIFTY_2026.parquet,bae9943b2fa99ee9c1214fb7c695b84f9f661a050a5cd04d9c5c2ffc7bc59f73
OTM1_MIRROR_GAP_K3M0.5,2026-02-10,2026-01-20,2026-02-04T10:00:00+05:30,2026-02-09T14:00:00+05:30,25779.55,25800.0,25850.0,26600.0,171.05,146.4,11.5,12.325000000000003,0.5,0.06693711967545661,USABLE_OHLC,upstox_intraday/NIFTY/NIFTY_2026.parquet,bae9943b2fa99ee9c1214fb7c695b84f9f661a050a5cd04d9c5c2ffc7bc59f73
OTM1_MIRROR_GAP_K3M1,2026-02-10,2026-01-20,2026-02-04T10:00:00+05:30,2026-02-09T14:00:00+05:30,25779.55,25800.0,25850.0,26350.0,171.05,146.4,25.35,24.650000000000006,1.0,0.02839756592292071,USABLE_OHLC,upstox_intraday/NIFTY/NIFTY_2026.parquet,bae9943b2fa99ee9c1214fb7c695b84f9f661a050a5cd04d9c5c2ffc7bc59f73
OTM1_MIRROR_GAP_K3M1.5,2026-02-10,2026-01-20,2026-02-04T10:00:00+05:30,2026-02-09T14:00:00+05:30,25779.55,25800.0,25850.0,26250.0,171.05,146.4,36.05,36.97500000000001,1.5,0.02501690331304966,USABLE_OHLC,upstox_intraday/NIFTY/NIFTY_2026.parquet,bae9943b2fa99ee9c1214fb7c695b84f9f661a050a5cd04d9c5c2ffc7bc59f73
OTM1_MIRROR_GAP_K3M2,2026-02-10,2026-01-20,2026-02-04T10:00:00+05:30,2026-02-09T14:00:00+05:30,25779.55,25800.0,25850.0,26150.0,171.05,146.4,51.85,49.30000000000001,2.0,0.05172413793103427,USABLE_OHLC,upstox_intraday/NIFTY/NIFTY_2026.parquet,bae9943b2fa99ee9c1214fb7c695b84f9f661a050a5cd04d9c5c2ffc7bc59f73
OTM1_MIRROR_GAP_K3M2.5,2026-02-10,2026-01-20,2026-02-04T10:00:00+05:30,2026-02-09T14:00:00+05:30,25779.55,25800.0,25850.0,26100.0,171.05,146.4,62.4,61.625000000000014,2.5,0.012576064908721853,USABLE_OHLC,upstox_intraday/NIFTY/NIFTY_2026.parquet,bae9943b2fa99ee9c1214fb7c695b84f9f661a050a5cd04d9c5c2ffc7bc59f73
OTM1_MIRROR_GAP_K3M3,2026-02-10,2026-01-20,2026-02-04T10:00:00+05:30,2026-02-09T14:00:00+05:30,25779.55,25800.0,25850.0,26050.0,171.05,146.4,74.85,73.95000000000002,3.0,0.012170385395537215,USABLE_OHLC,upstox_intraday/NIFTY/NIFTY_2026.parquet,bae9943b2fa99ee9c1214fb7c695b84f9f661a050a5cd04d9c5c2ffc7bc59f73
OTM1_MIRROR_GAP_K3M4,2026-02-10,2026-01-20,2026-02-04T10:00:00+05:30,2026-02-09T14:00:00+05:30,25779.55,25800.0,25850.0,25950.0,171.05,146.4,105.7,98.60000000000002,4.0,0.07200811359026348,USABLE_OHLC,upstox_intraday/NIFTY/NIFTY_2026.parquet,bae9943b2fa99ee9c1214fb7c695b84f9f661a050a5cd04d9c5c2ffc7bc59f73
OTM2_NEXT1_K3M0.5,2026-02-10,2026-01-20,2026-02-04T10:00:00+05:30,2026-02-09T14:00:00+05:30,25779.55,25850.0,25900.0,26600.0,146.4,124.85,11.5,10.775000000000006,0.5,0.06728538283062589,USABLE_OHLC,upstox_intraday/NIFTY/NIFTY_2026.parquet,bae9943b2fa99ee9c1214fb7c695b84f9f661a050a5cd04d9c5c2ffc7bc59f73
OTM2_NEXT1_K3M1,2026-02-10,2026-01-20,2026-02-04T10:00:00+05:30,2026-02-09T14:00:00+05:30,25779.55,25850.0,25900.0,26400.0,146.4,124.85,21.3,21.55000000000001,1.0,0.011600928074246428,USABLE_OHLC,upstox_intraday/NIFTY/NIFTY_2026.parquet,bae9943b2fa99ee9c1214fb7c695b84f9f661a050a5cd04d9c5c2ffc7bc59f73
OTM2_NEXT1_K3M1.5,2026-02-10,2026-01-20,2026-02-04T10:00:00+05:30,2026-02-09T14:00:00+05:30,25779.55,25850.0,25900.0,26300.0,146.4,124.85,30.25,32.32500000000002,1.5,0.06419180201082803,USABLE_OHLC,upstox_intraday/NIFTY/NIFTY_2026.parquet,bae9943b2fa99ee9c1214fb7c695b84f9f661a050a5cd04d9c5c2ffc7bc59f73
OTM2_NEXT1_K3M2,2026-02-10,2026-01-20,2026-02-04T10:00:00+05:30,2026-02-09T14:00:00+05:30,25779.55,25850.0,25900.0,26200.0,146.4,124.85,43.05,43.10000000000002,2.0,0.0011600928074251868,USABLE_OHLC,upstox_intraday/NIFTY/NIFTY_2026.parquet,bae9943b2fa99ee9c1214fb7c695b84f9f661a050a5cd04d9c5c2ffc7bc59f73
OTM2_NEXT1_K3M2.5,2026-02-10,2026-01-20,2026-02-04T10:00:00+05:30,2026-02-09T14:00:00+05:30,25779.55,25850.0,25900.0,26150.0,146.4,124.85,51.85,53.87500000000003,2.5,0.03758700696055733,USABLE_OHLC,upstox_intraday/NIFTY/NIFTY_2026.parquet,bae9943b2fa99ee9c1214fb7c695b84f9f661a050a5cd04d9c5c2ffc7bc59f73
OTM2_NEXT1_K3M3,2026-02-10,2026-01-20,2026-02-04T10:00:00+05:30,2026-02-09T14:00:00+05:30,25779.55,25850.0,25900.0,26100.0,146.4,124.85,62.4,64.65000000000003,3.0,0.03480278422273835,USABLE_OHLC,upstox_intraday/NIFTY/NIFTY_2026.parquet,bae9943b2fa99ee9c1214fb7c695b84f9f661a050a5cd04d9c5c2ffc7bc59f73
OTM2_NEXT1_K3M4,2026-02-10,2026-01-20,2026-02-04T10:00:00+05:30,2026-02-09T14:00:00+05:30,25779.55,25850.0,25900.0,26000.0,146.4,124.85,89.15,86.20000000000005,4.0,0.034222737819025045,USABLE_OHLC,upstox_intraday/NIFTY/NIFTY_2026.parquet,bae9943b2fa99ee9c1214fb7c695b84f9f661a050a5cd04d9c5c2ffc7bc59f73
OTM2_NEXT2_K3M0.5,2026-02-10,2026-01-20,2026-02-04T10:00:00+05:30,2026-02-09T14:00:00+05:30,25779.55,25850.0,25950.0,26400.0,146.4,105.7,21.3,20.35,0.5,0.046683046683046646,USABLE_OHLC,upstox_intraday/NIFTY/NIFTY_2026.parquet,bae9943b2fa99ee9c1214fb7c695b84f9f661a050a5cd04d9c5c2ffc7bc59f73
OTM2_NEXT2_K3M1,2026-02-10,2026-01-20,2026-02-04T10:00:00+05:30,2026-02-09T14:00:00+05:30,25779.55,25850.0,25950.0,26200.0,146.4,105.7,43.05,40.7,1.0,0.05773955773955759,USABLE_OHLC,upstox_intraday/NIFTY/NIFTY_2026.parquet,bae9943b2fa99ee9c1214fb7c695b84f9f661a050a5cd04d9c5c2ffc7bc59f73
OTM2_NEXT2_K3M1.5,2026-02-10,2026-01-20,2026-02-04T10:00:00+05:30,2026-02-09T14:00:00+05:30,25779.55,25850.0,25950.0,26100.0,146.4,105.7,62.4,61.050000000000004,1.5,0.02211302211302202,USABLE_OHLC,upstox_intraday/NIFTY/NIFTY_2026.parquet,bae9943b2fa99ee9c1214fb7c695b84f9f661a050a5cd04d9c5c2ffc7bc59f73
OTM2_NEXT2_K3M2,2026-02-10,2026-01-20,2026-02-04T10:00:00+05:30,2026-02-09T14:00:00+05:30,25779.55,25850.0,25950.0,26050.0,146.4,105.7,74.85,81.4,2.0,0.0804668304668306,USABLE_OHLC,upstox_intraday/NIFTY/NIFTY_2026.parquet,bae9943b2fa99ee9c1214fb7c695b84f9f661a050a5cd04d9c5c2ffc7bc59f73
OTM2_NEXT2_K3M2.5,2026-02-10,2026-01-20,2026-02-04T10:00:00+05:30,2026-02-09T14:00:00+05:30,25779.55,25850.0,25950.0,26000.0,146.4,105.7,89.15,101.75,2.5,0.12383292383292378,USABLE_OHLC,upstox_intraday/NIFTY/NIFTY_2026.parquet,bae9943b2fa99ee9c1214fb7c695b84f9f661a050a5cd04d9c5c2ffc7bc59f73
OTM2_NEXT2_K3M3,2026-02-10,2026-01-20,2026-02-04T10:00:00+05:30,2026-02-09T14:00:00+05:30,25779.55,25850.0,25950.0,26000.0,146.4,105.7,89.15,122.10000000000001,3.0,0.26986076986076984,USABLE_OHLC,upstox_intraday/NIFTY/NIFTY_2026.parquet,bae9943b2fa99ee9c1214fb7c695b84f9f661a050a5cd04d9c5c2ffc7bc59f73
OTM2_NEXT2_K3M4,2026-02-10,2026-01-20,2026-02-04T10:00:00+05:30,2026-02-09T14:00:00+05:30,25779.55,25850.0,25950.0,26000.0,146.4,105.7,89.15,162.8,4.0,0.4523955773955774,USABLE_OHLC,upstox_intraday/NIFTY/NIFTY_2026.parquet,bae9943b2fa99ee9c1214fb7c695b84f9f661a050a5cd04d9c5c2ffc7bc59f73
OTM2_NEXT3_K3M0.5,2026-02-10,2026-01-20,2026-02-04T10:00:00+05:30,2026-02-09T14:00:00+05:30,25779.55,25850.0,26000.0,26300.0,146.4,89.15,30.25,28.625,0.5,0.056768558951965066,USABLE_OHLC,upstox_intraday/NIFTY/NIFTY_2026.parquet,bae9943b2fa99ee9c1214fb7c695b84f9f661a050a5cd04d9c5c2ffc7bc59f73
OTM2_NEXT3_K3M1,2026-02-10,2026-01-20,2026-02-04T10:00:00+05:30,2026-02-09T14:00:00+05:30,25779.55,25850.0,26000.0,26100.0,146.4,89.15,62.4,57.25,1.0,0.08995633187772924,USABLE_OHLC,upstox_intraday/NIFTY/NIFTY_2026.parquet,bae9943b2fa99ee9c1214fb7c695b84f9f661a050a5cd04d9c5c2ffc7bc59f73
OTM2_NEXT3_K3M1.5,2026-02-10,2026-01-20,2026-02-04T10:00:00+05:30,2026-02-09T14:00:00+05:30,25779.55,25850.0,26000.0,26050.0,146.4,89.15,74.85,85.875,1.5,0.1283842794759826,USABLE_OHLC,upstox_intraday/NIFTY/NIFTY_2026.parquet,bae9943b2fa99ee9c1214fb7c695b84f9f661a050a5cd04d9c5c2ffc7bc59f73
OTM2_NEXT3_K3M2,2026-02-10,2026-01-20,2026-02-04T10:00:00+05:30,2026-02-09T14:00:00+05:30,25779.55,25850.0,26000.0,26050.0,146.4,89.15,74.85,114.5,2.0,0.346288209606987,USABLE_OHLC,upstox_intraday/NIFTY/NIFTY_2026.parquet,bae9943b2fa99ee9c1214fb7c695b84f9f661a050a5cd04d9c5c2ffc7bc59f73
OTM2_NEXT3_K3M2.5,2026-02-10,2026-01-20,2026-02-04T10:00:00+05:30,2026-02-09T14:00:00+05:30,25779.55,25850.0,26000.0,26050.0,146.4,89.15,74.85,143.125,2.5,0.47703056768558955,USABLE_OHLC,upstox_intraday/NIFTY/NIFTY_2026.parquet,bae9943b2fa99ee9c1214fb7c695b84f9f661a050a5cd04d9c5c2ffc7bc59f73
OTM2_NEXT3_K3M3,2026-02-10,2026-01-20,2026-02-04T10:00:00+05:30,2026-02-09T14:00:00+05:30,25779.55,25850.0,26000.0,26050.0,146.4,89.15,74.85,171.75,3.0,0.5641921397379913,USABLE_OHLC,upstox_intraday/NIFTY/NIFTY_2026.parquet,bae9943b2fa99ee9c1214fb7c695b84f9f661a050a5cd04d9c5c2ffc7bc59f73
OTM2_NEXT3_K3M4,2026-02-10,2026-01-20,2026-02-04T10:00:00+05:30,2026-02-09T14:00:00+05:30,25779.55,25850.0,26000.0,26050.0,146.4,89.15,74.85,229.0,4.0,0.6731441048034935,USABLE_OHLC,upstox_intraday/NIFTY/NIFTY_2026.parquet,bae9943b2fa99ee9c1214fb7c695b84f9f661a050a5cd04d9c5c2ffc7bc59f73
OTM2_MIRROR_GAP_K3M0.5,2026-02-10,2026-01-20,2026-02-04T10:00:00+05:30,2026-02-09T14:00:00+05:30,25779.55,25850.0,25900.0,26600.0,146.4,124.85,11.5,10.775000000000006,0.5,0.06728538283062589,USABLE_OHLC,upstox_intraday/NIFTY/NIFTY_2026.parquet,bae9943b2fa99ee9c1214fb7c695b84f9f661a050a5cd04d9c5c2ffc7bc59f73
OTM2_MIRROR_GAP_K3M1,2026-02-10,2026-01-20,2026-02-04T10:00:00+05:30,2026-02-09T14:00:00+05:30,25779.55,25850.0,25900.0,26400.0,146.4,124.85,21.3,21.55000000000001,1.0,0.011600928074246428,USABLE_OHLC,upstox_intraday/NIFTY/NIFTY_2026.parquet,bae9943b2fa99ee9c1214fb7c695b84f9f661a050a5cd04d9c5c2ffc7bc59f73
OTM2_MIRROR_GAP_K3M1.5,2026-02-10,2026-01-20,2026-02-04T10:00:00+05:30,2026-02-09T14:00:00+05:30,25779.55,25850.0,25900.0,26300.0,146.4,124.85,30.25,32.32500000000002,1.5,0.06419180201082803,USABLE_OHLC,upstox_intraday/NIFTY/NIFTY_2026.parquet,bae9943b2fa99ee9c1214fb7c695b84f9f661a050a5cd04d9c5c2ffc7bc59f73
OTM2_MIRROR_GAP_K3M2,2026-02-10,2026-01-20,2026-02-04T10:00:00+05:30,2026-02-09T14:00:00+05:30,25779.55,25850.0,25900.0,26200.0,146.4,124.85,43.05,43.10000000000002,2.0,0.0011600928074251868,USABLE_OHLC,upstox_intraday/NIFTY/NIFTY_2026.parquet,bae9943b2fa99ee9c1214fb7c695b84f9f661a050a5cd04d9c5c2ffc7bc59f73
OTM2_MIRROR_GAP_K3M2.5,2026-02-10,2026-01-20,2026-02-04T10:00:00+05:30,2026-02-09T14:00:00+05:30,25779.55,25850.0,25900.0,26150.0,146.4,124.85,51.85,53.87500000000003,2.5,0.03758700696055733,USABLE_OHLC,upstox_intraday/NIFTY/NIFTY_2026.parquet,bae9943b2fa99ee9c1214fb7c695b84f9f661a050a5cd04d9c5c2ffc7bc59f73
OTM2_MIRROR_GAP_K3M3,2026-02-10,2026-01-20,2026-02-04T10:00:00+05:30,2026-02-09T14:00:00+05:30,25779.55,25850.0,25900.0,26100.0,146.4,124.85,62.4,64.65000000000003,3.0,0.03480278422273835,USABLE_OHLC,upstox_intraday/NIFTY/NIFTY_2026.parquet,bae9943b2fa99ee9c1214fb7c695b84f9f661a050a5cd04d9c5c2ffc7bc59f73
OTM2_MIRROR_GAP_K3M4,2026-02-10,2026-01-20,2026-02-04T10:00:00+05:30,2026-02-09T14:00:00+05:30,25779.55,25850.0,25900.0,26000.0,146.4,124.85,89.15,86.20000000000005,4.0,0.034222737819025045,USABLE_OHLC,upstox_intraday/NIFTY/NIFTY_2026.parquet,bae9943b2fa99ee9c1214fb7c695b84f9f661a050a5cd04d9c5c2ffc7bc59f73
OTM3_NEXT1_K3M0.5,2026-02-10,2026-01-20,2026-02-04T10:00:00+05:30,2026-02-09T14:00:00+05:30,25779.55,25900.0,25950.0,26650.0,124.85,105.7,10.0,9.574999999999996,0.5,0.04438642297650177,USABLE_OHLC,upstox_intraday/NIFTY/NIFTY_2026.parquet,bae9943b2fa99ee9c1214fb7c695b84f9f661a050a5cd04d9c5c2ffc7bc59f73
OTM3_NEXT1_K3M1,2026-02-10,2026-01-20,2026-02-04T10:00:00+05:30,2026-02-09T14:00:00+05:30,25779.55,25900.0,25950.0,26450.0,124.85,105.7,18.05,19.14999999999999,1.0,0.057441253263707116,USABLE_OHLC,upstox_intraday/NIFTY/NIFTY_2026.parquet,bae9943b2fa99ee9c1214fb7c695b84f9f661a050a5cd04d9c5c2ffc7bc59f73
OTM3_NEXT1_K3M1.5,2026-02-10,2026-01-20,2026-02-04T10:00:00+05:30,2026-02-09T14:00:00+05:30,25779.55,25900.0,25950.0,26300.0,124.85,105.7,30.25,28.724999999999987,1.5,0.05308964316797262,USABLE_OHLC,upstox_intraday/NIFTY/NIFTY_2026.parquet,bae9943b2fa99ee9c1214fb7c695b84f9f661a050a5cd04d9c5c2ffc7bc59f73
OTM3_NEXT1_K3M2,2026-02-10,2026-01-20,2026-02-04T10:00:00+05:30,2026-02-09T14:00:00+05:30,25779.55,25900.0,25950.0,26250.0,124.85,105.7,36.05,38.29999999999998,2.0,0.058746736292427854,USABLE_OHLC,upstox_intraday/NIFTY/NIFTY_2026.parquet,bae9943b2fa99ee9c1214fb7c695b84f9f661a050a5cd04d9c5c2ffc7bc59f73
OTM3_NEXT1_K3M2.5,2026-02-10,2026-01-20,2026-02-04T10:00:00+05:30,2026-02-09T14:00:00+05:30,25779.55,25900.0,25950.0,26150.0,124.85,105.7,51.85,47.87499999999998,2.5,0.08302872062663237,USABLE_OHLC,upstox_intraday/NIFTY/NIFTY_2026.parquet,bae9943b2fa99ee9c1214fb7c695b84f9f661a050a5cd04d9c5c2ffc7bc59f73
OTM3_NEXT1_K3M3,2026-02-10,2026-01-20,2026-02-04T10:00:00+05:30,2026-02-09T14:00:00+05:30,25779.55,25900.0,25950.0,26100.0,124.85,105.7,62.4,57.449999999999974,3.0,0.08616187989556182,USABLE_OHLC,upstox_intraday/NIFTY/NIFTY_2026.parquet,bae9943b2fa99ee9c1214fb7c695b84f9f661a050a5cd04d9c5c2ffc7bc59f73
OTM3_NEXT1_K3M4,2026-02-10,2026-01-20,2026-02-04T10:00:00+05:30,2026-02-09T14:00:00+05:30,25779.55,25900.0,25950.0,26050.0,124.85,105.7,74.85,76.59999999999997,4.0,0.022845953002610605,USABLE_OHLC,upstox_intraday/NIFTY/NIFTY_2026.parquet,bae9943b2fa99ee9c1214fb7c695b84f9f661a050a5cd04d9c5c2ffc7bc59f73
OTM3_NEXT2_K3M0.5,2026-02-10,2026-01-20,2026-02-04T10:00:00+05:30,2026-02-09T14:00:00+05:30,25779.55,25900.0,26000.0,26450.0,124.85,89.15,18.05,17.849999999999994,0.5,0.01120448179271745,USABLE_OHLC,upstox_intraday/NIFTY/NIFTY_2026.parquet,bae9943b2fa99ee9c1214fb7c695b84f9f661a050a5cd04d9c5c2ffc7bc59f73
OTM3_NEXT2_K3M1,2026-02-10,2026-01-20,2026-02-04T10:00:00+05:30,2026-02-09T14:00:00+05:30,25779.55,25900.0,26000.0,26250.0,124.85,89.15,36.05,35.69999999999999,1.0,0.009803921568627694,USABLE_OHLC,upstox_intraday/NIFTY/NIFTY_2026.parquet,bae9943b2fa99ee9c1214fb7c695b84f9f661a050a5cd04d9c5c2ffc7bc59f73
OTM3_NEXT2_K3M1.5,2026-02-10,2026-01-20,2026-02-04T10:00:00+05:30,2026-02-09T14:00:00+05:30,25779.55,25900.0,26000.0,26150.0,124.85,89.15,51.85,53.54999999999998,1.5,0.03174603174603141,USABLE_OHLC,upstox_intraday/NIFTY/NIFTY_2026.parquet,bae9943b2fa99ee9c1214fb7c695b84f9f661a050a5cd04d9c5c2ffc7bc59f73
OTM3_NEXT2_K3M2,2026-02-10,2026-01-20,2026-02-04T10:00:00+05:30,2026-02-09T14:00:00+05:30,25779.55,25900.0,26000.0,26050.0,124.85,89.15,74.85,71.39999999999998,2.0,0.04831932773109269,USABLE_OHLC,upstox_intraday/NIFTY/NIFTY_2026.parquet,bae9943b2fa99ee9c1214fb7c695b84f9f661a050a5cd04d9c5c2ffc7bc59f73
OTM3_NEXT2_K3M2.5,2026-02-10,2026-01-20,2026-02-04T10:00:00+05:30,2026-02-09T14:00:00+05:30,25779.55,25900.0,26000.0,26050.0,124.85,89.15,74.85,89.24999999999997,2.5,0.16134453781512584,USABLE_OHLC,upstox_intraday/NIFTY/NIFTY_2026.parquet,bae9943b2fa99ee9c1214fb7c695b84f9f661a050a5cd04d9c5c2ffc7bc59f73
OTM3_NEXT2_K3M3,2026-02-10,2026-01-20,2026-02-04T10:00:00+05:30,2026-02-09T14:00:00+05:30,25779.55,25900.0,26000.0,26050.0,124.85,89.15,74.85,107.09999999999997,3.0,0.3011204481792715,USABLE_OHLC,upstox_intraday/NIFTY/NIFTY_2026.parquet,bae9943b2fa99ee9c1214fb7c695b84f9f661a050a5cd04d9c5c2ffc7bc59f73
OTM3_NEXT2_K3M4,2026-02-10,2026-01-20,2026-02-04T10:00:00+05:30,2026-02-09T14:00:00+05:30,25779.55,25900.0,26000.0,26050.0,124.85,89.15,74.85,142.79999999999995,4.0,0.47584033613445365,USABLE_OHLC,upstox_intraday/NIFTY/NIFTY_2026.parquet,bae9943b2fa99ee9c1214fb7c695b84f9f661a050a5cd04d9c5c2ffc7bc59f73
OTM3_NEXT3_K3M0.5,2026-02-10,2026-01-20,2026-02-04T10:00:00+05:30,2026-02-09T14:00:00+05:30,25779.55,25900.0,26050.0,26350.0,124.85,74.85,25.35,25.0,0.5,0.014000000000000058,USABLE_OHLC,upstox_intraday/NIFTY/NIFTY_2026.parquet,bae9943b2fa99ee9c1214fb7c695b84f9f661a050a5cd04d9c5c2ffc7bc59f73
OTM3_NEXT3_K3M1,2026-02-10,2026-01-20,2026-02-04T10:00:00+05:30,2026-02-09T14:00:00+05:30,25779.55,25900.0,26050.0,26150.0,124.85,74.85,51.85,50.0,1.0,0.037000000000000026,USABLE_OHLC,upstox_intraday/NIFTY/NIFTY_2026.parquet,bae9943b2fa99ee9c1214fb7c695b84f9f661a050a5cd04d9c5c2ffc7bc59f73
OTM3_NEXT3_K3M1.5,2026-02-10,2026-01-20,2026-02-04T10:00:00+05:30,2026-02-09T14:00:00+05:30,25779.55,25900.0,26050.0,26100.0,124.85,74.85,62.4,75.0,1.5,0.168,USABLE_OHLC,upstox_intraday/NIFTY/NIFTY_2026.parquet,bae9943b2fa99ee9c1214fb7c695b84f9f661a050a5cd04d9c5c2ffc7bc59f73
OTM3_NEXT3_K3M2,2026-02-10,2026-01-20,2026-02-04T10:00:00+05:30,2026-02-09T14:00:00+05:30,25779.55,25900.0,26050.0,26100.0,124.85,74.85,62.4,100.0,2.0,0.376,USABLE_OHLC,upstox_intraday/NIFTY/NIFTY_2026.parquet,bae9943b2fa99ee9c1214fb7c695b84f9f661a050a5cd04d9c5c2ffc7bc59f73
OTM3_NEXT3_K3M2.5,2026-02-10,2026-01-20,2026-02-04T10:00:00+05:30,2026-02-09T14:00:00+05:30,25779.55,25900.0,26050.0,26100.0,124.85,74.85,62.4,125.0,2.5,0.5008,USABLE_OHLC,upstox_intraday/NIFTY/NIFTY_2026.parquet,bae9943b2fa99ee9c1214fb7c695b84f9f661a050a5cd04d9c5c2ffc7bc59f73
OTM3_NEXT3_K3M3,2026-02-10,2026-01-20,2026-02-04T10:00:00+05:30,2026-02-09T14:00:00+05:30,25779.55,25900.0,26050.0,26100.0,124.85,74.85,62.4,150.0,3.0,0.584,USABLE_OHLC,upstox_intraday/NIFTY/NIFTY_2026.parquet,bae9943b2fa99ee9c1214fb7c695b84f9f661a050a5cd04d9c5c2ffc7bc59f73
OTM3_NEXT3_K3M4,2026-02-10,2026-01-20,2026-02-04T10:00:00+05:30,2026-02-09T14:00:00+05:30,25779.55,25900.0,26050.0,26100.0,124.85,74.85,62.4,200.0,4.0,0.688,USABLE_OHLC,upstox_intraday/NIFTY/NIFTY_2026.parquet,bae9943b2fa99ee9c1214fb7c695b84f9f661a050a5cd04d9c5c2ffc7bc59f73
OTM3_MIRROR_GAP_K3M0.5,2026-02-10,2026-01-20,2026-02-04T10:00:00+05:30,2026-02-09T14:00:00+05:30,25779.55,25900.0,26000.0,26450.0,124.85,89.15,18.05,17.849999999999994,0.5,0.01120448179271745,USABLE_OHLC,upstox_intraday/NIFTY/NIFTY_2026.parquet,bae9943b2fa99ee9c1214fb7c695b84f9f661a050a5cd04d9c5c2ffc7bc59f73
OTM3_MIRROR_GAP_K3M1,2026-02-10,2026-01-20,2026-02-04T10:00:00+05:30,2026-02-09T14:00:00+05:30,25779.55,25900.0,26000.0,26250.0,124.85,89.15,36.05,35.69999999999999,1.0,0.009803921568627694,USABLE_OHLC,upstox_intraday/NIFTY/NIFTY_2026.parquet,bae9943b2fa99ee9c1214fb7c695b84f9f661a050a5cd04d9c5c2ffc7bc59f73
OTM3_MIRROR_GAP_K3M1.5,2026-02-10,2026-01-20,2026-02-04T10:00:00+05:30,2026-02-09T14:00:00+05:30,25779.55,25900.0,26000.0,26150.0,124.85,89.15,51.85,53.54999999999998,1.5,0.03174603174603141,USABLE_OHLC,upstox_intraday/NIFTY/NIFTY_2026.parquet,bae9943b2fa99ee9c1214fb7c695b84f9f661a050a5cd04d9c5c2ffc7bc59f73
OTM3_MIRROR_GAP_K3M2,2026-02-10,2026-01-20,2026-02-04T10:00:00+05:30,2026-02-09T14:00:00+05:30,25779.55,25900.0,26000.0,26050.0,124.85,89.15,74.85,71.39999999999998,2.0,0.04831932773109269,USABLE_OHLC,upstox_intraday/NIFTY/NIFTY_2026.parquet,bae9943b2fa99ee9c1214fb7c695b84f9f661a050a5cd04d9c5c2ffc7bc59f73
OTM3_MIRROR_GAP_K3M2.5,2026-02-10,2026-01-20,2026-02-04T10:00:00+05:30,2026-02-09T14:00:00+05:30,25779.55,25900.0,26000.0,26050.0,124.85,89.15,74.85,89.24999999999997,2.5,0.16134453781512584,USABLE_OHLC,upstox_intraday/NIFTY/NIFTY_2026.parquet,bae9943b2fa99ee9c1214fb7c695b84f9f661a050a5cd04d9c5c2ffc7bc59f73
OTM3_MIRROR_GAP_K3M3,2026-02-10,2026-01-20,2026-02-04T10:00:00+05:30,2026-02-09T14:00:00+05:30,25779.55,25900.0,26000.0,26050.0,124.85,89.15,74.85,107.09999999999997,3.0,0.3011204481792715,USABLE_OHLC,upstox_intraday/NIFTY/NIFTY_2026.parquet,bae9943b2fa99ee9c1214fb7c695b84f9f661a050a5cd04d9c5c2ffc7bc59f73
OTM3_MIRROR_GAP_K3M4,2026-02-10,2026-01-20,2026-02-04T10:00:00+05:30,2026-02-09T14:00:00+05:30,25779.55,25900.0,26000.0,26050.0,124.85,89.15,74.85,142.79999999999995,4.0,0.47584033613445365,USABLE_OHLC,upstox_intraday/NIFTY/NIFTY_2026.parquet,bae9943b2fa99ee9c1214fb7c695b84f9f661a050a5cd04d9c5c2ffc7bc59f73
ATM_NEAREST_NEXT1_K3M0.5,2026-02-10,2026-01-20,2026-02-04T10:00:00+05:30,2026-02-09T14:00:00+05:30,25779.55,25800.0,25850.0,26600.0,171.05,146.4,11.5,12.325000000000003,0.5,0.06693711967545661,USABLE_OHLC,upstox_intraday/NIFTY/NIFTY_2026.parquet,bae9943b2fa99ee9c1214fb7c695b84f9f661a050a5cd04d9c5c2ffc7bc59f73
ATM_NEAREST_NEXT1_K3M1,2026-02-10,2026-01-20,2026-02-04T10:00:00+05:30,2026-02-09T14:00:00+05:30,25779.55,25800.0,25850.0,26350.0,171.05,146.4,25.35,24.650000000000006,1.0,0.02839756592292071,USABLE_OHLC,upstox_intraday/NIFTY/NIFTY_2026.parquet,bae9943b2fa99ee9c1214fb7c695b84f9f661a050a5cd04d9c5c2ffc7bc59f73
ATM_NEAREST_NEXT1_K3M1.5,2026-02-10,2026-01-20,2026-02-04T10:00:00+05:30,2026-02-09T14:00:00+05:30,25779.55,25800.0,25850.0,26250.0,171.05,146.4,36.05,36.97500000000001,1.5,0.02501690331304966,USABLE_OHLC,upstox_intraday/NIFTY/NIFTY_2026.parquet,bae9943b2fa99ee9c1214fb7c695b84f9f661a050a5cd04d9c5c2ffc7bc59f73
ATM_NEAREST_NEXT1_K3M2,2026-02-10,2026-01-20,2026-02-04T10:00:00+05:30,2026-02-09T14:00:00+05:30,25779.55,25800.0,25850.0,26150.0,171.05,146.4,51.85,49.30000000000001,2.0,0.05172413793103427,USABLE_OHLC,upstox_intraday/NIFTY/NIFTY_2026.parquet,bae9943b2fa99ee9c1214fb7c695b84f9f661a050a5cd04d9c5c2ffc7bc59f73
ATM_NEAREST_NEXT1_K3M2.5,2026-02-10,2026-01-20,2026-02-04T10:00:00+05:30,2026-02-09T14:00:00+05:30,25779.55,25800.0,25850.0,26100.0,171.05,146.4,62.4,61.625000000000014,2.5,0.012576064908721853,USABLE_OHLC,upstox_intraday/NIFTY/NIFTY_2026.parquet,bae9943b2fa99ee9c1214fb7c695b84f9f661a050a5cd04d9c5c2ffc7bc59f73
ATM_NEAREST_NEXT1_K3M3,2026-02-10,2026-01-20,2026-02-04T10:00:00+05:30,2026-02-09T14:00:00+05:30,25779.55,25800.0,25850.0,26050.0,171.05,146.4,74.85,73.95000000000002,3.0,0.012170385395537215,USABLE_OHLC,upstox_intraday/NIFTY/NIFTY_2026.parquet,bae9943b2fa99ee9c1214fb7c695b84f9f661a050a5cd04d9c5c2ffc7bc59f73
ATM_NEAREST_NEXT1_K3M4,2026-02-10,2026-01-20,2026-02-04T10:00:00+05:30,2026-02-09T14:00:00+05:30,25779.55,25800.0,25850.0,25950.0,171.05,146.4,105.7,98.60000000000002,4.0,0.07200811359026348,USABLE_OHLC,upstox_intraday/NIFTY/NIFTY_2026.parquet,bae9943b2fa99ee9c1214fb7c695b84f9f661a050a5cd04d9c5c2ffc7bc59f73
ATM_NEAREST_NEXT2_K3M0.5,2026-02-10,2026-01-20,2026-02-04T10:00:00+05:30,2026-02-09T14:00:00+05:30,25779.55,25800.0,25900.0,26400.0,171.05,124.85,21.3,23.10000000000001,0.5,0.07792207792207823,USABLE_OHLC,upstox_intraday/NIFTY/NIFTY_2026.parquet,bae9943b2fa99ee9c1214fb7c695b84f9f661a050a5cd04d9c5c2ffc7bc59f73
ATM_NEAREST_NEXT2_K3M1,2026-02-10,2026-01-20,2026-02-04T10:00:00+05:30,2026-02-09T14:00:00+05:30,25779.55,25800.0,25900.0,26200.0,171.05,124.85,43.05,46.20000000000002,1.0,0.0681818181818186,USABLE_OHLC,upstox_intraday/NIFTY/NIFTY_2026.parquet,bae9943b2fa99ee9c1214fb7c695b84f9f661a050a5cd04d9c5c2ffc7bc59f73
ATM_NEAREST_NEXT2_K3M1.5,2026-02-10,2026-01-20,2026-02-04T10:00:00+05:30,2026-02-09T14:00:00+05:30,25779.55,25800.0,25900.0,26050.0,171.05,124.85,74.85,69.30000000000003,1.5,0.08008658008657961,USABLE_OHLC,upstox_intraday/NIFTY/NIFTY_2026.parquet,bae9943b2fa99ee9c1214fb7c695b84f9f661a050a5cd04d9c5c2ffc7bc59f73
ATM_NEAREST_NEXT2_K3M2,2026-02-10,2026-01-20,2026-02-04T10:00:00+05:30,2026-02-09T14:00:00+05:30,25779.55,25800.0,25900.0,26000.0,171.05,124.85,89.15,92.40000000000003,2.0,0.03517316017316047,USABLE_OHLC,upstox_intraday/NIFTY/NIFTY_2026.parquet,bae9943b2fa99ee9c1214fb7c695b84f9f661a050a5cd04d9c5c2ffc7bc59f73
ATM_NEAREST_NEXT2_K3M2.5,2026-02-10,2026-01-20,2026-02-04T10:00:00+05:30,2026-02-09T14:00:00+05:30,25779.55,25800.0,25900.0,25950.0,171.05,124.85,105.7,115.50000000000004,2.5,0.08484848484848516,USABLE_OHLC,upstox_intraday/NIFTY/NIFTY_2026.parquet,bae9943b2fa99ee9c1214fb7c695b84f9f661a050a5cd04d9c5c2ffc7bc59f73
ATM_NEAREST_NEXT2_K3M3,2026-02-10,2026-01-20,2026-02-04T10:00:00+05:30,2026-02-09T14:00:00+05:30,25779.55,25800.0,25900.0,25950.0,171.05,124.85,105.7,138.60000000000005,3.0,0.23737373737373763,USABLE_OHLC,upstox_intraday/NIFTY/NIFTY_2026.parquet,bae9943b2fa99ee9c1214fb7c695b84f9f661a050a5cd04d9c5c2ffc7bc59f73
ATM_NEAREST_NEXT2_K3M4,2026-02-10,2026-01-20,2026-02-04T10:00:00+05:30,2026-02-09T14:00:00+05:30,25779.55,25800.0,25900.0,25950.0,171.05,124.85,105.7,184.80000000000007,4.0,0.4280303030303032,USABLE_OHLC,upstox_intraday/NIFTY/NIFTY_2026.parquet,bae9943b2fa99ee9c1214fb7c695b84f9f661a050a5cd04d9c5c2ffc7bc59f73
ATM_NEAREST_NEXT3_K3M0.5,2026-02-10,2026-01-20,2026-02-04T10:00:00+05:30,2026-02-09T14:00:00+05:30,25779.55,25800.0,25950.0,26300.0,171.05,105.7,30.25,32.675000000000004,0.5,0.0742157612853865,USABLE_OHLC,upstox_intraday/NIFTY/NIFTY_2026.parquet,bae9943b2fa99ee9c1214fb7c695b84f9f661a050a5cd04d9c5c2ffc7bc59f73
ATM_NEAREST_NEXT3_K3M1,2026-02-10,2026-01-20,2026-02-04T10:00:00+05:30,2026-02-09T14:00:00+05:30,25779.55,25800.0,25950.0,26100.0,171.05,105.7,62.4,65.35000000000001,1.0,0.04514154552410114,USABLE_OHLC,upstox_intraday/NIFTY/NIFTY_2026.parquet,bae9943b2fa99ee9c1214fb7c695b84f9f661a050a5cd04d9c5c2ffc7bc59f73
ATM_NEAREST_NEXT3_K3M1.5,2026-02-10,2026-01-20,2026-02-04T10:00:00+05:30,2026-02-09T14:00:00+05:30,25779.55,25800.0,25950.0,26000.0,171.05,105.7,89.15,98.025,1.5,0.09053812802856413,USABLE_OHLC,upstox_intraday/NIFTY/NIFTY_2026.parquet,bae9943b2fa99ee9c1214fb7c695b84f9f661a050a5cd04d9c5c2ffc7bc59f73
ATM_NEAREST_NEXT3_K3M2,2026-02-10,2026-01-20,2026-02-04T10:00:00+05:30,2026-02-09T14:00:00+05:30,25779.55,25800.0,25950.0,26000.0,171.05,105.7,89.15,130.70000000000002,2.0,0.31790359602142315,USABLE_OHLC,upstox_intraday/NIFTY/NIFTY_2026.parquet,bae9943b2fa99ee9c1214fb7c695b84f9f661a050a5cd04d9c5c2ffc7bc59f73
ATM_NEAREST_NEXT3_K3M2.5,2026-02-10,2026-01-20,2026-02-04T10:00:00+05:30,2026-02-09T14:00:00+05:30,25779.55,25800.0,25950.0,26000.0,171.05,105.7,89.15,163.37500000000003,2.5,0.45432287681713857,USABLE_OHLC,upstox_intraday/NIFTY/NIFTY_2026.parquet,bae9943b2fa99ee9c1214fb7c695b84f9f661a050a5cd04d9c5c2ffc7bc59f73
ATM_NEAREST_NEXT3_K3M3,2026-02-10,2026-01-20,2026-02-04T10:00:00+05:30,2026-02-09T14:00:00+05:30,25779.55,25800.0,25950.0,26000.0,171.05,105.7,89.15,196.05,3.0,0.5452690640142821,USABLE_OHLC,upstox_intraday/NIFTY/NIFTY_2026.parquet,bae9943b2fa99ee9c1214fb7c695b84f9f661a050a5cd04d9c5c2ffc7bc59f73
ATM_NEAREST_NEXT3_K3M4,2026-02-10,2026-01-20,2026-02-04T10:00:00+05:30,2026-02-09T14:00:00+05:30,25779.55,25800.0,25950.0,26000.0,171.05,105.7,89.15,261.40000000000003,4.0,0.6589517980107116,USABLE_OHLC,upstox_intraday/NIFTY/NIFTY_2026.parquet,bae9943b2fa99ee9c1214fb7c695b84f9f661a050a5cd04d9c5c2ffc7bc59f73
ATM_NEAREST_MIRROR_GAP_K3M0.5,2026-02-10,2026-01-20,2026-02-04T10:00:00+05:30,2026-02-09T14:00:00+05:30,25779.55,25800.0,25850.0,26600.0,171.05,146.4,11.5,12.325000000000003,0.5,0.06693711967545661,USABLE_OHLC,upstox_intraday/NIFTY/NIFTY_2026.parquet,bae9943b2fa99ee9c1214fb7c695b84f9f661a050a5cd04d9c5c2ffc7bc59f73
ATM_NEAREST_MIRROR_GAP_K3M1,2026-02-10,2026-01-20,2026-02-04T10:00:00+05:30,2026-02-09T14:00:00+05:30,25779.55,25800.0,25850.0,26350.0,171.05,146.4,25.35,24.650000000000006,1.0,0.02839756592292071,USABLE_OHLC,upstox_intraday/NIFTY/NIFTY_2026.parquet,bae9943b2fa99ee9c1214fb7c695b84f9f661a050a5cd04d9c5c2ffc7bc59f73
ATM_NEAREST_MIRROR_GAP_K3M1.5,2026-02-10,2026-01-20,2026-02-04T10:00:00+05:30,2026-02-09T14:00:00+05:30,25779.55,25800.0,25850.0,26250.0,171.05,146.4,36.05,36.97500000000001,1.5,0.02501690331304966,USABLE_OHLC,upstox_intraday/NIFTY/NIFTY_2026.parquet,bae9943b2fa99ee9c1214fb7c695b84f9f661a050a5cd04d9c5c2ffc7bc59f73
ATM_NEAREST_MIRROR_GAP_K3M2,2026-02-10,2026-01-20,2026-02-04T10:00:00+05:30,2026-02-09T14:00:00+05:30,25779.55,25800.0,25850.0,26150.0,171.05,146.4,51.85,49.30000000000001,2.0,0.05172413793103427,USABLE_OHLC,upstox_intraday/NIFTY/NIFTY_2026.parquet,bae9943b2fa99ee9c1214fb7c695b84f9f661a050a5cd04d9c5c2ffc7bc59f73
ATM_NEAREST_MIRROR_GAP_K3M2.5,2026-02-10,2026-01-20,2026-02-04T10:00:00+05:30,2026-02-09T14:00:00+05:30,25779.55,25800.0,25850.0,26100.0,171.05,146.4,62.4,61.625000000000014,2.5,0.012576064908721853,USABLE_OHLC,upstox_intraday/NIFTY/NIFTY_2026.parquet,bae9943b2fa99ee9c1214fb7c695b84f9f661a050a5cd04d9c5c2ffc7bc59f73
ATM_NEAREST_MIRROR_GAP_K3M3,2026-02-10,2026-01-20,2026-02-04T10:00:00+05:30,2026-02-09T14:00:00+05:30,25779.55,25800.0,25850.0,26050.0,171.05,146.4,74.85,73.95000000000002,3.0,0.012170385395537215,USABLE_OHLC,upstox_intraday/NIFTY/NIFTY_2026.parquet,bae9943b2fa99ee9c1214fb7c695b84f9f661a050a5cd04d9c5c2ffc7bc59f73
ATM_NEAREST_MIRROR_GAP_K3M4,2026-02-10,2026-01-20,2026-02-04T10:00:00+05:30,2026-02-09T14:00:00+05:30,25779.55,25800.0,25850.0,25950.0,171.05,146.4,105.7,98.60000000000002,4.0,0.07200811359026348,USABLE_OHLC,upstox_intraday/NIFTY/NIFTY_2026.parquet,bae9943b2fa99ee9c1214fb7c695b84f9f661a050a5cd04d9c5c2ffc7bc59f73
ATM_UP_NEXT1_K3M0.5,2026-02-10,2026-01-20,2026-02-04T10:00:00+05:30,2026-02-09T14:00:00+05:30,25779.55,25800.0,25850.0,26600.0,171.05,146.4,11.5,12.325000000000003,0.5,0.06693711967545661,USABLE_OHLC,upstox_intraday/NIFTY/NIFTY_2026.parquet,bae9943b2fa99ee9c1214fb7c695b84f9f661a050a5cd04d9c5c2ffc7bc59f73
ATM_UP_NEXT1_K3M1,2026-02-10,2026-01-20,2026-02-04T10:00:00+05:30,2026-02-09T14:00:00+05:30,25779.55,25800.0,25850.0,26350.0,171.05,146.4,25.35,24.650000000000006,1.0,0.02839756592292071,USABLE_OHLC,upstox_intraday/NIFTY/NIFTY_2026.parquet,bae9943b2fa99ee9c1214fb7c695b84f9f661a050a5cd04d9c5c2ffc7bc59f73
ATM_UP_NEXT1_K3M1.5,2026-02-10,2026-01-20,2026-02-04T10:00:00+05:30,2026-02-09T14:00:00+05:30,25779.55,25800.0,25850.0,26250.0,171.05,146.4,36.05,36.97500000000001,1.5,0.02501690331304966,USABLE_OHLC,upstox_intraday/NIFTY/NIFTY_2026.parquet,bae9943b2fa99ee9c1214fb7c695b84f9f661a050a5cd04d9c5c2ffc7bc59f73
ATM_UP_NEXT1_K3M2,2026-02-10,2026-01-20,2026-02-04T10:00:00+05:30,2026-02-09T14:00:00+05:30,25779.55,25800.0,25850.0,26150.0,171.05,146.4,51.85,49.30000000000001,2.0,0.05172413793103427,USABLE_OHLC,upstox_intraday/NIFTY/NIFTY_2026.parquet,bae9943b2fa99ee9c1214fb7c695b84f9f661a050a5cd04d9c5c2ffc7bc59f73
ATM_UP_NEXT1_K3M2.5,2026-02-10,2026-01-20,2026-02-04T10:00:00+05:30,2026-02-09T14:00:00+05:30,25779.55,25800.0,25850.0,26100.0,171.05,146.4,62.4,61.625000000000014,2.5,0.012576064908721853,USABLE_OHLC,upstox_intraday/NIFTY/NIFTY_2026.parquet,bae9943b2fa99ee9c1214fb7c695b84f9f661a050a5cd04d9c5c2ffc7bc59f73
ATM_UP_NEXT1_K3M3,2026-02-10,2026-01-20,2026-02-04T10:00:00+05:30,2026-02-09T14:00:00+05:30,25779.55,25800.0,25850.0,26050.0,171.05,146.4,74.85,73.95000000000002,3.0,0.012170385395537215,USABLE_OHLC,upstox_intraday/NIFTY/NIFTY_2026.parquet,bae9943b2fa99ee9c1214fb7c695b84f9f661a050a5cd04d9c5c2ffc7bc59f73
ATM_UP_NEXT1_K3M4,2026-02-10,2026-01-20,2026-02-04T10:00:00+05:30,2026-02-09T14:00:00+05:30,25779.55,25800.0,25850.0,25950.0,171.05,146.4,105.7,98.60000000000002,4.0,0.07200811359026348,USABLE_OHLC,upstox_intraday/NIFTY/NIFTY_2026.parquet,bae9943b2fa99ee9c1214fb7c695b84f9f661a050a5cd04d9c5c2ffc7bc59f73
ATM_UP_NEXT2_K3M0.5,2026-02-10,2026-01-20,2026-02-04T10:00:00+05:30,2026-02-09T14:00:00+05:30,25779.55,25800.0,25900.0,26400.0,171.05,124.85,21.3,23.10000000000001,0.5,0.07792207792207823,USABLE_OHLC,upstox_intraday/NIFTY/NIFTY_2026.parquet,bae9943b2fa99ee9c1214fb7c695b84f9f661a050a5cd04d9c5c2ffc7bc59f73
ATM_UP_NEXT2_K3M1,2026-02-10,2026-01-20,2026-02-04T10:00:00+05:30,2026-02-09T14:00:00+05:30,25779.55,25800.0,25900.0,26200.0,171.05,124.85,43.05,46.20000000000002,1.0,0.0681818181818186,USABLE_OHLC,upstox_intraday/NIFTY/NIFTY_2026.parquet,bae9943b2fa99ee9c1214fb7c695b84f9f661a050a5cd04d9c5c2ffc7bc59f73
ATM_UP_NEXT2_K3M1.5,2026-02-10,2026-01-20,2026-02-04T10:00:00+05:30,2026-02-09T14:00:00+05:30,25779.55,25800.0,25900.0,26050.0,171.05,124.85,74.85,69.30000000000003,1.5,0.08008658008657961,USABLE_OHLC,upstox_intraday/NIFTY/NIFTY_2026.parquet,bae9943b2fa99ee9c1214fb7c695b84f9f661a050a5cd04d9c5c2ffc7bc59f73
ATM_UP_NEXT2_K3M2,2026-02-10,2026-01-20,2026-02-04T10:00:00+05:30,2026-02-09T14:00:00+05:30,25779.55,25800.0,25900.0,26000.0,171.05,124.85,89.15,92.40000000000003,2.0,0.03517316017316047,USABLE_OHLC,upstox_intraday/NIFTY/NIFTY_2026.parquet,bae9943b2fa99ee9c1214fb7c695b84f9f661a050a5cd04d9c5c2ffc7bc59f73
ATM_UP_NEXT2_K3M2.5,2026-02-10,2026-01-20,2026-02-04T10:00:00+05:30,2026-02-09T14:00:00+05:30,25779.55,25800.0,25900.0,25950.0,171.05,124.85,105.7,115.50000000000004,2.5,0.08484848484848516,USABLE_OHLC,upstox_intraday/NIFTY/NIFTY_2026.parquet,bae9943b2fa99ee9c1214fb7c695b84f9f661a050a5cd04d9c5c2ffc7bc59f73
ATM_UP_NEXT2_K3M3,2026-02-10,2026-01-20,2026-02-04T10:00:00+05:30,2026-02-09T14:00:00+05:30,25779.55,25800.0,25900.0,25950.0,171.05,124.85,105.7,138.60000000000005,3.0,0.23737373737373763,USABLE_OHLC,upstox_intraday/NIFTY/NIFTY_2026.parquet,bae9943b2fa99ee9c1214fb7c695b84f9f661a050a5cd04d9c5c2ffc7bc59f73
ATM_UP_NEXT2_K3M4,2026-02-10,2026-01-20,2026-02-04T10:00:00+05:30,2026-02-09T14:00:00+05:30,25779.55,25800.0,25900.0,25950.0,171.05,124.85,105.7,184.80000000000007,4.0,0.4280303030303032,USABLE_OHLC,upstox_intraday/NIFTY/NIFTY_2026.parquet,bae9943b2fa99ee9c1214fb7c695b84f9f661a050a5cd04d9c5c2ffc7bc59f73
ATM_UP_NEXT3_K3M0.5,2026-02-10,2026-01-20,2026-02-04T10:00:00+05:30,2026-02-09T14:00:00+05:30,25779.55,25800.0,25950.0,26300.0,171.05,105.7,30.25,32.675000000000004,0.5,0.0742157612853865,USABLE_OHLC,upstox_intraday/NIFTY/NIFTY_2026.parquet,bae9943b2fa99ee9c1214fb7c695b84f9f661a050a5cd04d9c5c2ffc7bc59f73
ATM_UP_NEXT3_K3M1,2026-02-10,2026-01-20,2026-02-04T10:00:00+05:30,2026-02-09T14:00:00+05:30,25779.55,25800.0,25950.0,26100.0,171.05,105.7,62.4,65.35000000000001,1.0,0.04514154552410114,USABLE_OHLC,upstox_intraday/NIFTY/NIFTY_2026.parquet,bae9943b2fa99ee9c1214fb7c695b84f9f661a050a5cd04d9c5c2ffc7bc59f73
ATM_UP_NEXT3_K3M1.5,2026-02-10,2026-01-20,2026-02-04T10:00:00+05:30,2026-02-09T14:00:00+05:30,25779.55,25800.0,25950.0,26000.0,171.05,105.7,89.15,98.025,1.5,0.09053812802856413,USABLE_OHLC,upstox_intraday/NIFTY/NIFTY_2026.parquet,bae9943b2fa99ee9c1214fb7c695b84f9f661a050a5cd04d9c5c2ffc7bc59f73
ATM_UP_NEXT3_K3M2,2026-02-10,2026-01-20,2026-02-04T10:00:00+05:30,2026-02-09T14:00:00+05:30,25779.55,25800.0,25950.0,26000.0,171.05,105.7,89.15,130.70000000000002,2.0,0.31790359602142315,USABLE_OHLC,upstox_intraday/NIFTY/NIFTY_2026.parquet,bae9943b2fa99ee9c1214fb7c695b84f9f661a050a5cd04d9c5c2ffc7bc59f73
ATM_UP_NEXT3_K3M2.5,2026-02-10,2026-01-20,2026-02-04T10:00:00+05:30,2026-02-09T14:00:00+05:30,25779.55,25800.0,25950.0,26000.0,171.05,105.7,89.15,163.37500000000003,2.5,0.45432287681713857,USABLE_OHLC,upstox_intraday/NIFTY/NIFTY_2026.parquet,bae9943b2fa99ee9c1214fb7c695b84f9f661a050a5cd04d9c5c2ffc7bc59f73
ATM_UP_NEXT3_K3M3,2026-02-10,2026-01-20,2026-02-04T10:00:00+05:30,2026-02-09T14:00:00+05:30,25779.55,25800.0,25950.0,26000.0,171.05,105.7,89.15,196.05,3.0,0.5452690640142821,USABLE_OHLC,upstox_intraday/NIFTY/NIFTY_2026.parquet,bae9943b2fa99ee9c1214fb7c695b84f9f661a050a5cd04d9c5c2ffc7bc59f73
ATM_UP_NEXT3_K3M4,2026-02-10,2026-01-20,2026-02-04T10:00:00+05:30,2026-02-09T14:00:00+05:30,25779.55,25800.0,25950.0,26000.0,171.05,105.7,89.15,261.40000000000003,4.0,0.6589517980107116,USABLE_OHLC,upstox_intraday/NIFTY/NIFTY_2026.parquet,bae9943b2fa99ee9c1214fb7c695b84f9f661a050a5cd04d9c5c2ffc7bc59f73
ATM_UP_MIRROR_GAP_K3M0.5,2026-02-10,2026-01-20,2026-02-04T10:00:00+05:30,2026-02-09T14:00:00+05:30,25779.55,25800.0,25850.0,26600.0,171.05,146.4,11.5,12.325000000000003,0.5,0.06693711967545661,USABLE_OHLC,upstox_intraday/NIFTY/NIFTY_2026.parquet,bae9943b2fa99ee9c1214fb7c695b84f9f661a050a5cd04d9c5c2ffc7bc59f73
ATM_UP_MIRROR_GAP_K3M1,2026-02-10,2026-01-20,2026-02-04T10:00:00+05:30,2026-02-09T14:00:00+05:30,25779.55,25800.0,25850.0,26350.0,171.05,146.4,25.35,24.650000000000006,1.0,0.02839756592292071,USABLE_OHLC,upstox_intraday/NIFTY/NIFTY_2026.parquet,bae9943b2fa99ee9c1214fb7c695b84f9f661a050a5cd04d9c5c2ffc7bc59f73
ATM_UP_MIRROR_GAP_K3M1.5,2026-02-10,2026-01-20,2026-02-04T10:00:00+05:30,2026-02-09T14:00:00+05:30,25779.55,25800.0,25850.0,26250.0,171.05,146.4,36.05,36.97500000000001,1.5,0.02501690331304966,USABLE_OHLC,upstox_intraday/NIFTY/NIFTY_2026.parquet,bae9943b2fa99ee9c1214fb7c695b84f9f661a050a5cd04d9c5c2ffc7bc59f73
ATM_UP_MIRROR_GAP_K3M2,2026-02-10,2026-01-20,2026-02-04T10:00:00+05:30,2026-02-09T14:00:00+05:30,25779.55,25800.0,25850.0,26150.0,171.05,146.4,51.85,49.30000000000001,2.0,0.05172413793103427,USABLE_OHLC,upstox_intraday/NIFTY/NIFTY_2026.parquet,bae9943b2fa99ee9c1214fb7c695b84f9f661a050a5cd04d9c5c2ffc7bc59f73
ATM_UP_MIRROR_GAP_K3M2.5,2026-02-10,2026-01-20,2026-02-04T10:00:00+05:30,2026-02-09T14:00:00+05:30,25779.55,25800.0,25850.0,26100.0,171.05,146.4,62.4,61.625000000000014,2.5,0.012576064908721853,USABLE_OHLC,upstox_intraday/NIFTY/NIFTY_2026.parquet,bae9943b2fa99ee9c1214fb7c695b84f9f661a050a5cd04d9c5c2ffc7bc59f73
ATM_UP_MIRROR_GAP_K3M3,2026-02-10,2026-01-20,2026-02-04T10:00:00+05:30,2026-02-09T14:00:00+05:30,25779.55,25800.0,25850.0,26050.0,171.05,146.4,74.85,73.95000000000002,3.0,0.012170385395537215,USABLE_OHLC,upstox_intraday/NIFTY/NIFTY_2026.parquet,bae9943b2fa99ee9c1214fb7c695b84f9f661a050a5cd04d9c5c2ffc7bc59f73
ATM_UP_MIRROR_GAP_K3M4,2026-02-10,2026-01-20,2026-02-04T10:00:00+05:30,2026-02-09T14:00:00+05:30,25779.55,25800.0,25850.0,25950.0,171.05,146.4,105.7,98.60000000000002,4.0,0.07200811359026348,USABLE_OHLC,upstox_intraday/NIFTY/NIFTY_2026.parquet,bae9943b2fa99ee9c1214fb7c695b84f9f661a050a5cd04d9c5c2ffc7bc59f73
ITM1_NEXT1_K3M0.5,2026-02-10,2026-01-20,2026-02-04T10:00:00+05:30,2026-02-09T14:00:00+05:30,25779.55,25750.0,25800.0,26550.0,198.0,171.05,13.3,13.474999999999994,0.5,0.012987012987012518,USABLE_OHLC,upstox_intraday/NIFTY/NIFTY_2026.parquet,bae9943b2fa99ee9c1214fb7c695b84f9f661a050a5cd04d9c5c2ffc7bc59f73
ITM1_NEXT1_K3M1,2026-02-10,2026-01-20,2026-02-04T10:00:00+05:30,2026-02-09T14:00:00+05:30,25779.55,25750.0,25800.0,26350.0,198.0,171.05,25.35,26.94999999999999,1.0,0.05936920222634463,USABLE_OHLC,upstox_intraday/NIFTY/NIFTY_2026.parquet,bae9943b2fa99ee9c1214fb7c695b84f9f661a050a5cd04d9c5c2ffc7bc59f73
ITM1_NEXT1_K3M1.5,2026-02-10,2026-01-20,2026-02-04T10:00:00+05:30,2026-02-09T14:00:00+05:30,25779.55,25750.0,25800.0,26200.0,198.0,171.05,43.05,40.42499999999998,1.5,0.06493506493506532,USABLE_OHLC,upstox_intraday/NIFTY/NIFTY_2026.parquet,bae9943b2fa99ee9c1214fb7c695b84f9f661a050a5cd04d9c5c2ffc7bc59f73
ITM1_NEXT1_K3M2,2026-02-10,2026-01-20,2026-02-04T10:00:00+05:30,2026-02-09T14:00:00+05:30,25779.55,25750.0,25800.0,26150.0,198.0,171.05,51.85,53.89999999999998,2.0,0.038033395176251886,USABLE_OHLC,upstox_intraday/NIFTY/NIFTY_2026.parquet,bae9943b2fa99ee9c1214fb7c695b84f9f661a050a5cd04d9c5c2ffc7bc59f73
ITM1_NEXT1_K3M2.5,2026-02-10,2026-01-20,2026-02-04T10:00:00+05:30,2026-02-09T14:00:00+05:30,25779.55,25750.0,25800.0,26100.0,198.0,171.05,62.4,67.37499999999997,2.5,0.07384044526901633,USABLE_OHLC,upstox_intraday/NIFTY/NIFTY_2026.parquet,bae9943b2fa99ee9c1214fb7c695b84f9f661a050a5cd04d9c5c2ffc7bc59f73
ITM1_NEXT1_K3M3,2026-02-10,2026-01-20,2026-02-04T10:00:00+05:30,2026-02-09T14:00:00+05:30,25779.55,25750.0,25800.0,26050.0,198.0,171.05,74.85,80.84999999999997,3.0,0.07421150278293104,USABLE_OHLC,upstox_intraday/NIFTY/NIFTY_2026.parquet,bae9943b2fa99ee9c1214fb7c695b84f9f661a050a5cd04d9c5c2ffc7bc59f73
ITM1_NEXT1_K3M4,2026-02-10,2026-01-20,2026-02-04T10:00:00+05:30,2026-02-09T14:00:00+05:30,25779.55,25750.0,25800.0,25950.0,198.0,171.05,105.7,107.79999999999995,4.0,0.01948051948051904,USABLE_OHLC,upstox_intraday/NIFTY/NIFTY_2026.parquet,bae9943b2fa99ee9c1214fb7c695b84f9f661a050a5cd04d9c5c2ffc7bc59f73
ITM1_NEXT2_K3M0.5,2026-02-10,2026-01-20,2026-02-04T10:00:00+05:30,2026-02-09T14:00:00+05:30,25779.55,25750.0,25850.0,26350.0,198.0,146.4,25.35,25.799999999999997,0.5,0.017441860465116116,USABLE_OHLC,upstox_intraday/NIFTY/NIFTY_2026.parquet,bae9943b2fa99ee9c1214fb7c695b84f9f661a050a5cd04d9c5c2ffc7bc59f73
ITM1_NEXT2_K3M1,2026-02-10,2026-01-20,2026-02-04T10:00:00+05:30,2026-02-09T14:00:00+05:30,25779.55,25750.0,25850.0,26150.0,198.0,146.4,51.85,51.599999999999994,1.0,0.004844961240310215,USABLE_OHLC,upstox_intraday/NIFTY/NIFTY_2026.parquet,bae9943b2fa99ee9c1214fb7c695b84f9f661a050a5cd04d9c5c2ffc7bc59f73
ITM1_NEXT2_K3M1.5,2026-02-10,2026-01-20,2026-02-04T10:00:00+05:30,2026-02-09T14:00:00+05:30,25779.55,25750.0,25850.0,26050.0,198.0,146.4,74.85,77.39999999999999,1.5,0.032945736434108495,USABLE_OHLC,upstox_intraday/NIFTY/NIFTY_2026.parquet,bae9943b2fa99ee9c1214fb7c695b84f9f661a050a5cd04d9c5c2ffc7bc59f73
ITM1_NEXT2_K3M2,2026-02-10,2026-01-20,2026-02-04T10:00:00+05:30,2026-02-09T14:00:00+05:30,25779.55,25750.0,25850.0,25950.0,198.0,146.4,105.7,103.19999999999999,2.0,0.024224806201550528,USABLE_OHLC,upstox_intraday/NIFTY/NIFTY_2026.parquet,bae9943b2fa99ee9c1214fb7c695b84f9f661a050a5cd04d9c5c2ffc7bc59f73
ITM1_NEXT2_K3M2.5,2026-02-10,2026-01-20,2026-02-04T10:00:00+05:30,2026-02-09T14:00:00+05:30,25779.55,25750.0,25850.0,25900.0,198.0,146.4,124.85,129.0,2.5,0.03217054263565896,USABLE_OHLC,upstox_intraday/NIFTY/NIFTY_2026.parquet,bae9943b2fa99ee9c1214fb7c695b84f9f661a050a5cd04d9c5c2ffc7bc59f73
ITM1_NEXT2_K3M3,2026-02-10,2026-01-20,2026-02-04T10:00:00+05:30,2026-02-09T14:00:00+05:30,25779.55,25750.0,25850.0,25900.0,198.0,146.4,124.85,154.79999999999998,3.0,0.19347545219638237,USABLE_OHLC,upstox_intraday/NIFTY/NIFTY_2026.parquet,bae9943b2fa99ee9c1214fb7c695b84f9f661a050a5cd04d9c5c2ffc7bc59f73
ITM1_NEXT2_K3M4,2026-02-10,2026-01-20,2026-02-04T10:00:00+05:30,2026-02-09T14:00:00+05:30,25779.55,25750.0,25850.0,25900.0,198.0,146.4,124.85,206.39999999999998,4.0,0.3951065891472868,USABLE_OHLC,upstox_intraday/NIFTY/NIFTY_2026.parquet,bae9943b2fa99ee9c1214fb7c695b84f9f661a050a5cd04d9c5c2ffc7bc59f73
ITM1_NEXT3_K3M0.5,2026-02-10,2026-01-20,2026-02-04T10:00:00+05:30,2026-02-09T14:00:00+05:30,25779.55,25750.0,25900.0,26250.0,198.0,124.85,36.05,36.575,0.5,0.014354066985646088,USABLE_OHLC,upstox_intraday/NIFTY/NIFTY_2026.parquet,bae9943b2fa99ee9c1214fb7c695b84f9f661a050a5cd04d9c5c2ffc7bc59f73
ITM1_NEXT3_K3M1,2026-02-10,2026-01-20,2026-02-04T10:00:00+05:30,2026-02-09T14:00:00+05:30,25779.55,25750.0,25900.0,26050.0,198.0,124.85,74.85,73.15,1.0,0.023239917976759925,USABLE_OHLC,upstox_intraday/NIFTY/NIFTY_2026.parquet,bae9943b2fa99ee9c1214fb7c695b84f9f661a050a5cd04d9c5c2ffc7bc59f73
ITM1_NEXT3_K3M1.5,2026-02-10,2026-01-20,2026-02-04T10:00:00+05:30,2026-02-09T14:00:00+05:30,25779.55,25750.0,25900.0,25950.0,198.0,124.85,105.7,109.72500000000001,1.5,0.0366826156299841,USABLE_OHLC,upstox_intraday/NIFTY/NIFTY_2026.parquet,bae9943b2fa99ee9c1214fb7c695b84f9f661a050a5cd04d9c5c2ffc7bc59f73
ITM1_NEXT3_K3M2,2026-02-10,2026-01-20,2026-02-04T10:00:00+05:30,2026-02-09T14:00:00+05:30,25779.55,25750.0,25900.0,25950.0,198.0,124.85,105.7,146.3,2.0,0.2775119617224881,USABLE_OHLC,upstox_intraday/NIFTY/NIFTY_2026.parquet,bae9943b2fa99ee9c1214fb7c695b84f9f661a050a5cd04d9c5c2ffc7bc59f73
ITM1_NEXT3_K3M2.5,2026-02-10,2026-01-20,2026-02-04T10:00:00+05:30,2026-02-09T14:00:00+05:30,25779.55,25750.0,25900.0,25950.0,198.0,124.85,105.7,182.875,2.5,0.4220095693779904,USABLE_OHLC,upstox_intraday/NIFTY/NIFTY_2026.parquet,bae9943b2fa99ee9c1214fb7c695b84f9f661a050a5cd04d9c5c2ffc7bc59f73
ITM1_NEXT3_K3M3,2026-02-10,2026-01-20,2026-02-04T10:00:00+05:30,2026-02-09T14:00:00+05:30,25779.55,25750.0,25900.0,25950.0,198.0,124.85,105.7,219.45000000000002,3.0,0.5183413078149921,USABLE_OHLC,upstox_intraday/NIFTY/NIFTY_2026.parquet,bae9943b2fa99ee9c1214fb7c695b84f9f661a050a5cd04d9c5c2ffc7bc59f73
ITM1_NEXT3_K3M4,2026-02-10,2026-01-20,2026-02-04T10:00:00+05:30,2026-02-09T14:00:00+05:30,25779.55,25750.0,25900.0,25950.0,198.0,124.85,105.7,292.6,4.0,0.6387559808612441,USABLE_OHLC,upstox_intraday/NIFTY/NIFTY_2026.parquet,bae9943b2fa99ee9c1214fb7c695b84f9f661a050a5cd04d9c5c2ffc7bc59f73
ITM1_MIRROR_GAP_K3M0.5,2026-02-10,2026-01-20,2026-02-04T10:00:00+05:30,2026-02-09T14:00:00+05:30,25779.55,25750.0,25800.0,26550.0,198.0,171.05,13.3,13.474999999999994,0.5,0.012987012987012518,USABLE_OHLC,upstox_intraday/NIFTY/NIFTY_2026.parquet,bae9943b2fa99ee9c1214fb7c695b84f9f661a050a5cd04d9c5c2ffc7bc59f73
ITM1_MIRROR_GAP_K3M1,2026-02-10,2026-01-20,2026-02-04T10:00:00+05:30,2026-02-09T14:00:00+05:30,25779.55,25750.0,25800.0,26350.0,198.0,171.05,25.35,26.94999999999999,1.0,0.05936920222634463,USABLE_OHLC,upstox_intraday/NIFTY/NIFTY_2026.parquet,bae9943b2fa99ee9c1214fb7c695b84f9f661a050a5cd04d9c5c2ffc7bc59f73
ITM1_MIRROR_GAP_K3M1.5,2026-02-10,2026-01-20,2026-02-04T10:00:00+05:30,2026-02-09T14:00:00+05:30,25779.55,25750.0,25800.0,26200.0,198.0,171.05,43.05,40.42499999999998,1.5,0.06493506493506532,USABLE_OHLC,upstox_intraday/NIFTY/NIFTY_2026.parquet,bae9943b2fa99ee9c1214fb7c695b84f9f661a050a5cd04d9c5c2ffc7bc59f73
ITM1_MIRROR_GAP_K3M2,2026-02-10,2026-01-20,2026-02-04T10:00:00+05:30,2026-02-09T14:00:00+05:30,25779.55,25750.0,25800.0,26150.0,198.0,171.05,51.85,53.89999999999998,2.0,0.038033395176251886,USABLE_OHLC,upstox_intraday/NIFTY/NIFTY_2026.parquet,bae9943b2fa99ee9c1214fb7c695b84f9f661a050a5cd04d9c5c2ffc7bc59f73
ITM1_MIRROR_GAP_K3M2.5,2026-02-10,2026-01-20,2026-02-04T10:00:00+05:30,2026-02-09T14:00:00+05:30,25779.55,25750.0,25800.0,26100.0,198.0,171.05,62.4,67.37499999999997,2.5,0.07384044526901633,USABLE_OHLC,upstox_intraday/NIFTY/NIFTY_2026.parquet,bae9943b2fa99ee9c1214fb7c695b84f9f661a050a5cd04d9c5c2ffc7bc59f73
ITM1_MIRROR_GAP_K3M3,2026-02-10,2026-01-20,2026-02-04T10:00:00+05:30,2026-02-09T14:00:00+05:30,25779.55,25750.0,25800.0,26050.0,198.0,171.05,74.85,80.84999999999997,3.0,0.07421150278293104,USABLE_OHLC,upstox_intraday/NIFTY/NIFTY_2026.parquet,bae9943b2fa99ee9c1214fb7c695b84f9f661a050a5cd04d9c5c2ffc7bc59f73
ITM1_MIRROR_GAP_K3M4,2026-02-10,2026-01-20,2026-02-04T10:00:00+05:30,2026-02-09T14:00:00+05:30,25779.55,25750.0,25800.0,25950.0,198.0,171.05,105.7,107.79999999999995,4.0,0.01948051948051904,USABLE_OHLC,upstox_intraday/NIFTY/NIFTY_2026.parquet,bae9943b2fa99ee9c1214fb7c695b84f9f661a050a5cd04d9c5c2ffc7bc59f73
ITM2_NEXT1_K3M0.5,2026-02-10,2026-01-20,2026-02-04T10:00:00+05:30,2026-02-09T14:00:00+05:30,25779.55,25700.0,25750.0,26500.0,227.6,198.0,15.55,14.799999999999997,0.5,0.05067567567567593,USABLE_OHLC,upstox_intraday/NIFTY/NIFTY_2026.parquet,bae9943b2fa99ee9c1214fb7c695b84f9f661a050a5cd04d9c5c2ffc7bc59f73
ITM2_NEXT1_K3M1,2026-02-10,2026-01-20,2026-02-04T10:00:00+05:30,2026-02-09T14:00:00+05:30,25779.55,25700.0,25750.0,26300.0,227.6,198.0,30.25,29.599999999999994,1.0,0.021959459459459655,USABLE_OHLC,upstox_intraday/NIFTY/NIFTY_2026.parquet,bae9943b2fa99ee9c1214fb7c695b84f9f661a050a5cd04d9c5c2ffc7bc59f73
ITM2_NEXT1_K3M1.5,2026-02-10,2026-01-20,2026-02-04T10:00:00+05:30,2026-02-09T14:00:00+05:30,25779.55,25700.0,25750.0,26200.0,227.6,198.0,43.05,44.39999999999999,1.5,0.030405405405405282,USABLE_OHLC,upstox_intraday/NIFTY/NIFTY_2026.parquet,bae9943b2fa99ee9c1214fb7c695b84f9f661a050a5cd04d9c5c2ffc7bc59f73
ITM2_NEXT1_K3M2,2026-02-10,2026-01-20,2026-02-04T10:00:00+05:30,2026-02-09T14:00:00+05:30,25779.55,25700.0,25750.0,26100.0,227.6,198.0,62.4,59.19999999999999,2.0,0.05405405405405423,USABLE_OHLC,upstox_intraday/NIFTY/NIFTY_2026.parquet,bae9943b2fa99ee9c1214fb7c695b84f9f661a050a5cd04d9c5c2ffc7bc59f73
ITM2_NEXT1_K3M2.5,2026-02-10,2026-01-20,2026-02-04T10:00:00+05:30,2026-02-09T14:00:00+05:30,25779.55,25700.0,25750.0,26050.0,227.6,198.0,74.85,73.99999999999999,2.5,0.011486486486486603,USABLE_OHLC,upstox_intraday/NIFTY/NIFTY_2026.parquet,bae9943b2fa99ee9c1214fb7c695b84f9f661a050a5cd04d9c5c2ffc7bc59f73
ITM2_NEXT1_K3M3,2026-02-10,2026-01-20,2026-02-04T10:00:00+05:30,2026-02-09T14:00:00+05:30,25779.55,25700.0,25750.0,26000.0,227.6,198.0,89.15,88.79999999999998,3.0,0.003941441441441698,USABLE_OHLC,upstox_intraday/NIFTY/NIFTY_2026.parquet,bae9943b2fa99ee9c1214fb7c695b84f9f661a050a5cd04d9c5c2ffc7bc59f73
ITM2_NEXT1_K3M4,2026-02-10,2026-01-20,2026-02-04T10:00:00+05:30,2026-02-09T14:00:00+05:30,25779.55,25700.0,25750.0,25900.0,227.6,198.0,124.85,118.39999999999998,4.0,0.0544763513513515,USABLE_OHLC,upstox_intraday/NIFTY/NIFTY_2026.parquet,bae9943b2fa99ee9c1214fb7c695b84f9f661a050a5cd04d9c5c2ffc7bc59f73
ITM2_NEXT2_K3M0.5,2026-02-10,2026-01-20,2026-02-04T10:00:00+05:30,2026-02-09T14:00:00+05:30,25779.55,25700.0,25800.0,26300.0,227.6,171.05,30.25,28.27499999999999,0.5,0.06984969053934603,USABLE_OHLC,upstox_intraday/NIFTY/NIFTY_2026.parquet,bae9943b2fa99ee9c1214fb7c695b84f9f661a050a5cd04d9c5c2ffc7bc59f73
ITM2_NEXT2_K3M1,2026-02-10,2026-01-20,2026-02-04T10:00:00+05:30,2026-02-09T14:00:00+05:30,25779.55,25700.0,25800.0,26150.0,227.6,171.05,51.85,56.54999999999998,1.0,0.08311229000884143,USABLE_OHLC,upstox_intraday/NIFTY/NIFTY_2026.parquet,bae9943b2fa99ee9c1214fb7c695b84f9f661a050a5cd04d9c5c2ffc7bc59f73
ITM2_NEXT2_K3M1.5,2026-02-10,2026-01-20,2026-02-04T10:00:00+05:30,2026-02-09T14:00:00+05:30,25779.55,25700.0,25800.0,26000.0,227.6,171.05,89.15,84.82499999999997,1.5,0.0509873268493962,USABLE_OHLC,upstox_intraday/NIFTY/NIFTY_2026.parquet,bae9943b2fa99ee9c1214fb7c695b84f9f661a050a5cd04d9c5c2ffc7bc59f73
ITM2_NEXT2_K3M2,2026-02-10,2026-01-20,2026-02-04T10:00:00+05:30,2026-02-09T14:00:00+05:30,25779.55,25700.0,25800.0,25950.0,227.6,171.05,105.7,113.09999999999997,2.0,0.0654288240495134,USABLE_OHLC,upstox_intraday/NIFTY/NIFTY_2026.parquet,bae9943b2fa99ee9c1214fb7c695b84f9f661a050a5cd04d9c5c2ffc7bc59f73
ITM2_NEXT2_K3M2.5,2026-02-10,2026-01-20,2026-02-04T10:00:00+05:30,2026-02-09T14:00:00+05:30,25779.55,25700.0,25800.0,25850.0,227.6,171.05,146.4,141.37499999999994,2.5,0.03554376657824979,USABLE_OHLC,upstox_intraday/NIFTY/NIFTY_2026.parquet,bae9943b2fa99ee9c1214fb7c695b84f9f661a050a5cd04d9c5c2ffc7bc59f73
ITM2_NEXT2_K3M3,2026-02-10,2026-01-20,2026-02-04T10:00:00+05:30,2026-02-09T14:00:00+05:30,25779.55,25700.0,25800.0,25850.0,227.6,171.05,146.4,169.64999999999995,3.0,0.13704686118479192,USABLE_OHLC,upstox_intraday/NIFTY/NIFTY_2026.parquet,bae9943b2fa99ee9c1214fb7c695b84f9f661a050a5cd04d9c5c2ffc7bc59f73
ITM2_NEXT2_K3M4,2026-02-10,2026-01-20,2026-02-04T10:00:00+05:30,2026-02-09T14:00:00+05:30,25779.55,25700.0,25800.0,25850.0,227.6,171.05,146.4,226.19999999999993,4.0,0.35278514588859394,USABLE_OHLC,upstox_intraday/NIFTY/NIFTY_2026.parquet,bae9943b2fa99ee9c1214fb7c695b84f9f661a050a5cd04d9c5c2ffc7bc59f73
ITM2_NEXT3_K3M0.5,2026-02-10,2026-01-20,2026-02-04T10:00:00+05:30,2026-02-09T14:00:00+05:30,25779.55,25700.0,25850.0,26200.0,227.6,146.4,43.05,40.599999999999994,0.5,0.060344827586206976,USABLE_OHLC,upstox_intraday/NIFTY/NIFTY_2026.parquet,bae9943b2fa99ee9c1214fb7c695b84f9f661a050a5cd04d9c5c2ffc7bc59f73
ITM2_NEXT3_K3M1,2026-02-10,2026-01-20,2026-02-04T10:00:00+05:30,2026-02-09T14:00:00+05:30,25779.55,25700.0,25850.0,26050.0,227.6,146.4,74.85,81.19999999999999,1.0,0.0782019704433497,USABLE_OHLC,upstox_intraday/NIFTY/NIFTY_2026.parquet,bae9943b2fa99ee9c1214fb7c695b84f9f661a050a5cd04d9c5c2ffc7bc59f73
ITM2_NEXT3_K3M1.5,2026-02-10,2026-01-20,2026-02-04T10:00:00+05:30,2026-02-09T14:00:00+05:30,25779.55,25700.0,25850.0,25900.0,227.6,146.4,124.85,121.79999999999998,1.5,0.025041050903119966,USABLE_OHLC,upstox_intraday/NIFTY/NIFTY_2026.parquet,bae9943b2fa99ee9c1214fb7c695b84f9f661a050a5cd04d9c5c2ffc7bc59f73
ITM2_NEXT3_K3M2,2026-02-10,2026-01-20,2026-02-04T10:00:00+05:30,2026-02-09T14:00:00+05:30,25779.55,25700.0,25850.0,25900.0,227.6,146.4,124.85,162.39999999999998,2.0,0.23121921182266003,USABLE_OHLC,upstox_intraday/NIFTY/NIFTY_2026.parquet,bae9943b2fa99ee9c1214fb7c695b84f9f661a050a5cd04d9c5c2ffc7bc59f73
ITM2_NEXT3_K3M2.5,2026-02-10,2026-01-20,2026-02-04T10:00:00+05:30,2026-02-09T14:00:00+05:30,25779.55,25700.0,25850.0,25900.0,227.6,146.4,124.85,202.99999999999997,2.5,0.38497536945812805,USABLE_OHLC,upstox_intraday/NIFTY/NIFTY_2026.parquet,bae9943b2fa99ee9c1214fb7c695b84f9f661a050a5cd04d9c5c2ffc7bc59f73
ITM2_NEXT3_K3M3,2026-02-10,2026-01-20,2026-02-04T10:00:00+05:30,2026-02-09T14:00:00+05:30,25779.55,25700.0,25850.0,25900.0,227.6,146.4,124.85,243.59999999999997,3.0,0.48747947454844004,USABLE_OHLC,upstox_intraday/NIFTY/NIFTY_2026.parquet,bae9943b2fa99ee9c1214fb7c695b84f9f661a050a5cd04d9c5c2ffc7bc59f73
ITM2_NEXT3_K3M4,2026-02-10,2026-01-20,2026-02-04T10:00:00+05:30,2026-02-09T14:00:00+05:30,25779.55,25700.0,25850.0,25900.0,227.6,146.4,124.85,324.79999999999995,4.0,0.61560960591133,USABLE_OHLC,upstox_intraday/NIFTY/NIFTY_2026.parquet,bae9943b2fa99ee9c1214fb7c695b84f9f661a050a5cd04d9c5c2ffc7bc59f73
ITM2_MIRROR_GAP_K3M0.5,2026-02-10,2026-01-20,2026-02-04T10:00:00+05:30,2026-02-09T14:00:00+05:30,25779.55,25700.0,25800.0,26300.0,227.6,171.05,30.25,28.27499999999999,0.5,0.06984969053934603,USABLE_OHLC,upstox_intraday/NIFTY/NIFTY_2026.parquet,bae9943b2fa99ee9c1214fb7c695b84f9f661a050a5cd04d9c5c2ffc7bc59f73
ITM2_MIRROR_GAP_K3M1,2026-02-10,2026-01-20,2026-02-04T10:00:00+05:30,2026-02-09T14:00:00+05:30,25779.55,25700.0,25800.0,26150.0,227.6,171.05,51.85,56.54999999999998,1.0,0.08311229000884143,USABLE_OHLC,upstox_intraday/NIFTY/NIFTY_2026.parquet,bae9943b2fa99ee9c1214fb7c695b84f9f661a050a5cd04d9c5c2ffc7bc59f73
ITM2_MIRROR_GAP_K3M1.5,2026-02-10,2026-01-20,2026-02-04T10:00:00+05:30,2026-02-09T14:00:00+05:30,25779.55,25700.0,25800.0,26000.0,227.6,171.05,89.15,84.82499999999997,1.5,0.0509873268493962,USABLE_OHLC,upstox_intraday/NIFTY/NIFTY_2026.parquet,bae9943b2fa99ee9c1214fb7c695b84f9f661a050a5cd04d9c5c2ffc7bc59f73
ITM2_MIRROR_GAP_K3M2,2026-02-10,2026-01-20,2026-02-04T10:00:00+05:30,2026-02-09T14:00:00+05:30,25779.55,25700.0,25800.0,25950.0,227.6,171.05,105.7,113.09999999999997,2.0,0.0654288240495134,USABLE_OHLC,upstox_intraday/NIFTY/NIFTY_2026.parquet,bae9943b2fa99ee9c1214fb7c695b84f9f661a050a5cd04d9c5c2ffc7bc59f73
ITM2_MIRROR_GAP_K3M2.5,2026-02-10,2026-01-20,2026-02-04T10:00:00+05:30,2026-02-09T14:00:00+05:30,25779.55,25700.0,25800.0,25850.0,227.6,171.05,146.4,141.37499999999994,2.5,0.03554376657824979,USABLE_OHLC,upstox_intraday/NIFTY/NIFTY_2026.parquet,bae9943b2fa99ee9c1214fb7c695b84f9f661a050a5cd04d9c5c2ffc7bc59f73
ITM2_MIRROR_GAP_K3M3,2026-02-10,2026-01-20,2026-02-04T10:00:00+05:30,2026-02-09T14:00:00+05:30,25779.55,25700.0,25800.0,25850.0,227.6,171.05,146.4,169.64999999999995,3.0,0.13704686118479192,USABLE_OHLC,upstox_intraday/NIFTY/NIFTY_2026.parquet,bae9943b2fa99ee9c1214fb7c695b84f9f661a050a5cd04d9c5c2ffc7bc59f73
ITM2_MIRROR_GAP_K3M4,2026-02-10,2026-01-20,2026-02-04T10:00:00+05:30,2026-02-09T14:00:00+05:30,25779.55,25700.0,25800.0,25850.0,227.6,171.05,146.4,226.19999999999993,4.0,0.35278514588859394,USABLE_OHLC,upstox_intraday/NIFTY/NIFTY_2026.parquet,bae9943b2fa99ee9c1214fb7c695b84f9f661a050a5cd04d9c5c2ffc7bc59f73
ITM3_NEXT1_K3M0.5,2026-02-10,2026-01-20,2026-02-04T10:00:00+05:30,2026-02-09T14:00:00+05:30,25779.55,25650.0,25700.0,26500.0,259.7,227.6,15.55,16.049999999999997,0.5,0.031152647975077667,USABLE_OHLC,upstox_intraday/NIFTY/NIFTY_2026.parquet,bae9943b2fa99ee9c1214fb7c695b84f9f661a050a5cd04d9c5c2ffc7bc59f73
ITM3_NEXT1_K3M1,2026-02-10,2026-01-20,2026-02-04T10:00:00+05:30,2026-02-09T14:00:00+05:30,25779.55,25650.0,25700.0,26300.0,259.7,227.6,30.25,32.099999999999994,1.0,0.057632398753893914,USABLE_OHLC,upstox_intraday/NIFTY/NIFTY_2026.parquet,bae9943b2fa99ee9c1214fb7c695b84f9f661a050a5cd04d9c5c2ffc7bc59f73
ITM3_NEXT1_K3M1.5,2026-02-10,2026-01-20,2026-02-04T10:00:00+05:30,2026-02-09T14:00:00+05:30,25779.55,25650.0,25700.0,26150.0,259.7,227.6,51.85,48.14999999999999,1.5,0.07684319833852567,USABLE_OHLC,upstox_intraday/NIFTY/NIFTY_2026.parquet,bae9943b2fa99ee9c1214fb7c695b84f9f661a050a5cd04d9c5c2ffc7bc59f73
ITM3_NEXT1_K3M2,2026-02-10,2026-01-20,2026-02-04T10:00:00+05:30,2026-02-09T14:00:00+05:30,25779.55,25650.0,25700.0,26100.0,259.7,227.6,62.4,64.19999999999999,2.0,0.028037383177569944,USABLE_OHLC,upstox_intraday/NIFTY/NIFTY_2026.parquet,bae9943b2fa99ee9c1214fb7c695b84f9f661a050a5cd04d9c5c2ffc7bc59f73
ITM3_NEXT1_K3M2.5,2026-02-10,2026-01-20,2026-02-04T10:00:00+05:30,2026-02-09T14:00:00+05:30,25779.55,25650.0,25700.0,26050.0,259.7,227.6,74.85,80.24999999999999,2.5,0.06728971962616813,USABLE_OHLC,upstox_intraday/NIFTY/NIFTY_2026.parquet,bae9943b2fa99ee9c1214fb7c695b84f9f661a050a5cd04d9c5c2ffc7bc59f73
ITM3_NEXT1_K3M3,2026-02-10,2026-01-20,2026-02-04T10:00:00+05:30,2026-02-09T14:00:00+05:30,25779.55,25650.0,25700.0,26000.0,259.7,227.6,89.15,96.29999999999998,3.0,0.07424714434060206,USABLE_OHLC,upstox_intraday/NIFTY/NIFTY_2026.parquet,bae9943b2fa99ee9c1214fb7c695b84f9f661a050a5cd04d9c5c2ffc7bc59f73
ITM3_NEXT1_K3M4,2026-02-10,2026-01-20,2026-02-04T10:00:00+05:30,2026-02-09T14:00:00+05:30,25779.55,25650.0,25700.0,25900.0,259.7,227.6,124.85,128.39999999999998,4.0,0.02764797507788149,USABLE_OHLC,upstox_intraday/NIFTY/NIFTY_2026.parquet,bae9943b2fa99ee9c1214fb7c695b84f9f661a050a5cd04d9c5c2ffc7bc59f73
ITM3_NEXT2_K3M0.5,2026-02-10,2026-01-20,2026-02-04T10:00:00+05:30,2026-02-09T14:00:00+05:30,25779.55,25650.0,25750.0,26300.0,259.7,198.0,30.25,30.849999999999994,0.5,0.0194489465153969,USABLE_OHLC,upstox_intraday/NIFTY/NIFTY_2026.parquet,bae9943b2fa99ee9c1214fb7c695b84f9f661a050a5cd04d9c5c2ffc7bc59f73
ITM3_NEXT2_K3M1,2026-02-10,2026-01-20,2026-02-04T10:00:00+05:30,2026-02-09T14:00:00+05:30,25779.55,25650.0,25750.0,26100.0,259.7,198.0,62.4,61.69999999999999,1.0,0.011345218800648461,USABLE_OHLC,upstox_intraday/NIFTY/NIFTY_2026.parquet,bae9943b2fa99ee9c1214fb7c695b84f9f661a050a5cd04d9c5c2ffc7bc59f73
ITM3_NEXT2_K3M1.5,2026-02-10,2026-01-20,2026-02-04T10:00:00+05:30,2026-02-09T14:00:00+05:30,25779.55,25650.0,25750.0,26000.0,259.7,198.0,89.15,92.54999999999998,1.5,0.03673689897352758,USABLE_OHLC,upstox_intraday/NIFTY/NIFTY_2026.parquet,bae9943b2fa99ee9c1214fb7c695b84f9f661a050a5cd04d9c5c2ffc7bc59f73
ITM3_NEXT2_K3M2,2026-02-10,2026-01-20,2026-02-04T10:00:00+05:30,2026-02-09T14:00:00+05:30,25779.55,25650.0,25750.0,25900.0,259.7,198.0,124.85,123.39999999999998,2.0,0.011750405186385877,USABLE_OHLC,upstox_intraday/NIFTY/NIFTY_2026.parquet,bae9943b2fa99ee9c1214fb7c695b84f9f661a050a5cd04d9c5c2ffc7bc59f73
ITM3_NEXT2_K3M2.5,2026-02-10,2026-01-20,2026-02-04T10:00:00+05:30,2026-02-09T14:00:00+05:30,25779.55,25650.0,25750.0,25850.0,259.7,198.0,146.4,154.24999999999997,2.5,0.05089141004862215,USABLE_OHLC,upstox_intraday/NIFTY/NIFTY_2026.parquet,bae9943b2fa99ee9c1214fb7c695b84f9f661a050a5cd04d9c5c2ffc7bc59f73
ITM3_NEXT2_K3M3,2026-02-10,2026-01-20,2026-02-04T10:00:00+05:30,2026-02-09T14:00:00+05:30,25779.55,25650.0,25750.0,25800.0,259.7,198.0,171.05,185.09999999999997,3.0,0.07590491626148005,USABLE_OHLC,upstox_intraday/NIFTY/NIFTY_2026.parquet,bae9943b2fa99ee9c1214fb7c695b84f9f661a050a5cd04d9c5c2ffc7bc59f73
ITM3_NEXT2_K3M4,2026-02-10,2026-01-20,2026-02-04T10:00:00+05:30,2026-02-09T14:00:00+05:30,25779.55,25650.0,25750.0,25800.0,259.7,198.0,171.05,246.79999999999995,4.0,0.30692868719611005,USABLE_OHLC,upstox_intraday/NIFTY/NIFTY_2026.parquet,bae9943b2fa99ee9c1214fb7c695b84f9f661a050a5cd04d9c5c2ffc7bc59f73
ITM3_NEXT3_K3M0.5,2026-02-10,2026-01-20,2026-02-04T10:00:00+05:30,2026-02-09T14:00:00+05:30,25779.55,25650.0,25800.0,26200.0,259.7,171.05,43.05,44.32499999999999,0.5,0.028764805414551422,USABLE_OHLC,upstox_intraday/NIFTY/NIFTY_2026.parquet,bae9943b2fa99ee9c1214fb7c695b84f9f661a050a5cd04d9c5c2ffc7bc59f73
ITM3_NEXT3_K3M1,2026-02-10,2026-01-20,2026-02-04T10:00:00+05:30,2026-02-09T14:00:00+05:30,25779.55,25650.0,25800.0,26000.0,259.7,171.05,89.15,88.64999999999998,1.0,0.005640157924422206,USABLE_OHLC,upstox_intraday/NIFTY/NIFTY_2026.parquet,bae9943b2fa99ee9c1214fb7c695b84f9f661a050a5cd04d9c5c2ffc7bc59f73
ITM3_NEXT3_K3M1.5,2026-02-10,2026-01-20,2026-02-04T10:00:00+05:30,2026-02-09T14:00:00+05:30,25779.55,25650.0,25800.0,25900.0,259.7,171.05,124.85,132.97499999999997,1.5,0.06110171084790354,USABLE_OHLC,upstox_intraday/NIFTY/NIFTY_2026.parquet,bae9943b2fa99ee9c1214fb7c695b84f9f661a050a5cd04d9c5c2ffc7bc59f73
ITM3_NEXT3_K3M2,2026-02-10,2026-01-20,2026-02-04T10:00:00+05:30,2026-02-09T14:00:00+05:30,25779.55,25650.0,25800.0,25850.0,259.7,171.05,146.4,177.29999999999995,2.0,0.17428087986463597,USABLE_OHLC,upstox_intraday/NIFTY/NIFTY_2026.parquet,bae9943b2fa99ee9c1214fb7c695b84f9f661a050a5cd04d9c5c2ffc7bc59f73
ITM3_NEXT3_K3M2.5,2026-02-10,2026-01-20,2026-02-04T10:00:00+05:30,2026-02-09T14:00:00+05:30,25779.55,25650.0,25800.0,25850.0,259.7,171.05,146.4,221.62499999999994,2.5,0.33942470389170876,USABLE_OHLC,upstox_intraday/NIFTY/NIFTY_2026.parquet,bae9943b2fa99ee9c1214fb7c695b84f9f661a050a5cd04d9c5c2ffc7bc59f73
ITM3_NEXT3_K3M3,2026-02-10,2026-01-20,2026-02-04T10:00:00+05:30,2026-02-09T14:00:00+05:30,25779.55,25650.0,25800.0,25850.0,259.7,171.05,146.4,265.94999999999993,3.0,0.44952058657642396,USABLE_OHLC,upstox_intraday/NIFTY/NIFTY_2026.parquet,bae9943b2fa99ee9c1214fb7c695b84f9f661a050a5cd04d9c5c2ffc7bc59f73
ITM3_NEXT3_K3M4,2026-02-10,2026-01-20,2026-02-04T10:00:00+05:30,2026-02-09T14:00:00+05:30,25779.55,25650.0,25800.0,25850.0,259.7,171.05,146.4,354.5999999999999,4.0,0.587140439932318,USABLE_OHLC,upstox_intraday/NIFTY/NIFTY_2026.parquet,bae9943b2fa99ee9c1214fb7c695b84f9f661a050a5cd04d9c5c2ffc7bc59f73
ITM3_MIRROR_GAP_K3M0.5,2026-02-10,2026-01-20,2026-02-04T10:00:00+05:30,2026-02-09T14:00:00+05:30,25779.55,25650.0,25800.0,26200.0,259.7,171.05,43.05,44.32499999999999,0.5,0.028764805414551422,USABLE_OHLC,upstox_intraday/NIFTY/NIFTY_2026.parquet,bae9943b2fa99ee9c1214fb7c695b84f9f661a050a5cd04d9c5c2ffc7bc59f73
ITM3_MIRROR_GAP_K3M1,2026-02-10,2026-01-20,2026-02-04T10:00:00+05:30,2026-02-09T14:00:00+05:30,25779.55,25650.0,25800.0,26000.0,259.7,171.05,89.15,88.64999999999998,1.0,0.005640157924422206,USABLE_OHLC,upstox_intraday/NIFTY/NIFTY_2026.parquet,bae9943b2fa99ee9c1214fb7c695b84f9f661a050a5cd04d9c5c2ffc7bc59f73
ITM3_MIRROR_GAP_K3M1.5,2026-02-10,2026-01-20,2026-02-04T10:00:00+05:30,2026-02-09T14:00:00+05:30,25779.55,25650.0,25800.0,25900.0,259.7,171.05,124.85,132.97499999999997,1.5,0.06110171084790354,USABLE_OHLC,upstox_intraday/NIFTY/NIFTY_2026.parquet,bae9943b2fa99ee9c1214fb7c695b84f9f661a050a5cd04d9c5c2ffc7bc59f73
ITM3_MIRROR_GAP_K3M2,2026-02-10,2026-01-20,2026-02-04T10:00:00+05:30,2026-02-09T14:00:00+05:30,25779.55,25650.0,25800.0,25850.0,259.7,171.05,146.4,177.29999999999995,2.0,0.17428087986463597,USABLE_OHLC,upstox_intraday/NIFTY/NIFTY_2026.parquet,bae9943b2fa99ee9c1214fb7c695b84f9f661a050a5cd04d9c5c2ffc7bc59f73
ITM3_MIRROR_GAP_K3M2.5,2026-02-10,2026-01-20,2026-02-04T10:00:00+05:30,2026-02-09T14:00:00+05:30,25779.55,25650.0,25800.0,25850.0,259.7,171.05,146.4,221.62499999999994,2.5,0.33942470389170876,USABLE_OHLC,upstox_intraday/NIFTY/NIFTY_2026.parquet,bae9943b2fa99ee9c1214fb7c695b84f9f661a050a5cd04d9c5c2ffc7bc59f73
ITM3_MIRROR_GAP_K3M3,2026-02-10,2026-01-20,2026-02-04T10:00:00+05:30,2026-02-09T14:00:00+05:30,25779.55,25650.0,25800.0,25850.0,259.7,171.05,146.4,265.94999999999993,3.0,0.44952058657642396,USABLE_OHLC,upstox_intraday/NIFTY/NIFTY_2026.parquet,bae9943b2fa99ee9c1214fb7c695b84f9f661a050a5cd04d9c5c2ffc7bc59f73
ITM3_MIRROR_GAP_K3M4,2026-02-10,2026-01-20,2026-02-04T10:00:00+05:30,2026-02-09T14:00:00+05:30,25779.55,25650.0,25800.0,25850.0,259.7,171.05,146.4,354.5999999999999,4.0,0.587140439932318,USABLE_OHLC,upstox_intraday/NIFTY/NIFTY_2026.parquet,bae9943b2fa99ee9c1214fb7c695b84f9f661a050a5cd04d9c5c2ffc7bc59f73
OTM1_NEXT1_K3M0.5,2026-03-10,2026-02-17,2026-03-04T10:00:00+05:30,2026-03-09T14:00:00+05:30,24325.8,24350.0,24400.0,25650.0,318.0,290.05,14.25,13.974999999999994,0.5,0.019677996422182882,USABLE_OHLC,upstox_intraday/NIFTY/NIFTY_2026.parquet,bae9943b2fa99ee9c1214fb7c695b84f9f661a050a5cd04d9c5c2ffc7bc59f73
OTM1_NEXT1_K3M1,2026-03-10,2026-02-17,2026-03-04T10:00:00+05:30,2026-03-09T14:00:00+05:30,24325.8,24350.0,24400.0,25350.0,318.0,290.05,29.2,27.94999999999999,1.0,0.04472271914132419,USABLE_OHLC,upstox_intraday/NIFTY/NIFTY_2026.parquet,bae9943b2fa99ee9c1214fb7c695b84f9f661a050a5cd04d9c5c2ffc7bc59f73
OTM1_NEXT1_K3M1.5,2026-03-10,2026-02-17,2026-03-04T10:00:00+05:30,2026-03-09T14:00:00+05:30,24325.8,24350.0,24400.0,25200.0,318.0,290.05,43.15,41.92499999999998,1.5,0.029218843172331928,USABLE_OHLC,upstox_intraday/NIFTY/NIFTY_2026.parquet,bae9943b2fa99ee9c1214fb7c695b84f9f661a050a5cd04d9c5c2ffc7bc59f73
OTM1_NEXT1_K3M2,2026-03-10,2026-02-17,2026-03-04T10:00:00+05:30,2026-03-09T14:00:00+05:30,24325.8,24350.0,24400.0,25100.0,318.0,290.05,56.25,55.89999999999998,2.0,0.006261180679785741,USABLE_OHLC,upstox_intraday/NIFTY/NIFTY_2026.parquet,bae9943b2fa99ee9c1214fb7c695b84f9f661a050a5cd04d9c5c2ffc7bc59f73
OTM1_NEXT1_K3M2.5,2026-03-10,2026-02-17,2026-03-04T10:00:00+05:30,2026-03-09T14:00:00+05:30,24325.8,24350.0,24400.0,25000.0,318.0,290.05,72.95,69.87499999999997,2.5,0.04400715563506308,USABLE_OHLC,upstox_intraday/NIFTY/NIFTY_2026.parquet,bae9943b2fa99ee9c1214fb7c695b84f9f661a050a5cd04d9c5c2ffc7bc59f73
OTM1_NEXT1_K3M3,2026-03-10,2026-02-17,2026-03-04T10:00:00+05:30,2026-03-09T14:00:00+05:30,24325.8,24350.0,24400.0,24950.0,318.0,290.05,83.5,83.84999999999997,3.0,0.0041741204531898154,USABLE_OHLC,upstox_intraday/NIFTY/NIFTY_2026.parquet,bae9943b2fa99ee9c1214fb7c695b84f9f661a050a5cd04d9c5c2ffc7bc59f73
OTM1_NEXT1_K3M4,2026-03-10,2026-02-17,2026-03-04T10:00:00+05:30,2026-03-09T14:00:00+05:30,24325.8,24350.0,24400.0,24850.0,318.0,290.05,107.8,111.79999999999995,4.0,0.035778175313058665,USABLE_OHLC,upstox_intraday/NIFTY/NIFTY_2026.parquet,bae9943b2fa99ee9c1214fb7c695b84f9f661a050a5cd04d9c5c2ffc7bc59f73
OTM1_NEXT2_K3M0.5,2026-03-10,2026-02-17,2026-03-04T10:00:00+05:30,2026-03-09T14:00:00+05:30,24325.8,24350.0,24450.0,25400.0,318.0,264.05,25.65,26.974999999999994,0.5,0.049119555143651385,USABLE_OHLC,upstox_intraday/NIFTY/NIFTY_2026.parquet,bae9943b2fa99ee9c1214fb7c695b84f9f661a050a5cd04d9c5c2ffc7bc59f73
OTM1_NEXT2_K3M1,2026-03-10,2026-02-17,2026-03-04T10:00:00+05:30,2026-03-09T14:00:00+05:30,24325.8,24350.0,24450.0,25100.0,318.0,264.05,56.25,53.94999999999999,1.0,0.04263206672845249,USABLE_OHLC,upstox_intraday/NIFTY/NIFTY_2026.parquet,bae9943b2fa99ee9c1214fb7c695b84f9f661a050a5cd04d9c5c2ffc7bc59f73
OTM1_NEXT2_K3M1.5,2026-03-10,2026-02-17,2026-03-04T10:00:00+05:30,2026-03-09T14:00:00+05:30,24325.8,24350.0,24450.0,24950.0,318.0,264.05,83.5,80.92499999999998,1.5,0.031819586036453726,USABLE_OHLC,upstox_intraday/NIFTY/NIFTY_2026.parquet,bae9943b2fa99ee9c1214fb7c695b84f9f661a050a5cd04d9c5c2ffc7bc59f73
OTM1_NEXT2_K3M2,2026-03-10,2026-02-17,2026-03-04T10:00:00+05:30,2026-03-09T14:00:00+05:30,24325.8,24350.0,24450.0,24850.0,318.0,264.05,107.8,107.89999999999998,2.0,0.0009267840593139956,USABLE_OHLC,upstox_intraday/NIFTY/NIFTY_2026.parquet,bae9943b2fa99ee9c1214fb7c695b84f9f661a050a5cd04d9c5c2ffc7bc59f73
OTM1_NEXT2_K3M2.5,2026-03-10,2026-02-17,2026-03-04T10:00:00+05:30,2026-03-09T14:00:00+05:30,24325.8,24350.0,24450.0,24750.0,318.0,264.05,137.9,134.87499999999997,2.5,0.022428174235403407,USABLE_OHLC,upstox_intraday/NIFTY/NIFTY_2026.parquet,bae9943b2fa99ee9c1214fb7c695b84f9f661a050a5cd04d9c5c2ffc7bc59f73
OTM1_NEXT2_K3M3,2026-03-10,2026-02-17,2026-03-04T10:00:00+05:30,2026-03-09T14:00:00+05:30,24325.8,24350.0,24450.0,24700.0,318.0,264.05,155.0,161.84999999999997,3.0,0.04232313870868067,USABLE_OHLC,upstox_intraday/NIFTY/NIFTY_2026.parquet,bae9943b2fa99ee9c1214fb7c695b84f9f661a050a5cd04d9c5c2ffc7bc59f73
OTM1_NEXT2_K3M4,2026-03-10,2026-02-17,2026-03-04T10:00:00+05:30,2026-03-09T14:00:00+05:30,24325.8,24350.0,24450.0,24550.0,318.0,264.05,215.75,215.79999999999995,4.0,0.00023169601482833427,USABLE_OHLC,upstox_intraday/NIFTY/NIFTY_2026.parquet,bae9943b2fa99ee9c1214fb7c695b84f9f661a050a5cd04d9c5c2ffc7bc59f73
OTM1_NEXT3_K3M0.5,2026-03-10,2026-02-17,2026-03-04T10:00:00+05:30,2026-03-09T14:00:00+05:30,24325.8,24350.0,24500.0,25250.0,318.0,239.25,37.9,39.375,0.5,0.0374603174603175,USABLE_OHLC,upstox_intraday/NIFTY/NIFTY_2026.parquet,bae9943b2fa99ee9c1214fb7c695b84f9f661a050a5cd04d9c5c2ffc7bc59f73
OTM1_NEXT3_K3M1,2026-03-10,2026-02-17,2026-03-04T10:00:00+05:30,2026-03-09T14:00:00+05:30,24325.8,24350.0,24500.0,24950.0,318.0,239.25,83.5,78.75,1.0,0.06031746031746032,USABLE_OHLC,upstox_intraday/NIFTY/NIFTY_2026.parquet,bae9943b2fa99ee9c1214fb7c695b84f9f661a050a5cd04d9c5c2ffc7bc59f73
OTM1_NEXT3_K3M1.5,2026-03-10,2026-02-17,2026-03-04T10:00:00+05:30,2026-03-09T14:00:00+05:30,24325.8,24350.0,24500.0,24800.0,318.0,239.25,121.9,118.125,1.5,0.031957671957672004,USABLE_OHLC,upstox_intraday/NIFTY/NIFTY_2026.parquet,bae9943b2fa99ee9c1214fb7c695b84f9f661a050a5cd04d9c5c2ffc7bc59f73
OTM1_NEXT3_K3M2,2026-03-10,2026-02-17,2026-03-04T10:00:00+05:30,2026-03-09T14:00:00+05:30,24325.8,24350.0,24500.0,24700.0,318.0,239.25,155.0,157.5,2.0,0.015873015873015872,USABLE_OHLC,upstox_intraday/NIFTY/NIFTY_2026.parquet,bae9943b2fa99ee9c1214fb7c695b84f9f661a050a5cd04d9c5c2ffc7bc59f73
OTM1_NEXT3_K3M2.5,2026-03-10,2026-02-17,2026-03-04T10:00:00+05:30,2026-03-09T14:00:00+05:30,24325.8,24350.0,24500.0,24600.0,318.0,239.25,194.15,196.875,2.5,0.013841269841269812,USABLE_OHLC,upstox_intraday/NIFTY/NIFTY_2026.parquet,bae9943b2fa99ee9c1214fb7c695b84f9f661a050a5cd04d9c5c2ffc7bc59f73
OTM1_NEXT3_K3M3,2026-03-10,2026-02-17,2026-03-04T10:00:00+05:30,2026-03-09T14:00:00+05:30,24325.8,24350.0,24500.0,24550.0,318.0,239.25,215.75,236.25,3.0,0.08677248677248678,USABLE_OHLC,upstox_intraday/NIFTY/NIFTY_2026.parquet,bae9943b2fa99ee9c1214fb7c695b84f9f661a050a5cd04d9c5c2ffc7bc59f73
OTM1_NEXT3_K3M4,2026-03-10,2026-02-17,2026-03-04T10:00:00+05:30,2026-03-09T14:00:00+05:30,24325.8,24350.0,24500.0,24550.0,318.0,239.25,215.75,315.0,4.0,0.31507936507936507,USABLE_OHLC,upstox_intraday/NIFTY/NIFTY_2026.parquet,bae9943b2fa99ee9c1214fb7c695b84f9f661a050a5cd04d9c5c2ffc7bc59f73
OTM1_MIRROR_GAP_K3M0.5,2026-03-10,2026-02-17,2026-03-04T10:00:00+05:30,2026-03-09T14:00:00+05:30,24325.8,24350.0,24400.0,25650.0,318.0,290.05,14.25,13.974999999999994,0.5,0.019677996422182882,USABLE_OHLC,upstox_intraday/NIFTY/NIFTY_2026.parquet,bae9943b2fa99ee9c1214fb7c695b84f9f661a050a5cd04d9c5c2ffc7bc59f73
OTM1_MIRROR_GAP_K3M1,2026-03-10,2026-02-17,2026-03-04T10:00:00+05:30,2026-03-09T14:00:00+05:30,24325.8,24350.0,24400.0,25350.0,318.0,290.05,29.2,27.94999999999999,1.0,0.04472271914132419,USABLE_OHLC,upstox_intraday/NIFTY/NIFTY_2026.parquet,bae9943b2fa99ee9c1214fb7c695b84f9f661a050a5cd04d9c5c2ffc7bc59f73
OTM1_MIRROR_GAP_K3M1.5,2026-03-10,2026-02-17,2026-03-04T10:00:00+05:30,2026-03-09T14:00:00+05:30,24325.8,24350.0,24400.0,25200.0,318.0,290.05,43.15,41.92499999999998,1.5,0.029218843172331928,USABLE_OHLC,upstox_intraday/NIFTY/NIFTY_2026.parquet,bae9943b2fa99ee9c1214fb7c695b84f9f661a050a5cd04d9c5c2ffc7bc59f73
OTM1_MIRROR_GAP_K3M2,2026-03-10,2026-02-17,2026-03-04T10:00:00+05:30,2026-03-09T14:00:00+05:30,24325.8,24350.0,24400.0,25100.0,318.0,290.05,56.25,55.89999999999998,2.0,0.006261180679785741,USABLE_OHLC,upstox_intraday/NIFTY/NIFTY_2026.parquet,bae9943b2fa99ee9c1214fb7c695b84f9f661a050a5cd04d9c5c2ffc7bc59f73
OTM1_MIRROR_GAP_K3M2.5,2026-03-10,2026-02-17,2026-03-04T10:00:00+05:30,2026-03-09T14:00:00+05:30,24325.8,24350.0,24400.0,25000.0,318.0,290.05,72.95,69.87499999999997,2.5,0.04400715563506308,USABLE_OHLC,upstox_intraday/NIFTY/NIFTY_2026.parquet,bae9943b2fa99ee9c1214fb7c695b84f9f661a050a5cd04d9c5c2ffc7bc59f73
OTM1_MIRROR_GAP_K3M3,2026-03-10,2026-02-17,2026-03-04T10:00:00+05:30,2026-03-09T14:00:00+05:30,24325.8,24350.0,24400.0,24950.0,318.0,290.05,83.5,83.84999999999997,3.0,0.0041741204531898154,USABLE_OHLC,upstox_intraday/NIFTY/NIFTY_2026.parquet,bae9943b2fa99ee9c1214fb7c695b84f9f661a050a5cd04d9c5c2ffc7bc59f73
OTM1_MIRROR_GAP_K3M4,2026-03-10,2026-02-17,2026-03-04T10:00:00+05:30,2026-03-09T14:00:00+05:30,24325.8,24350.0,24400.0,24850.0,318.0,290.05,107.8,111.79999999999995,4.0,0.035778175313058665,USABLE_OHLC,upstox_intraday/NIFTY/NIFTY_2026.parquet,bae9943b2fa99ee9c1214fb7c695b84f9f661a050a5cd04d9c5c2ffc7bc59f73
OTM2_NEXT1_K3M0.5,2026-03-10,2026-02-17,2026-03-04T10:00:00+05:30,2026-03-09T14:00:00+05:30,24325.8,24400.0,24450.0,25700.0,290.05,264.05,12.7,13.0,0.5,0.02307692307692313,USABLE_OHLC,upstox_intraday/NIFTY/NIFTY_2026.parquet,bae9943b2fa99ee9c1214fb7c695b84f9f661a050a5cd04d9c5c2ffc7bc59f73
OTM2_NEXT1_K3M1,2026-03-10,2026-02-17,2026-03-04T10:00:00+05:30,2026-03-09T14:00:00+05:30,24325.8,24400.0,24450.0,25400.0,290.05,264.05,25.65,26.0,1.0,0.013461538461538516,USABLE_OHLC,upstox_intraday/NIFTY/NIFTY_2026.parquet,bae9943b2fa99ee9c1214fb7c695b84f9f661a050a5cd04d9c5c2ffc7bc59f73
OTM2_NEXT1_K3M1.5,2026-03-10,2026-02-17,2026-03-04T10:00:00+05:30,2026-03-09T14:00:00+05:30,24325.8,24400.0,24450.0,25250.0,290.05,264.05,37.9,39.0,1.5,0.02820512820512824,USABLE_OHLC,upstox_intraday/NIFTY/NIFTY_2026.parquet,bae9943b2fa99ee9c1214fb7c695b84f9f661a050a5cd04d9c5c2ffc7bc59f73
OTM2_NEXT1_K3M2,2026-03-10,2026-02-17,2026-03-04T10:00:00+05:30,2026-03-09T14:00:00+05:30,24325.8,24400.0,24450.0,25150.0,290.05,264.05,49.3,52.0,2.0,0.051923076923076975,USABLE_OHLC,upstox_intraday/NIFTY/NIFTY_2026.parquet,bae9943b2fa99ee9c1214fb7c695b84f9f661a050a5cd04d9c5c2ffc7bc59f73
OTM2_NEXT1_K3M2.5,2026-03-10,2026-02-17,2026-03-04T10:00:00+05:30,2026-03-09T14:00:00+05:30,24325.8,24400.0,24450.0,25050.0,290.05,264.05,64.25,65.0,2.5,0.011538461538461539,USABLE_OHLC,upstox_intraday/NIFTY/NIFTY_2026.parquet,bae9943b2fa99ee9c1214fb7c695b84f9f661a050a5cd04d9c5c2ffc7bc59f73
OTM2_NEXT1_K3M3,2026-03-10,2026-02-17,2026-03-04T10:00:00+05:30,2026-03-09T14:00:00+05:30,24325.8,24400.0,24450.0,25000.0,290.05,264.05,72.95,78.0,3.0,0.06474358974358971,USABLE_OHLC,upstox_intraday/NIFTY/NIFTY_2026.parquet,bae9943b2fa99ee9c1214fb7c695b84f9f661a050a5cd04d9c5c2ffc7bc59f73
OTM2_NEXT1_K3M4,2026-03-10,2026-02-17,2026-03-04T10:00:00+05:30,2026-03-09T14:00:00+05:30,24325.8,24400.0,24450.0,24850.0,290.05,264.05,107.8,104.0,4.0,0.03653846153846151,USABLE_OHLC,upstox_intraday/NIFTY/NIFTY_2026.parquet,bae9943b2fa99ee9c1214fb7c695b84f9f661a050a5cd04d9c5c2ffc7bc59f73
OTM2_NEXT2_K3M0.5,2026-03-10,2026-02-17,2026-03-04T10:00:00+05:30,2026-03-09T14:00:00+05:30,24325.8,24400.0,24500.0,25400.0,290.05,239.25,25.65,25.400000000000006,0.5,0.009842519685039089,USABLE_OHLC,upstox_intraday/NIFTY/NIFTY_2026.parquet,bae9943b2fa99ee9c1214fb7c695b84f9f661a050a5cd04d9c5c2ffc7bc59f73
OTM2_NEXT2_K3M1,2026-03-10,2026-02-17,2026-03-04T10:00:00+05:30,2026-03-09T14:00:00+05:30,24325.8,24400.0,24500.0,25150.0,290.05,239.25,49.3,50.80000000000001,1.0,0.029527559055118384,USABLE_OHLC,upstox_intraday/NIFTY/NIFTY_2026.parquet,bae9943b2fa99ee9c1214fb7c695b84f9f661a050a5cd04d9c5c2ffc7bc59f73
OTM2_NEXT2_K3M1.5,2026-03-10,2026-02-17,2026-03-04T10:00:00+05:30,2026-03-09T14:00:00+05:30,24325.8,24400.0,24500.0,25000.0,290.05,239.25,72.95,76.20000000000002,1.5,0.04265091863517078,USABLE_OHLC,upstox_intraday/NIFTY/NIFTY_2026.parquet,bae9943b2fa99ee9c1214fb7c695b84f9f661a050a5cd04d9c5c2ffc7bc59f73
OTM2_NEXT2_K3M2,2026-03-10,2026-02-17,2026-03-04T10:00:00+05:30,2026-03-09T14:00:00+05:30,24325.8,24400.0,24500.0,24850.0,290.05,239.25,107.8,101.60000000000002,2.0,0.061023622047243826,USABLE_OHLC,upstox_intraday/NIFTY/NIFTY_2026.parquet,bae9943b2fa99ee9c1214fb7c695b84f9f661a050a5cd04d9c5c2ffc7bc59f73
OTM2_NEXT2_K3M2.5,2026-03-10,2026-02-17,2026-03-04T10:00:00+05:30,2026-03-09T14:00:00+05:30,24325.8,24400.0,24500.0,24800.0,290.05,239.25,121.9,127.00000000000003,2.5,0.0401574803149608,USABLE_OHLC,upstox_intraday/NIFTY/NIFTY_2026.parquet,bae9943b2fa99ee9c1214fb7c695b84f9f661a050a5cd04d9c5c2ffc7bc59f73
OTM2_NEXT2_K3M3,2026-03-10,2026-02-17,2026-03-04T10:00:00+05:30,2026-03-09T14:00:00+05:30,24325.8,24400.0,24500.0,24700.0,290.05,239.25,155.0,152.40000000000003,3.0,0.017060367454068012,USABLE_OHLC,upstox_intraday/NIFTY/NIFTY_2026.parquet,bae9943b2fa99ee9c1214fb7c695b84f9f661a050a5cd04d9c5c2ffc7bc59f73
OTM2_NEXT2_K3M4,2026-03-10,2026-02-17,2026-03-04T10:00:00+05:30,2026-03-09T14:00:00+05:30,24325.8,24400.0,24500.0,24600.0,290.05,239.25,194.15,203.20000000000005,4.0,0.044537401574803334,USABLE_OHLC,upstox_intraday/NIFTY/NIFTY_2026.parquet,bae9943b2fa99ee9c1214fb7c695b84f9f661a050a5cd04d9c5c2ffc7bc59f73
OTM2_NEXT3_K3M0.5,2026-03-10,2026-02-17,2026-03-04T10:00:00+05:30,2026-03-09T14:00:00+05:30,24325.8,24400.0,24550.0,25250.0,290.05,215.75,37.9,37.150000000000006,0.5,0.020188425302826184,USABLE_OHLC,upstox_intraday/NIFTY/NIFTY_2026.parquet,bae9943b2fa99ee9c1214fb7c695b84f9f661a050a5cd04d9c5c2ffc7bc59f73
OTM2_NEXT3_K3M1,2026-03-10,2026-02-17,2026-03-04T10:00:00+05:30,2026-03-09T14:00:00+05:30,24325.8,24400.0,24550.0,25000.0,290.05,215.75,72.95,74.30000000000001,1.0,0.018169582772543852,USABLE_OHLC,upstox_intraday/NIFTY/NIFTY_2026.parquet,bae9943b2fa99ee9c1214fb7c695b84f9f661a050a5cd04d9c5c2ffc7bc59f73
OTM2_NEXT3_K3M1.5,2026-03-10,2026-02-17,2026-03-04T10:00:00+05:30,2026-03-09T14:00:00+05:30,24325.8,24400.0,24550.0,24850.0,290.05,215.75,107.8,111.45000000000002,1.5,0.03275011215791852,USABLE_OHLC,upstox_intraday/NIFTY/NIFTY_2026.parquet,bae9943b2fa99ee9c1214fb7c695b84f9f661a050a5cd04d9c5c2ffc7bc59f73
OTM2_NEXT3_K3M2,2026-03-10,2026-02-17,2026-03-04T10:00:00+05:30,2026-03-09T14:00:00+05:30,24325.8,24400.0,24550.0,24700.0,290.05,215.75,155.0,148.60000000000002,2.0,0.04306864064602945,USABLE_OHLC,upstox_intraday/NIFTY/NIFTY_2026.parquet,bae9943b2fa99ee9c1214fb7c695b84f9f661a050a5cd04d9c5c2ffc7bc59f73
OTM2_NEXT3_K3M2.5,2026-03-10,2026-02-17,2026-03-04T10:00:00+05:30,2026-03-09T14:00:00+05:30,24325.8,24400.0,24550.0,24600.0,290.05,215.75,194.15,185.75000000000003,2.5,0.04522207267833096,USABLE_OHLC,upstox_intraday/NIFTY/NIFTY_2026.parquet,bae9943b2fa99ee9c1214fb7c695b84f9f661a050a5cd04d9c5c2ffc7bc59f73
OTM2_NEXT3_K3M3,2026-03-10,2026-02-17,2026-03-04T10:00:00+05:30,2026-03-09T14:00:00+05:30,24325.8,24400.0,24550.0,24600.0,290.05,215.75,194.15,222.90000000000003,3.0,0.12898160610139087,USABLE_OHLC,upstox_intraday/NIFTY/NIFTY_2026.parquet,bae9943b2fa99ee9c1214fb7c695b84f9f661a050a5cd04d9c5c2ffc7bc59f73
OTM2_NEXT3_K3M4,2026-03-10,2026-02-17,2026-03-04T10:00:00+05:30,2026-03-09T14:00:00+05:30,24325.8,24400.0,24550.0,24600.0,290.05,215.75,194.15,297.20000000000005,4.0,0.34673620457604315,USABLE_OHLC,upstox_intraday/NIFTY/NIFTY_2026.parquet,bae9943b2fa99ee9c1214fb7c695b84f9f661a050a5cd04d9c5c2ffc7bc59f73
OTM2_MIRROR_GAP_K3M0.5,2026-03-10,2026-02-17,2026-03-04T10:00:00+05:30,2026-03-09T14:00:00+05:30,24325.8,24400.0,24450.0,25700.0,290.05,264.05,12.7,13.0,0.5,0.02307692307692313,USABLE_OHLC,upstox_intraday/NIFTY/NIFTY_2026.parquet,bae9943b2fa99ee9c1214fb7c695b84f9f661a050a5cd04d9c5c2ffc7bc59f73
OTM2_MIRROR_GAP_K3M1,2026-03-10,2026-02-17,2026-03-04T10:00:00+05:30,2026-03-09T14:00:00+05:30,24325.8,24400.0,24450.0,25400.0,290.05,264.05,25.65,26.0,1.0,0.013461538461538516,USABLE_OHLC,upstox_intraday/NIFTY/NIFTY_2026.parquet,bae9943b2fa99ee9c1214fb7c695b84f9f661a050a5cd04d9c5c2ffc7bc59f73
OTM2_MIRROR_GAP_K3M1.5,2026-03-10,2026-02-17,2026-03-04T10:00:00+05:30,2026-03-09T14:00:00+05:30,24325.8,24400.0,24450.0,25250.0,290.05,264.05,37.9,39.0,1.5,0.02820512820512824,USABLE_OHLC,upstox_intraday/NIFTY/NIFTY_2026.parquet,bae9943b2fa99ee9c1214fb7c695b84f9f661a050a5cd04d9c5c2ffc7bc59f73
OTM2_MIRROR_GAP_K3M2,2026-03-10,2026-02-17,2026-03-04T10:00:00+05:30,2026-03-09T14:00:00+05:30,24325.8,24400.0,24450.0,25150.0,290.05,264.05,49.3,52.0,2.0,0.051923076923076975,USABLE_OHLC,upstox_intraday/NIFTY/NIFTY_2026.parquet,bae9943b2fa99ee9c1214fb7c695b84f9f661a050a5cd04d9c5c2ffc7bc59f73
OTM2_MIRROR_GAP_K3M2.5,2026-03-10,2026-02-17,2026-03-04T10:00:00+05:30,2026-03-09T14:00:00+05:30,24325.8,24400.0,24450.0,25050.0,290.05,264.05,64.25,65.0,2.5,0.011538461538461539,USABLE_OHLC,upstox_intraday/NIFTY/NIFTY_2026.parquet,bae9943b2fa99ee9c1214fb7c695b84f9f661a050a5cd04d9c5c2ffc7bc59f73
OTM2_MIRROR_GAP_K3M3,2026-03-10,2026-02-17,2026-03-04T10:00:00+05:30,2026-03-09T14:00:00+05:30,24325.8,24400.0,24450.0,25000.0,290.05,264.05,72.95,78.0,3.0,0.06474358974358971,USABLE_OHLC,upstox_intraday/NIFTY/NIFTY_2026.parquet,bae9943b2fa99ee9c1214fb7c695b84f9f661a050a5cd04d9c5c2ffc7bc59f73
OTM2_MIRROR_GAP_K3M4,2026-03-10,2026-02-17,2026-03-04T10:00:00+05:30,2026-03-09T14:00:00+05:30,24325.8,24400.0,24450.0,24850.0,290.05,264.05,107.8,104.0,4.0,0.03653846153846151,USABLE_OHLC,upstox_intraday/NIFTY/NIFTY_2026.parquet,bae9943b2fa99ee9c1214fb7c695b84f9f661a050a5cd04d9c5c2ffc7bc59f73
OTM3_NEXT1_K3M0.5,2026-03-10,2026-02-17,2026-03-04T10:00:00+05:30,2026-03-09T14:00:00+05:30,24325.8,24450.0,24500.0,25700.0,264.05,239.25,12.7,12.400000000000006,0.5,0.024193548387096246,USABLE_OHLC,upstox_intraday/NIFTY/NIFTY_2026.parquet,bae9943b2fa99ee9c1214fb7c695b84f9f661a050a5cd04d9c5c2ffc7bc59f73
OTM3_NEXT1_K3M1,2026-03-10,2026-02-17,2026-03-04T10:00:00+05:30,2026-03-09T14:00:00+05:30,24325.8,24450.0,24500.0,25400.0,264.05,239.25,25.65,24.80000000000001,1.0,0.03427419354838657,USABLE_OHLC,upstox_intraday/NIFTY/NIFTY_2026.parquet,bae9943b2fa99ee9c1214fb7c695b84f9f661a050a5cd04d9c5c2ffc7bc59f73
OTM3_NEXT1_K3M1.5,2026-03-10,2026-02-17,2026-03-04T10:00:00+05:30,2026-03-09T14:00:00+05:30,24325.8,24450.0,24500.0,25250.0,264.05,239.25,37.9,37.20000000000002,1.5,0.018817204301074763,USABLE_OHLC,upstox_intraday/NIFTY/NIFTY_2026.parquet,bae9943b2fa99ee9c1214fb7c695b84f9f661a050a5cd04d9c5c2ffc7bc59f73
OTM3_NEXT1_K3M2,2026-03-10,2026-02-17,2026-03-04T10:00:00+05:30,2026-03-09T14:00:00+05:30,24325.8,24450.0,24500.0,25150.0,264.05,239.25,49.3,49.60000000000002,2.0,0.006048387096774707,USABLE_OHLC,upstox_intraday/NIFTY/NIFTY_2026.parquet,bae9943b2fa99ee9c1214fb7c695b84f9f661a050a5cd04d9c5c2ffc7bc59f73
OTM3_NEXT1_K3M2.5,2026-03-10,2026-02-17,2026-03-04T10:00:00+05:30,2026-03-09T14:00:00+05:30,24325.8,24450.0,24500.0,25050.0,264.05,239.25,64.25,62.00000000000003,2.5,0.036290322580644685,USABLE_OHLC,upstox_intraday/NIFTY/NIFTY_2026.parquet,bae9943b2fa99ee9c1214fb7c695b84f9f661a050a5cd04d9c5c2ffc7bc59f73
OTM3_NEXT1_K3M3,2026-03-10,2026-02-17,2026-03-04T10:00:00+05:30,2026-03-09T14:00:00+05:30,24325.8,24450.0,24500.0,25000.0,264.05,239.25,72.95,74.40000000000003,3.0,0.01948924731182837,USABLE_OHLC,upstox_intraday/NIFTY/NIFTY_2026.parquet,bae9943b2fa99ee9c1214fb7c695b84f9f661a050a5cd04d9c5c2ffc7bc59f73
OTM3_NEXT1_K3M4,2026-03-10,2026-02-17,2026-03-04T10:00:00+05:30,2026-03-09T14:00:00+05:30,24325.8,24450.0,24500.0,24900.0,264.05,239.25,95.2,99.20000000000005,4.0,0.0403225806451617,USABLE_OHLC,upstox_intraday/NIFTY/NIFTY_2026.parquet,bae9943b2fa99ee9c1214fb7c695b84f9f661a050a5cd04d9c5c2ffc7bc59f73
OTM3_NEXT2_K3M0.5,2026-03-10,2026-02-17,2026-03-04T10:00:00+05:30,2026-03-09T14:00:00+05:30,24325.8,24450.0,24550.0,25450.0,264.05,215.75,22.75,24.150000000000006,0.5,0.057971014492753846,USABLE_OHLC,upstox_intraday/NIFTY/NIFTY_2026.parquet,bae9943b2fa99ee9c1214fb7c695b84f9f661a050a5cd04d9c5c2ffc7bc59f73
OTM3_NEXT2_K3M1,2026-03-10,2026-02-17,2026-03-04T10:00:00+05:30,2026-03-09T14:00:00+05:30,24325.8,24450.0,24550.0,25150.0,264.05,215.75,49.3,48.30000000000001,1.0,0.02070393374741171,USABLE_OHLC,upstox_intraday/NIFTY/NIFTY_2026.parquet,bae9943b2fa99ee9c1214fb7c695b84f9f661a050a5cd04d9c5c2ffc7bc59f73
OTM3_NEXT2_K3M1.5,2026-03-10,2026-02-17,2026-03-04T10:00:00+05:30,2026-03-09T14:00:00+05:30,24325.8,24450.0,24550.0,25000.0,264.05,215.75,72.95,72.45000000000002,1.5,0.006901311249137138,USABLE_OHLC,upstox_intraday/NIFTY/NIFTY_2026.parquet,bae9943b2fa99ee9c1214fb7c695b84f9f661a050a5cd04d9c5c2ffc7bc59f73
OTM3_NEXT2_K3M2,2026-03-10,2026-02-17,2026-03-04T10:00:00+05:30,2026-03-09T14:00:00+05:30,24325.8,24450.0,24550.0,24900.0,264.05,215.75,95.2,96.60000000000002,2.0,0.014492753623188609,USABLE_OHLC,upstox_intraday/NIFTY/NIFTY_2026.parquet,bae9943b2fa99ee9c1214fb7c695b84f9f661a050a5cd04d9c5c2ffc7bc59f73
OTM3_NEXT2_K3M2.5,2026-03-10,2026-02-17,2026-03-04T10:00:00+05:30,2026-03-09T14:00:00+05:30,24325.8,24450.0,24550.0,24800.0,264.05,215.75,121.9,120.75000000000003,2.5,0.009523809523809334,USABLE_OHLC,upstox_intraday/NIFTY/NIFTY_2026.parquet,bae9943b2fa99ee9c1214fb7c695b84f9f661a050a5cd04d9c5c2ffc7bc59f73
OTM3_NEXT2_K3M3,2026-03-10,2026-02-17,2026-03-04T10:00:00+05:30,2026-03-09T14:00:00+05:30,24325.8,24450.0,24550.0,24750.0,264.05,215.75,137.9,144.90000000000003,3.0,0.04830917874396154,USABLE_OHLC,upstox_intraday/NIFTY/NIFTY_2026.parquet,bae9943b2fa99ee9c1214fb7c695b84f9f661a050a5cd04d9c5c2ffc7bc59f73
OTM3_NEXT2_K3M4,2026-03-10,2026-02-17,2026-03-04T10:00:00+05:30,2026-03-09T14:00:00+05:30,24325.8,24450.0,24550.0,24600.0,264.05,215.75,194.15,193.20000000000005,4.0,0.004917184265010145,USABLE_OHLC,upstox_intraday/NIFTY/NIFTY_2026.parquet,bae9943b2fa99ee9c1214fb7c695b84f9f661a050a5cd04d9c5c2ffc7bc59f73
OTM3_NEXT3_K3M0.5,2026-03-10,2026-02-17,2026-03-04T10:00:00+05:30,2026-03-09T14:00:00+05:30,24325.8,24450.0,24600.0,25300.0,264.05,194.15,33.2,34.95,0.5,0.050071530758226034,USABLE_OHLC,upstox_intraday/NIFTY/NIFTY_2026.parquet,bae9943b2fa99ee9c1214fb7c695b84f9f661a050a5cd04d9c5c2ffc7bc59f73
OTM3_NEXT3_K3M1,2026-03-10,2026-02-17,2026-03-04T10:00:00+05:30,2026-03-09T14:00:00+05:30,24325.8,24450.0,24600.0,25000.0,264.05,194.15,72.95,69.9,1.0,0.043633762517882646,USABLE_OHLC,upstox_intraday/NIFTY/NIFTY_2026.parquet,bae9943b2fa99ee9c1214fb7c695b84f9f661a050a5cd04d9c5c2ffc7bc59f73
OTM3_NEXT3_K3M1.5,2026-03-10,2026-02-17,2026-03-04T10:00:00+05:30,2026-03-09T14:00:00+05:30,24325.8,24450.0,24600.0,24850.0,264.05,194.15,107.8,104.85000000000001,1.5,0.028135431568907854,USABLE_OHLC,upstox_intraday/NIFTY/NIFTY_2026.parquet,bae9943b2fa99ee9c1214fb7c695b84f9f661a050a5cd04d9c5c2ffc7bc59f73
OTM3_NEXT3_K3M2,2026-03-10,2026-02-17,2026-03-04T10:00:00+05:30,2026-03-09T14:00:00+05:30,24325.8,24450.0,24600.0,24750.0,264.05,194.15,137.9,139.8,2.0,0.013590844062947107,USABLE_OHLC,upstox_intraday/NIFTY/NIFTY_2026.parquet,bae9943b2fa99ee9c1214fb7c695b84f9f661a050a5cd04d9c5c2ffc7bc59f73
OTM3_NEXT3_K3M2.5,2026-03-10,2026-02-17,2026-03-04T10:00:00+05:30,2026-03-09T14:00:00+05:30,24325.8,24450.0,24600.0,24650.0,264.05,194.15,173.8,174.75,2.5,0.0054363376251787615,USABLE_OHLC,upstox_intraday/NIFTY/NIFTY_2026.parquet,bae9943b2fa99ee9c1214fb7c695b84f9f661a050a5cd04d9c5c2ffc7bc59f73
OTM3_NEXT3_K3M3,2026-03-10,2026-02-17,2026-03-04T10:00:00+05:30,2026-03-09T14:00:00+05:30,24325.8,24450.0,24600.0,24650.0,264.05,194.15,173.8,209.70000000000002,3.0,0.17119694802098237,USABLE_OHLC,upstox_intraday/NIFTY/NIFTY_2026.parquet,bae9943b2fa99ee9c1214fb7c695b84f9f661a050a5cd04d9c5c2ffc7bc59f73
OTM3_NEXT3_K3M4,2026-03-10,2026-02-17,2026-03-04T10:00:00+05:30,2026-03-09T14:00:00+05:30,24325.8,24450.0,24600.0,24650.0,264.05,194.15,173.8,279.6,4.0,0.37839771101573677,USABLE_OHLC,upstox_intraday/NIFTY/NIFTY_2026.parquet,bae9943b2fa99ee9c1214fb7c695b84f9f661a050a5cd04d9c5c2ffc7bc59f73
OTM3_MIRROR_GAP_K3M0.5,2026-03-10,2026-02-17,2026-03-04T10:00:00+05:30,2026-03-09T14:00:00+05:30,24325.8,24450.0,24550.0,25450.0,264.05,215.75,22.75,24.150000000000006,0.5,0.057971014492753846,USABLE_OHLC,upstox_intraday/NIFTY/NIFTY_2026.parquet,bae9943b2fa99ee9c1214fb7c695b84f9f661a050a5cd04d9c5c2ffc7bc59f73
OTM3_MIRROR_GAP_K3M1,2026-03-10,2026-02-17,2026-03-04T10:00:00+05:30,2026-03-09T14:00:00+05:30,24325.8,24450.0,24550.0,25150.0,264.05,215.75,49.3,48.30000000000001,1.0,0.02070393374741171,USABLE_OHLC,upstox_intraday/NIFTY/NIFTY_2026.parquet,bae9943b2fa99ee9c1214fb7c695b84f9f661a050a5cd04d9c5c2ffc7bc59f73
OTM3_MIRROR_GAP_K3M1.5,2026-03-10,2026-02-17,2026-03-04T10:00:00+05:30,2026-03-09T14:00:00+05:30,24325.8,24450.0,24550.0,25000.0,264.05,215.75,72.95,72.45000000000002,1.5,0.006901311249137138,USABLE_OHLC,upstox_intraday/NIFTY/NIFTY_2026.parquet,bae9943b2fa99ee9c1214fb7c695b84f9f661a050a5cd04d9c5c2ffc7bc59f73
OTM3_MIRROR_GAP_K3M2,2026-03-10,2026-02-17,2026-03-04T10:00:00+05:30,2026-03-09T14:00:00+05:30,24325.8,24450.0,24550.0,24900.0,264.05,215.75,95.2,96.60000000000002,2.0,0.014492753623188609,USABLE_OHLC,upstox_intraday/NIFTY/NIFTY_2026.parquet,bae9943b2fa99ee9c1214fb7c695b84f9f661a050a5cd04d9c5c2ffc7bc59f73
OTM3_MIRROR_GAP_K3M2.5,2026-03-10,2026-02-17,2026-03-04T10:00:00+05:30,2026-03-09T14:00:00+05:30,24325.8,24450.0,24550.0,24800.0,264.05,215.75,121.9,120.75000000000003,2.5,0.009523809523809334,USABLE_OHLC,upstox_intraday/NIFTY/NIFTY_2026.parquet,bae9943b2fa99ee9c1214fb7c695b84f9f661a050a5cd04d9c5c2ffc7bc59f73
OTM3_MIRROR_GAP_K3M3,2026-03-10,2026-02-17,2026-03-04T10:00:00+05:30,2026-03-09T14:00:00+05:30,24325.8,24450.0,24550.0,24750.0,264.05,215.75,137.9,144.90000000000003,3.0,0.04830917874396154,USABLE_OHLC,upstox_intraday/NIFTY/NIFTY_2026.parquet,bae9943b2fa99ee9c1214fb7c695b84f9f661a050a5cd04d9c5c2ffc7bc59f73
OTM3_MIRROR_GAP_K3M4,2026-03-10,2026-02-17,2026-03-04T10:00:00+05:30,2026-03-09T14:00:00+05:30,24325.8,24450.0,24550.0,24600.0,264.05,215.75,194.15,193.20000000000005,4.0,0.004917184265010145,USABLE_OHLC,upstox_intraday/NIFTY/NIFTY_2026.parquet,bae9943b2fa99ee9c1214fb7c695b84f9f661a050a5cd04d9c5c2ffc7bc59f73
ATM_NEAREST_NEXT1_K3M0.5,2026-03-10,2026-02-17,2026-03-04T10:00:00+05:30,2026-03-09T14:00:00+05:30,24325.8,24350.0,24400.0,25650.0,318.0,290.05,14.25,13.974999999999994,0.5,0.019677996422182882,USABLE_OHLC,upstox_intraday/NIFTY/NIFTY_2026.parquet,bae9943b2fa99ee9c1214fb7c695b84f9f661a050a5cd04d9c5c2ffc7bc59f73
ATM_NEAREST_NEXT1_K3M1,2026-03-10,2026-02-17,2026-03-04T10:00:00+05:30,2026-03-09T14:00:00+05:30,24325.8,24350.0,24400.0,25350.0,318.0,290.05,29.2,27.94999999999999,1.0,0.04472271914132419,USABLE_OHLC,upstox_intraday/NIFTY/NIFTY_2026.parquet,bae9943b2fa99ee9c1214fb7c695b84f9f661a050a5cd04d9c5c2ffc7bc59f73
ATM_NEAREST_NEXT1_K3M1.5,2026-03-10,2026-02-17,2026-03-04T10:00:00+05:30,2026-03-09T14:00:00+05:30,24325.8,24350.0,24400.0,25200.0,318.0,290.05,43.15,41.92499999999998,1.5,0.029218843172331928,USABLE_OHLC,upstox_intraday/NIFTY/NIFTY_2026.parquet,bae9943b2fa99ee9c1214fb7c695b84f9f661a050a5cd04d9c5c2ffc7bc59f73
ATM_NEAREST_NEXT1_K3M2,2026-03-10,2026-02-17,2026-03-04T10:00:00+05:30,2026-03-09T14:00:00+05:30,24325.8,24350.0,24400.0,25100.0,318.0,290.05,56.25,55.89999999999998,2.0,0.006261180679785741,USABLE_OHLC,upstox_intraday/NIFTY/NIFTY_2026.parquet,bae9943b2fa99ee9c1214fb7c695b84f9f661a050a5cd04d9c5c2ffc7bc59f73
ATM_NEAREST_NEXT1_K3M2.5,2026-03-10,2026-02-17,2026-03-04T10:00:00+05:30,2026-03-09T14:00:00+05:30,24325.8,24350.0,24400.0,25000.0,318.0,290.05,72.95,69.87499999999997,2.5,0.04400715563506308,USABLE_OHLC,upstox_intraday/NIFTY/NIFTY_2026.parquet,bae9943b2fa99ee9c1214fb7c695b84f9f661a050a5cd04d9c5c2ffc7bc59f73
ATM_NEAREST_NEXT1_K3M3,2026-03-10,2026-02-17,2026-03-04T10:00:00+05:30,2026-03-09T14:00:00+05:30,24325.8,24350.0,24400.0,24950.0,318.0,290.05,83.5,83.84999999999997,3.0,0.0041741204531898154,USABLE_OHLC,upstox_intraday/NIFTY/NIFTY_2026.parquet,bae9943b2fa99ee9c1214fb7c695b84f9f661a050a5cd04d9c5c2ffc7bc59f73
ATM_NEAREST_NEXT1_K3M4,2026-03-10,2026-02-17,2026-03-04T10:00:00+05:30,2026-03-09T14:00:00+05:30,24325.8,24350.0,24400.0,24850.0,318.0,290.05,107.8,111.79999999999995,4.0,0.035778175313058665,USABLE_OHLC,upstox_intraday/NIFTY/NIFTY_2026.parquet,bae9943b2fa99ee9c1214fb7c695b84f9f661a050a5cd04d9c5c2ffc7bc59f73
ATM_NEAREST_NEXT2_K3M0.5,2026-03-10,2026-02-17,2026-03-04T10:00:00+05:30,2026-03-09T14:00:00+05:30,24325.8,24350.0,24450.0,25400.0,318.0,264.05,25.65,26.974999999999994,0.5,0.049119555143651385,USABLE_OHLC,upstox_intraday/NIFTY/NIFTY_2026.parquet,bae9943b2fa99ee9c1214fb7c695b84f9f661a050a5cd04d9c5c2ffc7bc59f73
ATM_NEAREST_NEXT2_K3M1,2026-03-10,2026-02-17,2026-03-04T10:00:00+05:30,2026-03-09T14:00:00+05:30,24325.8,24350.0,24450.0,25100.0,318.0,264.05,56.25,53.94999999999999,1.0,0.04263206672845249,USABLE_OHLC,upstox_intraday/NIFTY/NIFTY_2026.parquet,bae9943b2fa99ee9c1214fb7c695b84f9f661a050a5cd04d9c5c2ffc7bc59f73
ATM_NEAREST_NEXT2_K3M1.5,2026-03-10,2026-02-17,2026-03-04T10:00:00+05:30,2026-03-09T14:00:00+05:30,24325.8,24350.0,24450.0,24950.0,318.0,264.05,83.5,80.92499999999998,1.5,0.031819586036453726,USABLE_OHLC,upstox_intraday/NIFTY/NIFTY_2026.parquet,bae9943b2fa99ee9c1214fb7c695b84f9f661a050a5cd04d9c5c2ffc7bc59f73
ATM_NEAREST_NEXT2_K3M2,2026-03-10,2026-02-17,2026-03-04T10:00:00+05:30,2026-03-09T14:00:00+05:30,24325.8,24350.0,24450.0,24850.0,318.0,264.05,107.8,107.89999999999998,2.0,0.0009267840593139956,USABLE_OHLC,upstox_intraday/NIFTY/NIFTY_2026.parquet,bae9943b2fa99ee9c1214fb7c695b84f9f661a050a5cd04d9c5c2ffc7bc59f73
ATM_NEAREST_NEXT2_K3M2.5,2026-03-10,2026-02-17,2026-03-04T10:00:00+05:30,2026-03-09T14:00:00+05:30,24325.8,24350.0,24450.0,24750.0,318.0,264.05,137.9,134.87499999999997,2.5,0.022428174235403407,USABLE_OHLC,upstox_intraday/NIFTY/NIFTY_2026.parquet,bae9943b2fa99ee9c1214fb7c695b84f9f661a050a5cd04d9c5c2ffc7bc59f73
ATM_NEAREST_NEXT2_K3M3,2026-03-10,2026-02-17,2026-03-04T10:00:00+05:30,2026-03-09T14:00:00+05:30,24325.8,24350.0,24450.0,24700.0,318.0,264.05,155.0,161.84999999999997,3.0,0.04232313870868067,USABLE_OHLC,upstox_intraday/NIFTY/NIFTY_2026.parquet,bae9943b2fa99ee9c1214fb7c695b84f9f661a050a5cd04d9c5c2ffc7bc59f73
ATM_NEAREST_NEXT2_K3M4,2026-03-10,2026-02-17,2026-03-04T10:00:00+05:30,2026-03-09T14:00:00+05:30,24325.8,24350.0,24450.0,24550.0,318.0,264.05,215.75,215.79999999999995,4.0,0.00023169601482833427,USABLE_OHLC,upstox_intraday/NIFTY/NIFTY_2026.parquet,bae9943b2fa99ee9c1214fb7c695b84f9f661a050a5cd04d9c5c2ffc7bc59f73
ATM_NEAREST_NEXT3_K3M0.5,2026-03-10,2026-02-17,2026-03-04T10:00:00+05:30,2026-03-09T14:00:00+05:30,24325.8,24350.0,24500.0,25250.0,318.0,239.25,37.9,39.375,0.5,0.0374603174603175,USABLE_OHLC,upstox_intraday/NIFTY/NIFTY_2026.parquet,bae9943b2fa99ee9c1214fb7c695b84f9f661a050a5cd04d9c5c2ffc7bc59f73
ATM_NEAREST_NEXT3_K3M1,2026-03-10,2026-02-17,2026-03-04T10:00:00+05:30,2026-03-09T14:00:00+05:30,24325.8,24350.0,24500.0,24950.0,318.0,239.25,83.5,78.75,1.0,0.06031746031746032,USABLE_OHLC,upstox_intraday/NIFTY/NIFTY_2026.parquet,bae9943b2fa99ee9c1214fb7c695b84f9f661a050a5cd04d9c5c2ffc7bc59f73
ATM_NEAREST_NEXT3_K3M1.5,2026-03-10,2026-02-17,2026-03-04T10:00:00+05:30,2026-03-09T14:00:00+05:30,24325.8,24350.0,24500.0,24800.0,318.0,239.25,121.9,118.125,1.5,0.031957671957672004,USABLE_OHLC,upstox_intraday/NIFTY/NIFTY_2026.parquet,bae9943b2fa99ee9c1214fb7c695b84f9f661a050a5cd04d9c5c2ffc7bc59f73
ATM_NEAREST_NEXT3_K3M2,2026-03-10,2026-02-17,2026-03-04T10:00:00+05:30,2026-03-09T14:00:00+05:30,24325.8,24350.0,24500.0,24700.0,318.0,239.25,155.0,157.5,2.0,0.015873015873015872,USABLE_OHLC,upstox_intraday/NIFTY/NIFTY_2026.parquet,bae9943b2fa99ee9c1214fb7c695b84f9f661a050a5cd04d9c5c2ffc7bc59f73
ATM_NEAREST_NEXT3_K3M2.5,2026-03-10,2026-02-17,2026-03-04T10:00:00+05:30,2026-03-09T14:00:00+05:30,24325.8,24350.0,24500.0,24600.0,318.0,239.25,194.15,196.875,2.5,0.013841269841269812,USABLE_OHLC,upstox_intraday/NIFTY/NIFTY_2026.parquet,bae9943b2fa99ee9c1214fb7c695b84f9f661a050a5cd04d9c5c2ffc7bc59f73
ATM_NEAREST_NEXT3_K3M3,2026-03-10,2026-02-17,2026-03-04T10:00:00+05:30,2026-03-09T14:00:00+05:30,24325.8,24350.0,24500.0,24550.0,318.0,239.25,215.75,236.25,3.0,0.08677248677248678,USABLE_OHLC,upstox_intraday/NIFTY/NIFTY_2026.parquet,bae9943b2fa99ee9c1214fb7c695b84f9f661a050a5cd04d9c5c2ffc7bc59f73
ATM_NEAREST_NEXT3_K3M4,2026-03-10,2026-02-17,2026-03-04T10:00:00+05:30,2026-03-09T14:00:00+05:30,24325.8,24350.0,24500.0,24550.0,318.0,239.25,215.75,315.0,4.0,0.31507936507936507,USABLE_OHLC,upstox_intraday/NIFTY/NIFTY_2026.parquet,bae9943b2fa99ee9c1214fb7c695b84f9f661a050a5cd04d9c5c2ffc7bc59f73
ATM_NEAREST_MIRROR_GAP_K3M0.5,2026-03-10,2026-02-17,2026-03-04T10:00:00+05:30,2026-03-09T14:00:00+05:30,24325.8,24350.0,24400.0,25650.0,318.0,290.05,14.25,13.974999999999994,0.5,0.019677996422182882,USABLE_OHLC,upstox_intraday/NIFTY/NIFTY_2026.parquet,bae9943b2fa99ee9c1214fb7c695b84f9f661a050a5cd04d9c5c2ffc7bc59f73
ATM_NEAREST_MIRROR_GAP_K3M1,2026-03-10,2026-02-17,2026-03-04T10:00:00+05:30,2026-03-09T14:00:00+05:30,24325.8,24350.0,24400.0,25350.0,318.0,290.05,29.2,27.94999999999999,1.0,0.04472271914132419,USABLE_OHLC,upstox_intraday/NIFTY/NIFTY_2026.parquet,bae9943b2fa99ee9c1214fb7c695b84f9f661a050a5cd04d9c5c2ffc7bc59f73
ATM_NEAREST_MIRROR_GAP_K3M1.5,2026-03-10,2026-02-17,2026-03-04T10:00:00+05:30,2026-03-09T14:00:00+05:30,24325.8,24350.0,24400.0,25200.0,318.0,290.05,43.15,41.92499999999998,1.5,0.029218843172331928,USABLE_OHLC,upstox_intraday/NIFTY/NIFTY_2026.parquet,bae9943b2fa99ee9c1214fb7c695b84f9f661a050a5cd04d9c5c2ffc7bc59f73
ATM_NEAREST_MIRROR_GAP_K3M2,2026-03-10,2026-02-17,2026-03-04T10:00:00+05:30,2026-03-09T14:00:00+05:30,24325.8,24350.0,24400.0,25100.0,318.0,290.05,56.25,55.89999999999998,2.0,0.006261180679785741,USABLE_OHLC,upstox_intraday/NIFTY/NIFTY_2026.parquet,bae9943b2fa99ee9c1214fb7c695b84f9f661a050a5cd04d9c5c2ffc7bc59f73
ATM_NEAREST_MIRROR_GAP_K3M2.5,2026-03-10,2026-02-17,2026-03-04T10:00:00+05:30,2026-03-09T14:00:00+05:30,24325.8,24350.0,24400.0,25000.0,318.0,290.05,72.95,69.87499999999997,2.5,0.04400715563506308,USABLE_OHLC,upstox_intraday/NIFTY/NIFTY_2026.parquet,bae9943b2fa99ee9c1214fb7c695b84f9f661a050a5cd04d9c5c2ffc7bc59f73
ATM_NEAREST_MIRROR_GAP_K3M3,2026-03-10,2026-02-17,2026-03-04T10:00:00+05:30,2026-03-09T14:00:00+05:30,24325.8,24350.0,24400.0,24950.0,318.0,290.05,83.5,83.84999999999997,3.0,0.0041741204531898154,USABLE_OHLC,upstox_intraday/NIFTY/NIFTY_2026.parquet,bae9943b2fa99ee9c1214fb7c695b84f9f661a050a5cd04d9c5c2ffc7bc59f73
ATM_NEAREST_MIRROR_GAP_K3M4,2026-03-10,2026-02-17,2026-03-04T10:00:00+05:30,2026-03-09T14:00:00+05:30,24325.8,24350.0,24400.0,24850.0,318.0,290.05,107.8,111.79999999999995,4.0,0.035778175313058665,USABLE_OHLC,upstox_intraday/NIFTY/NIFTY_2026.parquet,bae9943b2fa99ee9c1214fb7c695b84f9f661a050a5cd04d9c5c2ffc7bc59f73
ATM_UP_NEXT1_K3M0.5,2026-03-10,2026-02-17,2026-03-04T10:00:00+05:30,2026-03-09T14:00:00+05:30,24325.8,24350.0,24400.0,25650.0,318.0,290.05,14.25,13.974999999999994,0.5,0.019677996422182882,USABLE_OHLC,upstox_intraday/NIFTY/NIFTY_2026.parquet,bae9943b2fa99ee9c1214fb7c695b84f9f661a050a5cd04d9c5c2ffc7bc59f73
ATM_UP_NEXT1_K3M1,2026-03-10,2026-02-17,2026-03-04T10:00:00+05:30,2026-03-09T14:00:00+05:30,24325.8,24350.0,24400.0,25350.0,318.0,290.05,29.2,27.94999999999999,1.0,0.04472271914132419,USABLE_OHLC,upstox_intraday/NIFTY/NIFTY_2026.parquet,bae9943b2fa99ee9c1214fb7c695b84f9f661a050a5cd04d9c5c2ffc7bc59f73
ATM_UP_NEXT1_K3M1.5,2026-03-10,2026-02-17,2026-03-04T10:00:00+05:30,2026-03-09T14:00:00+05:30,24325.8,24350.0,24400.0,25200.0,318.0,290.05,43.15,41.92499999999998,1.5,0.029218843172331928,USABLE_OHLC,upstox_intraday/NIFTY/NIFTY_2026.parquet,bae9943b2fa99ee9c1214fb7c695b84f9f661a050a5cd04d9c5c2ffc7bc59f73
ATM_UP_NEXT1_K3M2,2026-03-10,2026-02-17,2026-03-04T10:00:00+05:30,2026-03-09T14:00:00+05:30,24325.8,24350.0,24400.0,25100.0,318.0,290.05,56.25,55.89999999999998,2.0,0.006261180679785741,USABLE_OHLC,upstox_intraday/NIFTY/NIFTY_2026.parquet,bae9943b2fa99ee9c1214fb7c695b84f9f661a050a5cd04d9c5c2ffc7bc59f73
ATM_UP_NEXT1_K3M2.5,2026-03-10,2026-02-17,2026-03-04T10:00:00+05:30,2026-03-09T14:00:00+05:30,24325.8,24350.0,24400.0,25000.0,318.0,290.05,72.95,69.87499999999997,2.5,0.04400715563506308,USABLE_OHLC,upstox_intraday/NIFTY/NIFTY_2026.parquet,bae9943b2fa99ee9c1214fb7c695b84f9f661a050a5cd04d9c5c2ffc7bc59f73
ATM_UP_NEXT1_K3M3,2026-03-10,2026-02-17,2026-03-04T10:00:00+05:30,2026-03-09T14:00:00+05:30,24325.8,24350.0,24400.0,24950.0,318.0,290.05,83.5,83.84999999999997,3.0,0.0041741204531898154,USABLE_OHLC,upstox_intraday/NIFTY/NIFTY_2026.parquet,bae9943b2fa99ee9c1214fb7c695b84f9f661a050a5cd04d9c5c2ffc7bc59f73
ATM_UP_NEXT1_K3M4,2026-03-10,2026-02-17,2026-03-04T10:00:00+05:30,2026-03-09T14:00:00+05:30,24325.8,24350.0,24400.0,24850.0,318.0,290.05,107.8,111.79999999999995,4.0,0.035778175313058665,USABLE_OHLC,upstox_intraday/NIFTY/NIFTY_2026.parquet,bae9943b2fa99ee9c1214fb7c695b84f9f661a050a5cd04d9c5c2ffc7bc59f73
ATM_UP_NEXT2_K3M0.5,2026-03-10,2026-02-17,2026-03-04T10:00:00+05:30,2026-03-09T14:00:00+05:30,24325.8,24350.0,24450.0,25400.0,318.0,264.05,25.65,26.974999999999994,0.5,0.049119555143651385,USABLE_OHLC,upstox_intraday/NIFTY/NIFTY_2026.parquet,bae9943b2fa99ee9c1214fb7c695b84f9f661a050a5cd04d9c5c2ffc7bc59f73
ATM_UP_NEXT2_K3M1,2026-03-10,2026-02-17,2026-03-04T10:00:00+05:30,2026-03-09T14:00:00+05:30,24325.8,24350.0,24450.0,25100.0,318.0,264.05,56.25,53.94999999999999,1.0,0.04263206672845249,USABLE_OHLC,upstox_intraday/NIFTY/NIFTY_2026.parquet,bae9943b2fa99ee9c1214fb7c695b84f9f661a050a5cd04d9c5c2ffc7bc59f73
ATM_UP_NEXT2_K3M1.5,2026-03-10,2026-02-17,2026-03-04T10:00:00+05:30,2026-03-09T14:00:00+05:30,24325.8,24350.0,24450.0,24950.0,318.0,264.05,83.5,80.92499999999998,1.5,0.031819586036453726,USABLE_OHLC,upstox_intraday/NIFTY/NIFTY_2026.parquet,bae9943b2fa99ee9c1214fb7c695b84f9f661a050a5cd04d9c5c2ffc7bc59f73
ATM_UP_NEXT2_K3M2,2026-03-10,2026-02-17,2026-03-04T10:00:00+05:30,2026-03-09T14:00:00+05:30,24325.8,24350.0,24450.0,24850.0,318.0,264.05,107.8,107.89999999999998,2.0,0.0009267840593139956,USABLE_OHLC,upstox_intraday/NIFTY/NIFTY_2026.parquet,bae9943b2fa99ee9c1214fb7c695b84f9f661a050a5cd04d9c5c2ffc7bc59f73
ATM_UP_NEXT2_K3M2.5,2026-03-10,2026-02-17,2026-03-04T10:00:00+05:30,2026-03-09T14:00:00+05:30,24325.8,24350.0,24450.0,24750.0,318.0,264.05,137.9,134.87499999999997,2.5,0.022428174235403407,USABLE_OHLC,upstox_intraday/NIFTY/NIFTY_2026.parquet,bae9943b2fa99ee9c1214fb7c695b84f9f661a050a5cd04d9c5c2ffc7bc59f73
ATM_UP_NEXT2_K3M3,2026-03-10,2026-02-17,2026-03-04T10:00:00+05:30,2026-03-09T14:00:00+05:30,24325.8,24350.0,24450.0,24700.0,318.0,264.05,155.0,161.84999999999997,3.0,0.04232313870868067,USABLE_OHLC,upstox_intraday/NIFTY/NIFTY_2026.parquet,bae9943b2fa99ee9c1214fb7c695b84f9f661a050a5cd04d9c5c2ffc7bc59f73
ATM_UP_NEXT2_K3M4,2026-03-10,2026-02-17,2026-03-04T10:00:00+05:30,2026-03-09T14:00:00+05:30,24325.8,24350.0,24450.0,24550.0,318.0,264.05,215.75,215.79999999999995,4.0,0.00023169601482833427,USABLE_OHLC,upstox_intraday/NIFTY/NIFTY_2026.parquet,bae9943b2fa99ee9c1214fb7c695b84f9f661a050a5cd04d9c5c2ffc7bc59f73
ATM_UP_NEXT3_K3M0.5,2026-03-10,2026-02-17,2026-03-04T10:00:00+05:30,2026-03-09T14:00:00+05:30,24325.8,24350.0,24500.0,25250.0,318.0,239.25,37.9,39.375,0.5,0.0374603174603175,USABLE_OHLC,upstox_intraday/NIFTY/NIFTY_2026.parquet,bae9943b2fa99ee9c1214fb7c695b84f9f661a050a5cd04d9c5c2ffc7bc59f73
ATM_UP_NEXT3_K3M1,2026-03-10,2026-02-17,2026-03-04T10:00:00+05:30,2026-03-09T14:00:00+05:30,24325.8,24350.0,24500.0,24950.0,318.0,239.25,83.5,78.75,1.0,0.06031746031746032,USABLE_OHLC,upstox_intraday/NIFTY/NIFTY_2026.parquet,bae9943b2fa99ee9c1214fb7c695b84f9f661a050a5cd04d9c5c2ffc7bc59f73
ATM_UP_NEXT3_K3M1.5,2026-03-10,2026-02-17,2026-03-04T10:00:00+05:30,2026-03-09T14:00:00+05:30,24325.8,24350.0,24500.0,24800.0,318.0,239.25,121.9,118.125,1.5,0.031957671957672004,USABLE_OHLC,upstox_intraday/NIFTY/NIFTY_2026.parquet,bae9943b2fa99ee9c1214fb7c695b84f9f661a050a5cd04d9c5c2ffc7bc59f73
ATM_UP_NEXT3_K3M2,2026-03-10,2026-02-17,2026-03-04T10:00:00+05:30,2026-03-09T14:00:00+05:30,24325.8,24350.0,24500.0,24700.0,318.0,239.25,155.0,157.5,2.0,0.015873015873015872,USABLE_OHLC,upstox_intraday/NIFTY/NIFTY_2026.parquet,bae9943b2fa99ee9c1214fb7c695b84f9f661a050a5cd04d9c5c2ffc7bc59f73
ATM_UP_NEXT3_K3M2.5,2026-03-10,2026-02-17,2026-03-04T10:00:00+05:30,2026-03-09T14:00:00+05:30,24325.8,24350.0,24500.0,24600.0,318.0,239.25,194.15,196.875,2.5,0.013841269841269812,USABLE_OHLC,upstox_intraday/NIFTY/NIFTY_2026.parquet,bae9943b2fa99ee9c1214fb7c695b84f9f661a050a5cd04d9c5c2ffc7bc59f73
ATM_UP_NEXT3_K3M3,2026-03-10,2026-02-17,2026-03-04T10:00:00+05:30,2026-03-09T14:00:00+05:30,24325.8,24350.0,24500.0,24550.0,318.0,239.25,215.75,236.25,3.0,0.08677248677248678,USABLE_OHLC,upstox_intraday/NIFTY/NIFTY_2026.parquet,bae9943b2fa99ee9c1214fb7c695b84f9f661a050a5cd04d9c5c2ffc7bc59f73
ATM_UP_NEXT3_K3M4,2026-03-10,2026-02-17,2026-03-04T10:00:00+05:30,2026-03-09T14:00:00+05:30,24325.8,24350.0,24500.0,24550.0,318.0,239.25,215.75,315.0,4.0,0.31507936507936507,USABLE_OHLC,upstox_intraday/NIFTY/NIFTY_2026.parquet,bae9943b2fa99ee9c1214fb7c695b84f9f661a050a5cd04d9c5c2ffc7bc59f73
ATM_UP_MIRROR_GAP_K3M0.5,2026-03-10,2026-02-17,2026-03-04T10:00:00+05:30,2026-03-09T14:00:00+05:30,24325.8,24350.0,24400.0,25650.0,318.0,290.05,14.25,13.974999999999994,0.5,0.019677996422182882,USABLE_OHLC,upstox_intraday/NIFTY/NIFTY_2026.parquet,bae9943b2fa99ee9c1214fb7c695b84f9f661a050a5cd04d9c5c2ffc7bc59f73
ATM_UP_MIRROR_GAP_K3M1,2026-03-10,2026-02-17,2026-03-04T10:00:00+05:30,2026-03-09T14:00:00+05:30,24325.8,24350.0,24400.0,25350.0,318.0,290.05,29.2,27.94999999999999,1.0,0.04472271914132419,USABLE_OHLC,upstox_intraday/NIFTY/NIFTY_2026.parquet,bae9943b2fa99ee9c1214fb7c695b84f9f661a050a5cd04d9c5c2ffc7bc59f73
ATM_UP_MIRROR_GAP_K3M1.5,2026-03-10,2026-02-17,2026-03-04T10:00:00+05:30,2026-03-09T14:00:00+05:30,24325.8,24350.0,24400.0,25200.0,318.0,290.05,43.15,41.92499999999998,1.5,0.029218843172331928,USABLE_OHLC,upstox_intraday/NIFTY/NIFTY_2026.parquet,bae9943b2fa99ee9c1214fb7c695b84f9f661a050a5cd04d9c5c2ffc7bc59f73
ATM_UP_MIRROR_GAP_K3M2,2026-03-10,2026-02-17,2026-03-04T10:00:00+05:30,2026-03-09T14:00:00+05:30,24325.8,24350.0,24400.0,25100.0,318.0,290.05,56.25,55.89999999999998,2.0,0.006261180679785741,USABLE_OHLC,upstox_intraday/NIFTY/NIFTY_2026.parquet,bae9943b2fa99ee9c1214fb7c695b84f9f661a050a5cd04d9c5c2ffc7bc59f73
ATM_UP_MIRROR_GAP_K3M2.5,2026-03-10,2026-02-17,2026-03-04T10:00:00+05:30,2026-03-09T14:00:00+05:30,24325.8,24350.0,24400.0,25000.0,318.0,290.05,72.95,69.87499999999997,2.5,0.04400715563506308,USABLE_OHLC,upstox_intraday/NIFTY/NIFTY_2026.parquet,bae9943b2fa99ee9c1214fb7c695b84f9f661a050a5cd04d9c5c2ffc7bc59f73
ATM_UP_MIRROR_GAP_K3M3,2026-03-10,2026-02-17,2026-03-04T10:00:00+05:30,2026-03-09T14:00:00+05:30,24325.8,24350.0,24400.0,24950.0,318.0,290.05,83.5,83.84999999999997,3.0,0.0041741204531898154,USABLE_OHLC,upstox_intraday/NIFTY/NIFTY_2026.parquet,bae9943b2fa99ee9c1214fb7c695b84f9f661a050a5cd04d9c5c2ffc7bc59f73
ATM_UP_MIRROR_GAP_K3M4,2026-03-10,2026-02-17,2026-03-04T10:00:00+05:30,2026-03-09T14:00:00+05:30,24325.8,24350.0,24400.0,24850.0,318.0,290.05,107.8,111.79999999999995,4.0,0.035778175313058665,USABLE_OHLC,upstox_intraday/NIFTY/NIFTY_2026.parquet,bae9943b2fa99ee9c1214fb7c695b84f9f661a050a5cd04d9c5c2ffc7bc59f73
ITM1_NEXT1_K3M0.5,2026-03-10,2026-02-17,2026-03-04T10:00:00+05:30,2026-03-09T14:00:00+05:30,24325.8,24300.0,24350.0,25600.0,348.15,318.0,15.8,15.074999999999989,0.5,0.04809286898839221,USABLE_OHLC,upstox_intraday/NIFTY/NIFTY_2026.parquet,bae9943b2fa99ee9c1214fb7c695b84f9f661a050a5cd04d9c5c2ffc7bc59f73
ITM1_NEXT1_K3M1,2026-03-10,2026-02-17,2026-03-04T10:00:00+05:30,2026-03-09T14:00:00+05:30,24325.8,24300.0,24350.0,25350.0,348.15,318.0,29.2,30.149999999999977,1.0,0.03150912106135916,USABLE_OHLC,upstox_intraday/NIFTY/NIFTY_2026.parquet,bae9943b2fa99ee9c1214fb7c695b84f9f661a050a5cd04d9c5c2ffc7bc59f73
ITM1_NEXT1_K3M1.5,2026-03-10,2026-02-17,2026-03-04T10:00:00+05:30,2026-03-09T14:00:00+05:30,24325.8,24300.0,24350.0,25200.0,348.15,318.0,43.15,45.224999999999966,1.5,0.04588170259811982,USABLE_OHLC,upstox_intraday/NIFTY/NIFTY_2026.parquet,bae9943b2fa99ee9c1214fb7c695b84f9f661a050a5cd04d9c5c2ffc7bc59f73
ITM1_NEXT1_K3M2,2026-03-10,2026-02-17,2026-03-04T10:00:00+05:30,2026-03-09T14:00:00+05:30,24325.8,24300.0,24350.0,25050.0,348.15,318.0,64.25,60.299999999999955,2.0,0.06550580431177526,USABLE_OHLC,upstox_intraday/NIFTY/NIFTY_2026.parquet,bae9943b2fa99ee9c1214fb7c695b84f9f661a050a5cd04d9c5c2ffc7bc59f73
ITM1_NEXT1_K3M2.5,2026-03-10,2026-02-17,2026-03-04T10:00:00+05:30,2026-03-09T14:00:00+05:30,24325.8,24300.0,24350.0,25000.0,348.15,318.0,72.95,75.37499999999994,2.5,0.03217247097844036,USABLE_OHLC,upstox_intraday/NIFTY/NIFTY_2026.parquet,bae9943b2fa99ee9c1214fb7c695b84f9f661a050a5cd04d9c5c2ffc7bc59f73
ITM1_NEXT1_K3M3,2026-03-10,2026-02-17,2026-03-04T10:00:00+05:30,2026-03-09T14:00:00+05:30,24325.8,24300.0,24350.0,24900.0,348.15,318.0,95.2,90.44999999999993,3.0,0.052515201768933935,USABLE_OHLC,upstox_intraday/NIFTY/NIFTY_2026.parquet,bae9943b2fa99ee9c1214fb7c695b84f9f661a050a5cd04d9c5c2ffc7bc59f73
ITM1_NEXT1_K3M4,2026-03-10,2026-02-17,2026-03-04T10:00:00+05:30,2026-03-09T14:00:00+05:30,24325.8,24300.0,24350.0,24800.0,348.15,318.0,121.9,120.59999999999991,4.0,0.01077943615257129,USABLE_OHLC,upstox_intraday/NIFTY/NIFTY_2026.parquet,bae9943b2fa99ee9c1214fb7c695b84f9f661a050a5cd04d9c5c2ffc7bc59f73
ITM1_NEXT2_K3M0.5,2026-03-10,2026-02-17,2026-03-04T10:00:00+05:30,2026-03-09T14:00:00+05:30,24325.8,24300.0,24400.0,25350.0,348.15,290.05,29.2,29.049999999999983,0.5,0.005163511187608139,USABLE_OHLC,upstox_intraday/NIFTY/NIFTY_2026.parquet,bae9943b2fa99ee9c1214fb7c695b84f9f661a050a5cd04d9c5c2ffc7bc59f73
ITM1_NEXT2_K3M1,2026-03-10,2026-02-17,2026-03-04T10:00:00+05:30,2026-03-09T14:00:00+05:30,24325.8,24300.0,24400.0,25100.0,348.15,290.05,56.25,58.099999999999966,1.0,0.03184165232357947,USABLE_OHLC,upstox_intraday/NIFTY/NIFTY_2026.parquet,bae9943b2fa99ee9c1214fb7c695b84f9f661a050a5cd04d9c5c2ffc7bc59f73
ITM1_NEXT2_K3M1.5,2026-03-10,2026-02-17,2026-03-04T10:00:00+05:30,2026-03-09T14:00:00+05:30,24325.8,24300.0,24400.0,24950.0,348.15,290.05,83.5,87.14999999999995,1.5,0.041881812966149755,USABLE_OHLC,upstox_intraday/NIFTY/NIFTY_2026.parquet,bae9943b2fa99ee9c1214fb7c695b84f9f661a050a5cd04d9c5c2ffc7bc59f73
ITM1_NEXT2_K3M2,2026-03-10,2026-02-17,2026-03-04T10:00:00+05:30,2026-03-09T14:00:00+05:30,24325.8,24300.0,24400.0,24800.0,348.15,290.05,121.9,116.19999999999993,2.0,0.04905335628227261,USABLE_OHLC,upstox_intraday/NIFTY/NIFTY_2026.parquet,bae9943b2fa99ee9c1214fb7c695b84f9f661a050a5cd04d9c5c2ffc7bc59f73
ITM1_NEXT2_K3M2.5,2026-03-10,2026-02-17,2026-03-04T10:00:00+05:30,2026-03-09T14:00:00+05:30,24325.8,24300.0,24400.0,24750.0,348.15,290.05,137.9,145.24999999999991,2.5,0.05060240963855362,USABLE_OHLC,upstox_intraday/NIFTY/NIFTY_2026.parquet,bae9943b2fa99ee9c1214fb7c695b84f9f661a050a5cd04d9c5c2ffc7bc59f73
ITM1_NEXT2_K3M3,2026-03-10,2026-02-17,2026-03-04T10:00:00+05:30,2026-03-09T14:00:00+05:30,24325.8,24300.0,24400.0,24650.0,348.15,290.05,173.8,174.2999999999999,3.0,0.0028686173264480014,USABLE_OHLC,upstox_intraday/NIFTY/NIFTY_2026.parquet,bae9943b2fa99ee9c1214fb7c695b84f9f661a050a5cd04d9c5c2ffc7bc59f73
ITM1_NEXT2_K3M4,2026-03-10,2026-02-17,2026-03-04T10:00:00+05:30,2026-03-09T14:00:00+05:30,24325.8,24300.0,24400.0,24500.0,348.15,290.05,239.25,232.39999999999986,4.0,0.0294750430292605,USABLE_OHLC,upstox_intraday/NIFTY/NIFTY_2026.parquet,bae9943b2fa99ee9c1214fb7c695b84f9f661a050a5cd04d9c5c2ffc7bc59f73
ITM1_NEXT3_K3M0.5,2026-03-10,2026-02-17,2026-03-04T10:00:00+05:30,2026-03-09T14:00:00+05:30,24325.8,24300.0,24450.0,25200.0,348.15,264.05,43.15,42.04999999999998,0.5,0.02615933412604081,USABLE_OHLC,upstox_intraday/NIFTY/NIFTY_2026.parquet,bae9943b2fa99ee9c1214fb7c695b84f9f661a050a5cd04d9c5c2ffc7bc59f73
ITM1_NEXT3_K3M1,2026-03-10,2026-02-17,2026-03-04T10:00:00+05:30,2026-03-09T14:00:00+05:30,24325.8,24300.0,24450.0,24950.0,348.15,264.05,83.5,84.09999999999997,1.0,0.007134363852556078,USABLE_OHLC,upstox_intraday/NIFTY/NIFTY_2026.parquet,bae9943b2fa99ee9c1214fb7c695b84f9f661a050a5cd04d9c5c2ffc7bc59f73
ITM1_NEXT3_K3M1.5,2026-03-10,2026-02-17,2026-03-04T10:00:00+05:30,2026-03-09T14:00:00+05:30,24325.8,24300.0,24450.0,24800.0,348.15,264.05,121.9,126.14999999999995,1.5,0.03369005152596072,USABLE_OHLC,upstox_intraday/NIFTY/NIFTY_2026.parquet,bae9943b2fa99ee9c1214fb7c695b84f9f661a050a5cd04d9c5c2ffc7bc59f73
ITM1_NEXT3_K3M2,2026-03-10,2026-02-17,2026-03-04T10:00:00+05:30,2026-03-09T14:00:00+05:30,24325.8,24300.0,24450.0,24650.0,348.15,264.05,173.8,168.19999999999993,2.0,0.033293697978597395,USABLE_OHLC,upstox_intraday/NIFTY/NIFTY_2026.parquet,bae9943b2fa99ee9c1214fb7c695b84f9f661a050a5cd04d9c5c2ffc7bc59f73
ITM1_NEXT3_K3M2.5,2026-03-10,2026-02-17,2026-03-04T10:00:00+05:30,2026-03-09T14:00:00+05:30,24325.8,24300.0,24450.0,24550.0,348.15,264.05,215.75,210.24999999999991,2.5,0.026159334126040844,USABLE_OHLC,upstox_intraday/NIFTY/NIFTY_2026.parquet,bae9943b2fa99ee9c1214fb7c695b84f9f661a050a5cd04d9c5c2ffc7bc59f73
ITM1_NEXT3_K3M3,2026-03-10,2026-02-17,2026-03-04T10:00:00+05:30,2026-03-09T14:00:00+05:30,24325.8,24300.0,24450.0,24500.0,348.15,264.05,239.25,252.2999999999999,3.0,0.0517241379310341,USABLE_OHLC,upstox_intraday/NIFTY/NIFTY_2026.parquet,bae9943b2fa99ee9c1214fb7c695b84f9f661a050a5cd04d9c5c2ffc7bc59f73
ITM1_NEXT3_K3M4,2026-03-10,2026-02-17,2026-03-04T10:00:00+05:30,2026-03-09T14:00:00+05:30,24325.8,24300.0,24450.0,24500.0,348.15,264.05,239.25,336.39999999999986,4.0,0.2887931034482756,USABLE_OHLC,upstox_intraday/NIFTY/NIFTY_2026.parquet,bae9943b2fa99ee9c1214fb7c695b84f9f661a050a5cd04d9c5c2ffc7bc59f73
ITM1_MIRROR_GAP_K3M0.5,2026-03-10,2026-02-17,2026-03-04T10:00:00+05:30,2026-03-09T14:00:00+05:30,24325.8,24300.0,24350.0,25600.0,348.15,318.0,15.8,15.074999999999989,0.5,0.04809286898839221,USABLE_OHLC,upstox_intraday/NIFTY/NIFTY_2026.parquet,bae9943b2fa99ee9c1214fb7c695b84f9f661a050a5cd04d9c5c2ffc7bc59f73
ITM1_MIRROR_GAP_K3M1,2026-03-10,2026-02-17,2026-03-04T10:00:00+05:30,2026-03-09T14:00:00+05:30,24325.8,24300.0,24350.0,25350.0,348.15,318.0,29.2,30.149999999999977,1.0,0.03150912106135916,USABLE_OHLC,upstox_intraday/NIFTY/NIFTY_2026.parquet,bae9943b2fa99ee9c1214fb7c695b84f9f661a050a5cd04d9c5c2ffc7bc59f73
ITM1_MIRROR_GAP_K3M1.5,2026-03-10,2026-02-17,2026-03-04T10:00:00+05:30,2026-03-09T14:00:00+05:30,24325.8,24300.0,24350.0,25200.0,348.15,318.0,43.15,45.224999999999966,1.5,0.04588170259811982,USABLE_OHLC,upstox_intraday/NIFTY/NIFTY_2026.parquet,bae9943b2fa99ee9c1214fb7c695b84f9f661a050a5cd04d9c5c2ffc7bc59f73
ITM1_MIRROR_GAP_K3M2,2026-03-10,2026-02-17,2026-03-04T10:00:00+05:30,2026-03-09T14:00:00+05:30,24325.8,24300.0,24350.0,25050.0,348.15,318.0,64.25,60.299999999999955,2.0,0.06550580431177526,USABLE_OHLC,upstox_intraday/NIFTY/NIFTY_2026.parquet,bae9943b2fa99ee9c1214fb7c695b84f9f661a050a5cd04d9c5c2ffc7bc59f73
ITM1_MIRROR_GAP_K3M2.5,2026-03-10,2026-02-17,2026-03-04T10:00:00+05:30,2026-03-09T14:00:00+05:30,24325.8,24300.0,24350.0,25000.0,348.15,318.0,72.95,75.37499999999994,2.5,0.03217247097844036,USABLE_OHLC,upstox_intraday/NIFTY/NIFTY_2026.parquet,bae9943b2fa99ee9c1214fb7c695b84f9f661a050a5cd04d9c5c2ffc7bc59f73
ITM1_MIRROR_GAP_K3M3,2026-03-10,2026-02-17,2026-03-04T10:00:00+05:30,2026-03-09T14:00:00+05:30,24325.8,24300.0,24350.0,24900.0,348.15,318.0,95.2,90.44999999999993,3.0,0.052515201768933935,USABLE_OHLC,upstox_intraday/NIFTY/NIFTY_2026.parquet,bae9943b2fa99ee9c1214fb7c695b84f9f661a050a5cd04d9c5c2ffc7bc59f73
ITM1_MIRROR_GAP_K3M4,2026-03-10,2026-02-17,2026-03-04T10:00:00+05:30,2026-03-09T14:00:00+05:30,24325.8,24300.0,24350.0,24800.0,348.15,318.0,121.9,120.59999999999991,4.0,0.01077943615257129,USABLE_OHLC,upstox_intraday/NIFTY/NIFTY_2026.parquet,bae9943b2fa99ee9c1214fb7c695b84f9f661a050a5cd04d9c5c2ffc7bc59f73
ITM2_NEXT1_K3M0.5,2026-03-10,2026-02-17,2026-03-04T10:00:00+05:30,2026-03-09T14:00:00+05:30,24325.8,24250.0,24300.0,25650.0,378.0,348.15,14.25,14.925000000000011,0.5,0.04522613065326706,USABLE_OHLC,upstox_intraday/NIFTY/NIFTY_2026.parquet,bae9943b2fa99ee9c1214fb7c695b84f9f661a050a5cd04d9c5c2ffc7bc59f73
ITM2_NEXT1_K3M1,2026-03-10,2026-02-17,2026-03-04T10:00:00+05:30,2026-03-09T14:00:00+05:30,24325.8,24250.0,24300.0,25350.0,378.0,348.15,29.2,29.850000000000023,1.0,0.021775544388610485,USABLE_OHLC,upstox_intraday/NIFTY/NIFTY_2026.parquet,bae9943b2fa99ee9c1214fb7c695b84f9f661a050a5cd04d9c5c2ffc7bc59f73
ITM2_NEXT1_K3M1.5,2026-03-10,2026-02-17,2026-03-04T10:00:00+05:30,2026-03-09T14:00:00+05:30,24325.8,24250.0,24300.0,25200.0,378.0,348.15,43.15,44.775000000000034,1.5,0.03629257398101696,USABLE_OHLC,upstox_intraday/NIFTY/NIFTY_2026.parquet,bae9943b2fa99ee9c1214fb7c695b84f9f661a050a5cd04d9c5c2ffc7bc59f73
ITM2_NEXT1_K3M2,2026-03-10,2026-02-17,2026-03-04T10:00:00+05:30,2026-03-09T14:00:00+05:30,24325.8,24250.0,24300.0,25100.0,378.0,348.15,56.25,59.700000000000045,2.0,0.057788944723618806,USABLE_OHLC,upstox_intraday/NIFTY/NIFTY_2026.parquet,bae9943b2fa99ee9c1214fb7c695b84f9f661a050a5cd04d9c5c2ffc7bc59f73
ITM2_NEXT1_K3M2.5,2026-03-10,2026-02-17,2026-03-04T10:00:00+05:30,2026-03-09T14:00:00+05:30,24325.8,24250.0,24300.0,25000.0,378.0,348.15,72.95,74.62500000000006,2.5,0.022445561139029183,USABLE_OHLC,upstox_intraday/NIFTY/NIFTY_2026.parquet,bae9943b2fa99ee9c1214fb7c695b84f9f661a050a5cd04d9c5c2ffc7bc59f73
ITM2_NEXT1_K3M3,2026-03-10,2026-02-17,2026-03-04T10:00:00+05:30,2026-03-09T14:00:00+05:30,24325.8,24250.0,24300.0,24900.0,378.0,348.15,95.2,89.55000000000007,3.0,0.06309324399776584,USABLE_OHLC,upstox_intraday/NIFTY/NIFTY_2026.parquet,bae9943b2fa99ee9c1214fb7c695b84f9f661a050a5cd04d9c5c2ffc7bc59f73
ITM2_NEXT1_K3M4,2026-03-10,2026-02-17,2026-03-04T10:00:00+05:30,2026-03-09T14:00:00+05:30,24325.8,24250.0,24300.0,24800.0,378.0,348.15,121.9,119.40000000000009,4.0,0.020938023450585534,USABLE_OHLC,upstox_intraday/NIFTY/NIFTY_2026.parquet,bae9943b2fa99ee9c1214fb7c695b84f9f661a050a5cd04d9c5c2ffc7bc59f73
ITM2_NEXT2_K3M0.5,2026-03-10,2026-02-17,2026-03-04T10:00:00+05:30,2026-03-09T14:00:00+05:30,24325.8,24250.0,24350.0,25350.0,378.0,318.0,29.2,30.0,0.5,0.02666666666666669,USABLE_OHLC,upstox_intraday/NIFTY/NIFTY_2026.parquet,bae9943b2fa99ee9c1214fb7c695b84f9f661a050a5cd04d9c5c2ffc7bc59f73
ITM2_NEXT2_K3M1,2026-03-10,2026-02-17,2026-03-04T10:00:00+05:30,2026-03-09T14:00:00+05:30,24325.8,24250.0,24350.0,25100.0,378.0,318.0,56.25,60.0,1.0,0.0625,USABLE_OHLC,upstox_intraday/NIFTY/NIFTY_2026.parquet,bae9943b2fa99ee9c1214fb7c695b84f9f661a050a5cd04d9c5c2ffc7bc59f73
ITM2_NEXT2_K3M1.5,2026-03-10,2026-02-17,2026-03-04T10:00:00+05:30,2026-03-09T14:00:00+05:30,24325.8,24250.0,24350.0,24900.0,378.0,318.0,95.2,90.0,1.5,0.05777777777777781,USABLE_OHLC,upstox_intraday/NIFTY/NIFTY_2026.parquet,bae9943b2fa99ee9c1214fb7c695b84f9f661a050a5cd04d9c5c2ffc7bc59f73
ITM2_NEXT2_K3M2,2026-03-10,2026-02-17,2026-03-04T10:00:00+05:30,2026-03-09T14:00:00+05:30,24325.8,24250.0,24350.0,24800.0,378.0,318.0,121.9,120.0,2.0,0.01583333333333338,USABLE_OHLC,upstox_intraday/NIFTY/NIFTY_2026.parquet,bae9943b2fa99ee9c1214fb7c695b84f9f661a050a5cd04d9c5c2ffc7bc59f73
ITM2_NEXT2_K3M2.5,2026-03-10,2026-02-17,2026-03-04T10:00:00+05:30,2026-03-09T14:00:00+05:30,24325.8,24250.0,24350.0,24700.0,378.0,318.0,155.0,150.0,2.5,0.03333333333333333,USABLE_OHLC,upstox_intraday/NIFTY/NIFTY_2026.parquet,bae9943b2fa99ee9c1214fb7c695b84f9f661a050a5cd04d9c5c2ffc7bc59f73
ITM2_NEXT2_K3M3,2026-03-10,2026-02-17,2026-03-04T10:00:00+05:30,2026-03-09T14:00:00+05:30,24325.8,24250.0,24350.0,24650.0,378.0,318.0,173.8,180.0,3.0,0.03444444444444438,USABLE_OHLC,upstox_intraday/NIFTY/NIFTY_2026.parquet,bae9943b2fa99ee9c1214fb7c695b84f9f661a050a5cd04d9c5c2ffc7bc59f73
ITM2_NEXT2_K3M4,2026-03-10,2026-02-17,2026-03-04T10:00:00+05:30,2026-03-09T14:00:00+05:30,24325.8,24250.0,24350.0,24500.0,378.0,318.0,239.25,240.0,4.0,0.003125,USABLE_OHLC,upstox_intraday/NIFTY/NIFTY_2026.parquet,bae9943b2fa99ee9c1214fb7c695b84f9f661a050a5cd04d9c5c2ffc7bc59f73
ITM2_NEXT3_K3M0.5,2026-03-10,2026-02-17,2026-03-04T10:00:00+05:30,2026-03-09T14:00:00+05:30,24325.8,24250.0,24400.0,25200.0,378.0,290.05,43.15,43.974999999999994,0.5,0.018760659465605362,USABLE_OHLC,upstox_intraday/NIFTY/NIFTY_2026.parquet,bae9943b2fa99ee9c1214fb7c695b84f9f661a050a5cd04d9c5c2ffc7bc59f73
ITM2_NEXT3_K3M1,2026-03-10,2026-02-17,2026-03-04T10:00:00+05:30,2026-03-09T14:00:00+05:30,24325.8,24250.0,24400.0,24950.0,378.0,290.05,83.5,87.94999999999999,1.0,0.050596930073905505,USABLE_OHLC,upstox_intraday/NIFTY/NIFTY_2026.parquet,bae9943b2fa99ee9c1214fb7c695b84f9f661a050a5cd04d9c5c2ffc7bc59f73
ITM2_NEXT3_K3M1.5,2026-03-10,2026-02-17,2026-03-04T10:00:00+05:30,2026-03-09T14:00:00+05:30,24325.8,24250.0,24400.0,24750.0,378.0,290.05,137.9,131.92499999999998,1.5,0.04529088497252245,USABLE_OHLC,upstox_intraday/NIFTY/NIFTY_2026.parquet,bae9943b2fa99ee9c1214fb7c695b84f9f661a050a5cd04d9c5c2ffc7bc59f73
ITM2_NEXT3_K3M2,2026-03-10,2026-02-17,2026-03-04T10:00:00+05:30,2026-03-09T14:00:00+05:30,24325.8,24250.0,24400.0,24650.0,378.0,290.05,173.8,175.89999999999998,2.0,0.011938601478112371,USABLE_OHLC,upstox_intraday/NIFTY/NIFTY_2026.parquet,bae9943b2fa99ee9c1214fb7c695b84f9f661a050a5cd04d9c5c2ffc7bc59f73
ITM2_NEXT3_K3M2.5,2026-03-10,2026-02-17,2026-03-04T10:00:00+05:30,2026-03-09T14:00:00+05:30,24325.8,24250.0,24400.0,24550.0,378.0,290.05,215.75,219.87499999999997,2.5,0.01876065946560533,USABLE_OHLC,upstox_intraday/NIFTY/NIFTY_2026.parquet,bae9943b2fa99ee9c1214fb7c695b84f9f661a050a5cd04d9c5c2ffc7bc59f73
ITM2_NEXT3_K3M3,2026-03-10,2026-02-17,2026-03-04T10:00:00+05:30,2026-03-09T14:00:00+05:30,24325.8,24250.0,24400.0,24450.0,378.0,290.05,264.05,263.84999999999997,3.0,0.0007580064430549384,USABLE_OHLC,upstox_intraday/NIFTY/NIFTY_2026.parquet,bae9943b2fa99ee9c1214fb7c695b84f9f661a050a5cd04d9c5c2ffc7bc59f73
ITM2_NEXT3_K3M4,2026-03-10,2026-02-17,2026-03-04T10:00:00+05:30,2026-03-09T14:00:00+05:30,24325.8,24250.0,24400.0,24450.0,378.0,290.05,264.05,351.79999999999995,4.0,0.2494314951677088,USABLE_OHLC,upstox_intraday/NIFTY/NIFTY_2026.parquet,bae9943b2fa99ee9c1214fb7c695b84f9f661a050a5cd04d9c5c2ffc7bc59f73
ITM2_MIRROR_GAP_K3M0.5,2026-03-10,2026-02-17,2026-03-04T10:00:00+05:30,2026-03-09T14:00:00+05:30,24325.8,24250.0,24350.0,25350.0,378.0,318.0,29.2,30.0,0.5,0.02666666666666669,USABLE_OHLC,upstox_intraday/NIFTY/NIFTY_2026.parquet,bae9943b2fa99ee9c1214fb7c695b84f9f661a050a5cd04d9c5c2ffc7bc59f73
ITM2_MIRROR_GAP_K3M1,2026-03-10,2026-02-17,2026-03-04T10:00:00+05:30,2026-03-09T14:00:00+05:30,24325.8,24250.0,24350.0,25100.0,378.0,318.0,56.25,60.0,1.0,0.0625,USABLE_OHLC,upstox_intraday/NIFTY/NIFTY_2026.parquet,bae9943b2fa99ee9c1214fb7c695b84f9f661a050a5cd04d9c5c2ffc7bc59f73
ITM2_MIRROR_GAP_K3M1.5,2026-03-10,2026-02-17,2026-03-04T10:00:00+05:30,2026-03-09T14:00:00+05:30,24325.8,24250.0,24350.0,24900.0,378.0,318.0,95.2,90.0,1.5,0.05777777777777781,USABLE_OHLC,upstox_intraday/NIFTY/NIFTY_2026.parquet,bae9943b2fa99ee9c1214fb7c695b84f9f661a050a5cd04d9c5c2ffc7bc59f73
ITM2_MIRROR_GAP_K3M2,2026-03-10,2026-02-17,2026-03-04T10:00:00+05:30,2026-03-09T14:00:00+05:30,24325.8,24250.0,24350.0,24800.0,378.0,318.0,121.9,120.0,2.0,0.01583333333333338,USABLE_OHLC,upstox_intraday/NIFTY/NIFTY_2026.parquet,bae9943b2fa99ee9c1214fb7c695b84f9f661a050a5cd04d9c5c2ffc7bc59f73
ITM2_MIRROR_GAP_K3M2.5,2026-03-10,2026-02-17,2026-03-04T10:00:00+05:30,2026-03-09T14:00:00+05:30,24325.8,24250.0,24350.0,24700.0,378.0,318.0,155.0,150.0,2.5,0.03333333333333333,USABLE_OHLC,upstox_intraday/NIFTY/NIFTY_2026.parquet,bae9943b2fa99ee9c1214fb7c695b84f9f661a050a5cd04d9c5c2ffc7bc59f73
ITM2_MIRROR_GAP_K3M3,2026-03-10,2026-02-17,2026-03-04T10:00:00+05:30,2026-03-09T14:00:00+05:30,24325.8,24250.0,24350.0,24650.0,378.0,318.0,173.8,180.0,3.0,0.03444444444444438,USABLE_OHLC,upstox_intraday/NIFTY/NIFTY_2026.parquet,bae9943b2fa99ee9c1214fb7c695b84f9f661a050a5cd04d9c5c2ffc7bc59f73
ITM2_MIRROR_GAP_K3M4,2026-03-10,2026-02-17,2026-03-04T10:00:00+05:30,2026-03-09T14:00:00+05:30,24325.8,24250.0,24350.0,24500.0,378.0,318.0,239.25,240.0,4.0,0.003125,USABLE_OHLC,upstox_intraday/NIFTY/NIFTY_2026.parquet,bae9943b2fa99ee9c1214fb7c695b84f9f661a050a5cd04d9c5c2ffc7bc59f73
ITM3_NEXT1_K3M0.5,2026-03-10,2026-02-17,2026-03-04T10:00:00+05:30,2026-03-09T14:00:00+05:30,24325.8,24200.0,24250.0,25600.0,410.0,378.0,15.8,16.0,0.5,0.012499999999999956,USABLE_OHLC,upstox_intraday/NIFTY/NIFTY_2026.parquet,bae9943b2fa99ee9c1214fb7c695b84f9f661a050a5cd04d9c5c2ffc7bc59f73
ITM3_NEXT1_K3M1,2026-03-10,2026-02-17,2026-03-04T10:00:00+05:30,2026-03-09T14:00:00+05:30,24325.8,24200.0,24250.0,25300.0,410.0,378.0,33.2,32.0,1.0,0.03750000000000009,USABLE_OHLC,upstox_intraday/NIFTY/NIFTY_2026.parquet,bae9943b2fa99ee9c1214fb7c695b84f9f661a050a5cd04d9c5c2ffc7bc59f73
ITM3_NEXT1_K3M1.5,2026-03-10,2026-02-17,2026-03-04T10:00:00+05:30,2026-03-09T14:00:00+05:30,24325.8,24200.0,24250.0,25150.0,410.0,378.0,49.3,48.0,1.5,0.027083333333333275,USABLE_OHLC,upstox_intraday/NIFTY/NIFTY_2026.parquet,bae9943b2fa99ee9c1214fb7c695b84f9f661a050a5cd04d9c5c2ffc7bc59f73
ITM3_NEXT1_K3M2,2026-03-10,2026-02-17,2026-03-04T10:00:00+05:30,2026-03-09T14:00:00+05:30,24325.8,24200.0,24250.0,25050.0,410.0,378.0,64.25,64.0,2.0,0.00390625,USABLE_OHLC,upstox_intraday/NIFTY/NIFTY_2026.parquet,bae9943b2fa99ee9c1214fb7c695b84f9f661a050a5cd04d9c5c2ffc7bc59f73
ITM3_NEXT1_K3M2.5,2026-03-10,2026-02-17,2026-03-04T10:00:00+05:30,2026-03-09T14:00:00+05:30,24325.8,24200.0,24250.0,24950.0,410.0,378.0,83.5,80.0,2.5,0.04375,USABLE_OHLC,upstox_intraday/NIFTY/NIFTY_2026.parquet,bae9943b2fa99ee9c1214fb7c695b84f9f661a050a5cd04d9c5c2ffc7bc59f73
ITM3_NEXT1_K3M3,2026-03-10,2026-02-17,2026-03-04T10:00:00+05:30,2026-03-09T14:00:00+05:30,24325.8,24200.0,24250.0,24900.0,410.0,378.0,95.2,96.0,3.0,0.008333333333333304,USABLE_OHLC,upstox_intraday/NIFTY/NIFTY_2026.parquet,bae9943b2fa99ee9c1214fb7c695b84f9f661a050a5cd04d9c5c2ffc7bc59f73
ITM3_NEXT1_K3M4,2026-03-10,2026-02-17,2026-03-04T10:00:00+05:30,2026-03-09T14:00:00+05:30,24325.8,24200.0,24250.0,24800.0,410.0,378.0,121.9,128.0,4.0,0.047656249999999956,USABLE_OHLC,upstox_intraday/NIFTY/NIFTY_2026.parquet,bae9943b2fa99ee9c1214fb7c695b84f9f661a050a5cd04d9c5c2ffc7bc59f73
ITM3_NEXT2_K3M0.5,2026-03-10,2026-02-17,2026-03-04T10:00:00+05:30,2026-03-09T14:00:00+05:30,24325.8,24200.0,24300.0,25350.0,410.0,348.15,29.2,30.92500000000001,0.5,0.055780113177041596,USABLE_OHLC,upstox_intraday/NIFTY/NIFTY_2026.parquet,bae9943b2fa99ee9c1214fb7c695b84f9f661a050a5cd04d9c5c2ffc7bc59f73
ITM3_NEXT2_K3M1,2026-03-10,2026-02-17,2026-03-04T10:00:00+05:30,2026-03-09T14:00:00+05:30,24325.8,24200.0,24300.0,25050.0,410.0,348.15,64.25,61.85000000000002,1.0,0.038803556992723955,USABLE_OHLC,upstox_intraday/NIFTY/NIFTY_2026.parquet,bae9943b2fa99ee9c1214fb7c695b84f9f661a050a5cd04d9c5c2ffc7bc59f73
ITM3_NEXT2_K3M1.5,2026-03-10,2026-02-17,2026-03-04T10:00:00+05:30,2026-03-09T14:00:00+05:30,24325.8,24200.0,24300.0,24900.0,410.0,348.15,95.2,92.77500000000003,1.5,0.026138507140932018,USABLE_OHLC,upstox_intraday/NIFTY/NIFTY_2026.parquet,bae9943b2fa99ee9c1214fb7c695b84f9f661a050a5cd04d9c5c2ffc7bc59f73
ITM3_NEXT2_K3M2,2026-03-10,2026-02-17,2026-03-04T10:00:00+05:30,2026-03-09T14:00:00+05:30,24325.8,24200.0,24300.0,24800.0,410.0,348.15,121.9,123.70000000000005,2.0,0.014551333872271942,USABLE_OHLC,upstox_intraday/NIFTY/NIFTY_2026.parquet,bae9943b2fa99ee9c1214fb7c695b84f9f661a050a5cd04d9c5c2ffc7bc59f73
ITM3_NEXT2_K3M2.5,2026-03-10,2026-02-17,2026-03-04T10:00:00+05:30,2026-03-09T14:00:00+05:30,24325.8,24200.0,24300.0,24700.0,410.0,348.15,155.0,154.62500000000006,2.5,0.0024252223120449024,USABLE_OHLC,upstox_intraday/NIFTY/NIFTY_2026.parquet,bae9943b2fa99ee9c1214fb7c695b84f9f661a050a5cd04d9c5c2ffc7bc59f73
ITM3_NEXT2_K3M3,2026-03-10,2026-02-17,2026-03-04T10:00:00+05:30,2026-03-09T14:00:00+05:30,24325.8,24200.0,24300.0,24600.0,410.0,348.15,194.15,185.55000000000007,3.0,0.0463486930746426,USABLE_OHLC,upstox_intraday/NIFTY/NIFTY_2026.parquet,bae9943b2fa99ee9c1214fb7c695b84f9f661a050a5cd04d9c5c2ffc7bc59f73
ITM3_NEXT2_K3M4,2026-03-10,2026-02-17,2026-03-04T10:00:00+05:30,2026-03-09T14:00:00+05:30,24325.8,24200.0,24300.0,24500.0,410.0,348.15,239.25,247.4000000000001,4.0,0.032942603071948615,USABLE_OHLC,upstox_intraday/NIFTY/NIFTY_2026.parquet,bae9943b2fa99ee9c1214fb7c695b84f9f661a050a5cd04d9c5c2ffc7bc59f73
ITM3_NEXT3_K3M0.5,2026-03-10,2026-02-17,2026-03-04T10:00:00+05:30,2026-03-09T14:00:00+05:30,24325.8,24200.0,24350.0,25200.0,410.0,318.0,43.15,46.0,0.5,0.061956521739130466,USABLE_OHLC,upstox_intraday/NIFTY/NIFTY_2026.parquet,bae9943b2fa99ee9c1214fb7c695b84f9f661a050a5cd04d9c5c2ffc7bc59f73
ITM3_NEXT3_K3M1,2026-03-10,2026-02-17,2026-03-04T10:00:00+05:30,2026-03-09T14:00:00+05:30,24325.8,24200.0,24350.0,24900.0,410.0,318.0,95.2,92.0,1.0,0.0347826086956522,USABLE_OHLC,upstox_intraday/NIFTY/NIFTY_2026.parquet,bae9943b2fa99ee9c1214fb7c695b84f9f661a050a5cd04d9c5c2ffc7bc59f73
ITM3_NEXT3_K3M1.5,2026-03-10,2026-02-17,2026-03-04T10:00:00+05:30,2026-03-09T14:00:00+05:30,24325.8,24200.0,24350.0,24750.0,410.0,318.0,137.9,138.0,1.5,0.0007246376811593791,USABLE_OHLC,upstox_intraday/NIFTY/NIFTY_2026.parquet,bae9943b2fa99ee9c1214fb7c695b84f9f661a050a5cd04d9c5c2ffc7bc59f73
ITM3_NEXT3_K3M2,2026-03-10,2026-02-17,2026-03-04T10:00:00+05:30,2026-03-09T14:00:00+05:30,24325.8,24200.0,24350.0,24600.0,410.0,318.0,194.15,184.0,2.0,0.0551630434782609,USABLE_OHLC,upstox_intraday/NIFTY/NIFTY_2026.parquet,bae9943b2fa99ee9c1214fb7c695b84f9f661a050a5cd04d9c5c2ffc7bc59f73
ITM3_NEXT3_K3M2.5,2026-03-10,2026-02-17,2026-03-04T10:00:00+05:30,2026-03-09T14:00:00+05:30,24325.8,24200.0,24350.0,24500.0,410.0,318.0,239.25,230.0,2.5,0.04021739130434782,USABLE_OHLC,upstox_intraday/NIFTY/NIFTY_2026.parquet,bae9943b2fa99ee9c1214fb7c695b84f9f661a050a5cd04d9c5c2ffc7bc59f73
ITM3_NEXT3_K3M3,2026-03-10,2026-02-17,2026-03-04T10:00:00+05:30,2026-03-09T14:00:00+05:30,24325.8,24200.0,24350.0,24450.0,410.0,318.0,264.05,276.0,3.0,0.04329710144927532,USABLE_OHLC,upstox_intraday/NIFTY/NIFTY_2026.parquet,bae9943b2fa99ee9c1214fb7c695b84f9f661a050a5cd04d9c5c2ffc7bc59f73
ITM3_NEXT3_K3M4,2026-03-10,2026-02-17,2026-03-04T10:00:00+05:30,2026-03-09T14:00:00+05:30,24325.8,24200.0,24350.0,24400.0,410.0,318.0,290.05,368.0,4.0,0.21182065217391302,USABLE_OHLC,upstox_intraday/NIFTY/NIFTY_2026.parquet,bae9943b2fa99ee9c1214fb7c695b84f9f661a050a5cd04d9c5c2ffc7bc59f73
ITM3_MIRROR_GAP_K3M0.5,2026-03-10,2026-02-17,2026-03-04T10:00:00+05:30,2026-03-09T14:00:00+05:30,24325.8,24200.0,24350.0,25200.0,410.0,318.0,43.15,46.0,0.5,0.061956521739130466,USABLE_OHLC,upstox_intraday/NIFTY/NIFTY_2026.parquet,bae9943b2fa99ee9c1214fb7c695b84f9f661a050a5cd04d9c5c2ffc7bc59f73
ITM3_MIRROR_GAP_K3M1,2026-03-10,2026-02-17,2026-03-04T10:00:00+05:30,2026-03-09T14:00:00+05:30,24325.8,24200.0,24350.0,24900.0,410.0,318.0,95.2,92.0,1.0,0.0347826086956522,USABLE_OHLC,upstox_intraday/NIFTY/NIFTY_2026.parquet,bae9943b2fa99ee9c1214fb7c695b84f9f661a050a5cd04d9c5c2ffc7bc59f73
ITM3_MIRROR_GAP_K3M1.5,2026-03-10,2026-02-17,2026-03-04T10:00:00+05:30,2026-03-09T14:00:00+05:30,24325.8,24200.0,24350.0,24750.0,410.0,318.0,137.9,138.0,1.5,0.0007246376811593791,USABLE_OHLC,upstox_intraday/NIFTY/NIFTY_2026.parquet,bae9943b2fa99ee9c1214fb7c695b84f9f661a050a5cd04d9c5c2ffc7bc59f73
ITM3_MIRROR_GAP_K3M2,2026-03-10,2026-02-17,2026-03-04T10:00:00+05:30,2026-03-09T14:00:00+05:30,24325.8,24200.0,24350.0,24600.0,410.0,318.0,194.15,184.0,2.0,0.0551630434782609,USABLE_OHLC,upstox_intraday/NIFTY/NIFTY_2026.parquet,bae9943b2fa99ee9c1214fb7c695b84f9f661a050a5cd04d9c5c2ffc7bc59f73
ITM3_MIRROR_GAP_K3M2.5,2026-03-10,2026-02-17,2026-03-04T10:00:00+05:30,2026-03-09T14:00:00+05:30,24325.8,24200.0,24350.0,24500.0,410.0,318.0,239.25,230.0,2.5,0.04021739130434782,USABLE_OHLC,upstox_intraday/NIFTY/NIFTY_2026.parquet,bae9943b2fa99ee9c1214fb7c695b84f9f661a050a5cd04d9c5c2ffc7bc59f73
ITM3_MIRROR_GAP_K3M3,2026-03-10,2026-02-17,2026-03-04T10:00:00+05:30,2026-03-09T14:00:00+05:30,24325.8,24200.0,24350.0,24450.0,410.0,318.0,264.05,276.0,3.0,0.04329710144927532,USABLE_OHLC,upstox_intraday/NIFTY/NIFTY_2026.parquet,bae9943b2fa99ee9c1214fb7c695b84f9f661a050a5cd04d9c5c2ffc7bc59f73
ITM3_MIRROR_GAP_K3M4,2026-03-10,2026-02-17,2026-03-04T10:00:00+05:30,2026-03-09T14:00:00+05:30,24325.8,24200.0,24350.0,24400.0,410.0,318.0,290.05,368.0,4.0,0.21182065217391302,USABLE_OHLC,upstox_intraday/NIFTY/NIFTY_2026.parquet,bae9943b2fa99ee9c1214fb7c695b84f9f661a050a5cd04d9c5c2ffc7bc59f73
OTM1_NEXT1_K3M0.5,2026-04-13,2026-03-24,2026-04-08T10:00:00+05:30,2026-04-10T14:00:00+05:30,23898.8,23900.0,23950.0,24950.0,231.65,206.25,12.05,12.700000000000003,0.5,0.05118110236220488,USABLE_OHLC,upstox_intraday/NIFTY/NIFTY_2026.parquet,bae9943b2fa99ee9c1214fb7c695b84f9f661a050a5cd04d9c5c2ffc7bc59f73
OTM1_NEXT1_K3M1,2026-04-13,2026-03-24,2026-04-08T10:00:00+05:30,2026-04-10T14:00:00+05:30,23898.8,23900.0,23950.0,24700.0,231.65,206.25,24.9,25.400000000000006,1.0,0.019685039370079014,USABLE_OHLC,upstox_intraday/NIFTY/NIFTY_2026.parquet,bae9943b2fa99ee9c1214fb7c695b84f9f661a050a5cd04d9c5c2ffc7bc59f73
OTM1_NEXT1_K3M1.5,2026-04-13,2026-03-24,2026-04-08T10:00:00+05:30,2026-04-10T14:00:00+05:30,23898.8,23900.0,23950.0,24550.0,231.65,206.25,39.35,38.10000000000001,1.5,0.03280839895013104,USABLE_OHLC,upstox_intraday/NIFTY/NIFTY_2026.parquet,bae9943b2fa99ee9c1214fb7c695b84f9f661a050a5cd04d9c5c2ffc7bc59f73
OTM1_NEXT1_K3M2,2026-04-13,2026-03-24,2026-04-08T10:00:00+05:30,2026-04-10T14:00:00+05:30,23898.8,23900.0,23950.0,24450.0,231.65,206.25,53.1,50.80000000000001,2.0,0.0452755905511809,USABLE_OHLC,upstox_intraday/NIFTY/NIFTY_2026.parquet,bae9943b2fa99ee9c1214fb7c695b84f9f661a050a5cd04d9c5c2ffc7bc59f73
OTM1_NEXT1_K3M2.5,2026-04-13,2026-03-24,2026-04-08T10:00:00+05:30,2026-04-10T14:00:00+05:30,23898.8,23900.0,23950.0,24400.0,231.65,206.25,61.45,63.500000000000014,2.5,0.03228346456692931,USABLE_OHLC,upstox_intraday/NIFTY/NIFTY_2026.parquet,bae9943b2fa99ee9c1214fb7c695b84f9f661a050a5cd04d9c5c2ffc7bc59f73
OTM1_NEXT1_K3M3,2026-04-13,2026-03-24,2026-04-08T10:00:00+05:30,2026-04-10T14:00:00+05:30,23898.8,23900.0,23950.0,24350.0,231.65,206.25,71.35,76.20000000000002,3.0,0.06364829396325487,USABLE_OHLC,upstox_intraday/NIFTY/NIFTY_2026.parquet,bae9943b2fa99ee9c1214fb7c695b84f9f661a050a5cd04d9c5c2ffc7bc59f73
OTM1_NEXT1_K3M4,2026-04-13,2026-03-24,2026-04-08T10:00:00+05:30,2026-04-10T14:00:00+05:30,23898.8,23900.0,23950.0,24250.0,231.65,206.25,94.75,101.60000000000002,4.0,0.0674212598425199,USABLE_OHLC,upstox_intraday/NIFTY/NIFTY_2026.parquet,bae9943b2fa99ee9c1214fb7c695b84f9f661a050a5cd04d9c5c2ffc7bc59f73
OTM1_NEXT2_K3M0.5,2026-04-13,2026-03-24,2026-04-08T10:00:00+05:30,2026-04-10T14:00:00+05:30,23898.8,23900.0,24000.0,24700.0,231.65,182.9,24.9,24.375,0.5,0.02153846153846148,USABLE_OHLC,upstox_intraday/NIFTY/NIFTY_2026.parquet,bae9943b2fa99ee9c1214fb7c695b84f9f661a050a5cd04d9c5c2ffc7bc59f73
OTM1_NEXT2_K3M1,2026-04-13,2026-03-24,2026-04-08T10:00:00+05:30,2026-04-10T14:00:00+05:30,23898.8,23900.0,24000.0,24500.0,231.65,182.9,45.85,48.75,1.0,0.05948717948717946,USABLE_OHLC,upstox_intraday/NIFTY/NIFTY_2026.parquet,bae9943b2fa99ee9c1214fb7c695b84f9f661a050a5cd04d9c5c2ffc7bc59f73
OTM1_NEXT2_K3M1.5,2026-04-13,2026-03-24,2026-04-08T10:00:00+05:30,2026-04-10T14:00:00+05:30,23898.8,23900.0,24000.0,24350.0,231.65,182.9,71.35,73.125,1.5,0.024273504273504352,USABLE_OHLC,upstox_intraday/NIFTY/NIFTY_2026.parquet,bae9943b2fa99ee9c1214fb7c695b84f9f661a050a5cd04d9c5c2ffc7bc59f73
OTM1_NEXT2_K3M2,2026-04-13,2026-03-24,2026-04-08T10:00:00+05:30,2026-04-10T14:00:00+05:30,23898.8,23900.0,24000.0,24250.0,231.65,182.9,94.75,97.5,2.0,0.028205128205128206,USABLE_OHLC,upstox_intraday/NIFTY/NIFTY_2026.parquet,bae9943b2fa99ee9c1214fb7c695b84f9f661a050a5cd04d9c5c2ffc7bc59f73
OTM1_NEXT2_K3M2.5,2026-04-13,2026-03-24,2026-04-08T10:00:00+05:30,2026-04-10T14:00:00+05:30,23898.8,23900.0,24000.0,24150.0,231.65,182.9,124.8,121.875,2.5,0.023999999999999976,USABLE_OHLC,upstox_intraday/NIFTY/NIFTY_2026.parquet,bae9943b2fa99ee9c1214fb7c695b84f9f661a050a5cd04d9c5c2ffc7bc59f73
OTM1_NEXT2_K3M3,2026-04-13,2026-03-24,2026-04-08T10:00:00+05:30,2026-04-10T14:00:00+05:30,23898.8,23900.0,24000.0,24100.0,231.65,182.9,142.05,146.25,3.0,0.02871794871794864,USABLE_OHLC,upstox_intraday/NIFTY/NIFTY_2026.parquet,bae9943b2fa99ee9c1214fb7c695b84f9f661a050a5cd04d9c5c2ffc7bc59f73
OTM1_NEXT2_K3M4,2026-04-13,2026-03-24,2026-04-08T10:00:00+05:30,2026-04-10T14:00:00+05:30,23898.8,23900.0,24000.0,24050.0,231.65,182.9,161.7,195.0,4.0,0.17076923076923084,USABLE_OHLC,upstox_intraday/NIFTY/NIFTY_2026.parquet,bae9943b2fa99ee9c1214fb7c695b84f9f661a050a5cd04d9c5c2ffc7bc59f73
OTM1_NEXT3_K3M0.5,2026-04-13,2026-03-24,2026-04-08T10:00:00+05:30,2026-04-10T14:00:00+05:30,23898.8,23900.0,24050.0,24600.0,231.65,161.7,33.75,34.97500000000001,0.5,0.03502501786990731,USABLE_OHLC,upstox_intraday/NIFTY/NIFTY_2026.parquet,bae9943b2fa99ee9c1214fb7c695b84f9f661a050a5cd04d9c5c2ffc7bc59f73
OTM1_NEXT3_K3M1,2026-04-13,2026-03-24,2026-04-08T10:00:00+05:30,2026-04-10T14:00:00+05:30,23898.8,23900.0,24050.0,24350.0,231.65,161.7,71.35,69.95000000000002,1.0,0.020014295925660855,USABLE_OHLC,upstox_intraday/NIFTY/NIFTY_2026.parquet,bae9943b2fa99ee9c1214fb7c695b84f9f661a050a5cd04d9c5c2ffc7bc59f73
OTM1_NEXT3_K3M1.5,2026-04-13,2026-03-24,2026-04-08T10:00:00+05:30,2026-04-10T14:00:00+05:30,23898.8,23900.0,24050.0,24200.0,231.65,161.7,108.95,104.92500000000003,1.5,0.03836073385751705,USABLE_OHLC,upstox_intraday/NIFTY/NIFTY_2026.parquet,bae9943b2fa99ee9c1214fb7c695b84f9f661a050a5cd04d9c5c2ffc7bc59f73
OTM1_NEXT3_K3M2,2026-04-13,2026-03-24,2026-04-08T10:00:00+05:30,2026-04-10T14:00:00+05:30,23898.8,23900.0,24050.0,24100.0,231.65,161.7,142.05,139.90000000000003,2.0,0.015368120085775388,USABLE_OHLC,upstox_intraday/NIFTY/NIFTY_2026.parquet,bae9943b2fa99ee9c1214fb7c695b84f9f661a050a5cd04d9c5c2ffc7bc59f73
OTM1_NEXT3_K3M2.5,2026-04-13,2026-03-24,2026-04-08T10:00:00+05:30,2026-04-10T14:00:00+05:30,23898.8,23900.0,24050.0,24100.0,231.65,161.7,142.05,174.87500000000006,2.5,0.18770550393137975,USABLE_OHLC,upstox_intraday/NIFTY/NIFTY_2026.parquet,bae9943b2fa99ee9c1214fb7c695b84f9f661a050a5cd04d9c5c2ffc7bc59f73
OTM1_NEXT3_K3M3,2026-04-13,2026-03-24,2026-04-08T10:00:00+05:30,2026-04-10T14:00:00+05:30,23898.8,23900.0,24050.0,24100.0,231.65,161.7,142.05,209.85000000000005,3.0,0.3230879199428164,USABLE_OHLC,upstox_intraday/NIFTY/NIFTY_2026.parquet,bae9943b2fa99ee9c1214fb7c695b84f9f661a050a5cd04d9c5c2ffc7bc59f73
OTM1_NEXT3_K3M4,2026-04-13,2026-03-24,2026-04-08T10:00:00+05:30,2026-04-10T14:00:00+05:30,23898.8,23900.0,24050.0,24100.0,231.65,161.7,142.05,279.80000000000007,4.0,0.4923159399571123,USABLE_OHLC,upstox_intraday/NIFTY/NIFTY_2026.parquet,bae9943b2fa99ee9c1214fb7c695b84f9f661a050a5cd04d9c5c2ffc7bc59f73
OTM1_MIRROR_GAP_K3M0.5,2026-04-13,2026-03-24,2026-04-08T10:00:00+05:30,2026-04-10T14:00:00+05:30,23898.8,23900.0,23950.0,24950.0,231.65,206.25,12.05,12.700000000000003,0.5,0.05118110236220488,USABLE_OHLC,upstox_intraday/NIFTY/NIFTY_2026.parquet,bae9943b2fa99ee9c1214fb7c695b84f9f661a050a5cd04d9c5c2ffc7bc59f73
OTM1_MIRROR_GAP_K3M1,2026-04-13,2026-03-24,2026-04-08T10:00:00+05:30,2026-04-10T14:00:00+05:30,23898.8,23900.0,23950.0,24700.0,231.65,206.25,24.9,25.400000000000006,1.0,0.019685039370079014,USABLE_OHLC,upstox_intraday/NIFTY/NIFTY_2026.parquet,bae9943b2fa99ee9c1214fb7c695b84f9f661a050a5cd04d9c5c2ffc7bc59f73
OTM1_MIRROR_GAP_K3M1.5,2026-04-13,2026-03-24,2026-04-08T10:00:00+05:30,2026-04-10T14:00:00+05:30,23898.8,23900.0,23950.0,24550.0,231.65,206.25,39.35,38.10000000000001,1.5,0.03280839895013104,USABLE_OHLC,upstox_intraday/NIFTY/NIFTY_2026.parquet,bae9943b2fa99ee9c1214fb7c695b84f9f661a050a5cd04d9c5c2ffc7bc59f73
OTM1_MIRROR_GAP_K3M2,2026-04-13,2026-03-24,2026-04-08T10:00:00+05:30,2026-04-10T14:00:00+05:30,23898.8,23900.0,23950.0,24450.0,231.65,206.25,53.1,50.80000000000001,2.0,0.0452755905511809,USABLE_OHLC,upstox_intraday/NIFTY/NIFTY_2026.parquet,bae9943b2fa99ee9c1214fb7c695b84f9f661a050a5cd04d9c5c2ffc7bc59f73
OTM1_MIRROR_GAP_K3M2.5,2026-04-13,2026-03-24,2026-04-08T10:00:00+05:30,2026-04-10T14:00:00+05:30,23898.8,23900.0,23950.0,24400.0,231.65,206.25,61.45,63.500000000000014,2.5,0.03228346456692931,USABLE_OHLC,upstox_intraday/NIFTY/NIFTY_2026.parquet,bae9943b2fa99ee9c1214fb7c695b84f9f661a050a5cd04d9c5c2ffc7bc59f73
OTM1_MIRROR_GAP_K3M3,2026-04-13,2026-03-24,2026-04-08T10:00:00+05:30,2026-04-10T14:00:00+05:30,23898.8,23900.0,23950.0,24350.0,231.65,206.25,71.35,76.20000000000002,3.0,0.06364829396325487,USABLE_OHLC,upstox_intraday/NIFTY/NIFTY_2026.parquet,bae9943b2fa99ee9c1214fb7c695b84f9f661a050a5cd04d9c5c2ffc7bc59f73
OTM1_MIRROR_GAP_K3M4,2026-04-13,2026-03-24,2026-04-08T10:00:00+05:30,2026-04-10T14:00:00+05:30,23898.8,23900.0,23950.0,24250.0,231.65,206.25,94.75,101.60000000000002,4.0,0.0674212598425199,USABLE_OHLC,upstox_intraday/NIFTY/NIFTY_2026.parquet,bae9943b2fa99ee9c1214fb7c695b84f9f661a050a5cd04d9c5c2ffc7bc59f73
OTM2_NEXT1_K3M0.5,2026-04-13,2026-03-24,2026-04-08T10:00:00+05:30,2026-04-10T14:00:00+05:30,23898.8,23950.0,24000.0,24950.0,206.25,182.9,12.05,11.674999999999997,0.5,0.03211991434689539,USABLE_OHLC,upstox_intraday/NIFTY/NIFTY_2026.parquet,bae9943b2fa99ee9c1214fb7c695b84f9f661a050a5cd04d9c5c2ffc7bc59f73
OTM2_NEXT1_K3M1,2026-04-13,2026-03-24,2026-04-08T10:00:00+05:30,2026-04-10T14:00:00+05:30,23898.8,23950.0,24000.0,24700.0,206.25,182.9,24.9,23.349999999999994,1.0,0.06638115631691668,USABLE_OHLC,upstox_intraday/NIFTY/NIFTY_2026.parquet,bae9943b2fa99ee9c1214fb7c695b84f9f661a050a5cd04d9c5c2ffc7bc59f73
OTM2_NEXT1_K3M1.5,2026-04-13,2026-03-24,2026-04-08T10:00:00+05:30,2026-04-10T14:00:00+05:30,23898.8,23950.0,24000.0,24600.0,206.25,182.9,33.75,35.02499999999999,1.5,0.03640256959314752,USABLE_OHLC,upstox_intraday/NIFTY/NIFTY_2026.parquet,bae9943b2fa99ee9c1214fb7c695b84f9f661a050a5cd04d9c5c2ffc7bc59f73
OTM2_NEXT1_K3M2,2026-04-13,2026-03-24,2026-04-08T10:00:00+05:30,2026-04-10T14:00:00+05:30,23898.8,23950.0,24000.0,24500.0,206.25,182.9,45.85,46.69999999999999,2.0,0.018201284796573607,USABLE_OHLC,upstox_intraday/NIFTY/NIFTY_2026.parquet,bae9943b2fa99ee9c1214fb7c695b84f9f661a050a5cd04d9c5c2ffc7bc59f73
OTM2_NEXT1_K3M2.5,2026-04-13,2026-03-24,2026-04-08T10:00:00+05:30,2026-04-10T14:00:00+05:30,23898.8,23950.0,24000.0,24400.0,206.25,182.9,61.45,58.374999999999986,2.5,0.05267665952890823,USABLE_OHLC,upstox_intraday/NIFTY/NIFTY_2026.parquet,bae9943b2fa99ee9c1214fb7c695b84f9f661a050a5cd04d9c5c2ffc7bc59f73
OTM2_NEXT1_K3M3,2026-04-13,2026-03-24,2026-04-08T10:00:00+05:30,2026-04-10T14:00:00+05:30,23898.8,23950.0,24000.0,24350.0,206.25,182.9,71.35,70.04999999999998,3.0,0.018558172733761764,USABLE_OHLC,upstox_intraday/NIFTY/NIFTY_2026.parquet,bae9943b2fa99ee9c1214fb7c695b84f9f661a050a5cd04d9c5c2ffc7bc59f73
OTM2_NEXT1_K3M4,2026-04-13,2026-03-24,2026-04-08T10:00:00+05:30,2026-04-10T14:00:00+05:30,23898.8,23950.0,24000.0,24250.0,206.25,182.9,94.75,93.39999999999998,4.0,0.01445396145610303,USABLE_OHLC,upstox_intraday/NIFTY/NIFTY_2026.parquet,bae9943b2fa99ee9c1214fb7c695b84f9f661a050a5cd04d9c5c2ffc7bc59f73
OTM2_NEXT2_K3M0.5,2026-04-13,2026-03-24,2026-04-08T10:00:00+05:30,2026-04-10T14:00:00+05:30,23898.8,23950.0,24050.0,24750.0,206.25,161.7,21.45,22.275000000000006,0.5,0.03703703703703731,USABLE_OHLC,upstox_intraday/NIFTY/NIFTY_2026.parquet,bae9943b2fa99ee9c1214fb7c695b84f9f661a050a5cd04d9c5c2ffc7bc59f73
OTM2_NEXT2_K3M1,2026-04-13,2026-03-24,2026-04-08T10:00:00+05:30,2026-04-10T14:00:00+05:30,23898.8,23950.0,24050.0,24500.0,206.25,161.7,45.85,44.55000000000001,1.0,0.029180695847362284,USABLE_OHLC,upstox_intraday/NIFTY/NIFTY_2026.parquet,bae9943b2fa99ee9c1214fb7c695b84f9f661a050a5cd04d9c5c2ffc7bc59f73
OTM2_NEXT2_K3M1.5,2026-04-13,2026-03-24,2026-04-08T10:00:00+05:30,2026-04-10T14:00:00+05:30,23898.8,23950.0,24050.0,24350.0,206.25,161.7,71.35,66.82500000000002,1.5,0.06771417882528957,USABLE_OHLC,upstox_intraday/NIFTY/NIFTY_2026.parquet,bae9943b2fa99ee9c1214fb7c695b84f9f661a050a5cd04d9c5c2ffc7bc59f73
OTM2_NEXT2_K3M2,2026-04-13,2026-03-24,2026-04-08T10:00:00+05:30,2026-04-10T14:00:00+05:30,23898.8,23950.0,24050.0,24250.0,206.25,161.7,94.75,89.10000000000002,2.0,0.0634118967452298,USABLE_OHLC,upstox_intraday/NIFTY/NIFTY_2026.parquet,bae9943b2fa99ee9c1214fb7c695b84f9f661a050a5cd04d9c5c2ffc7bc59f73
OTM2_NEXT2_K3M2.5,2026-04-13,2026-03-24,2026-04-08T10:00:00+05:30,2026-04-10T14:00:00+05:30,23898.8,23950.0,24050.0,24200.0,206.25,161.7,108.95,111.37500000000003,2.5,0.02177328843995533,USABLE_OHLC,upstox_intraday/NIFTY/NIFTY_2026.parquet,bae9943b2fa99ee9c1214fb7c695b84f9f661a050a5cd04d9c5c2ffc7bc59f73
OTM2_NEXT2_K3M3,2026-04-13,2026-03-24,2026-04-08T10:00:00+05:30,2026-04-10T14:00:00+05:30,23898.8,23950.0,24050.0,24100.0,206.25,161.7,142.05,133.65000000000003,3.0,0.062850729517396,USABLE_OHLC,upstox_intraday/NIFTY/NIFTY_2026.parquet,bae9943b2fa99ee9c1214fb7c695b84f9f661a050a5cd04d9c5c2ffc7bc59f73
OTM2_NEXT2_K3M4,2026-04-13,2026-03-24,2026-04-08T10:00:00+05:30,2026-04-10T14:00:00+05:30,23898.8,23950.0,24050.0,24100.0,206.25,161.7,142.05,178.20000000000005,4.0,0.202861952861953,USABLE_OHLC,upstox_intraday/NIFTY/NIFTY_2026.parquet,bae9943b2fa99ee9c1214fb7c695b84f9f661a050a5cd04d9c5c2ffc7bc59f73
OTM2_NEXT3_K3M0.5,2026-04-13,2026-03-24,2026-04-08T10:00:00+05:30,2026-04-10T14:00:00+05:30,23898.8,23950.0,24100.0,24600.0,206.25,142.05,33.75,32.099999999999994,0.5,0.05140186915887869,USABLE_OHLC,upstox_intraday/NIFTY/NIFTY_2026.parquet,bae9943b2fa99ee9c1214fb7c695b84f9f661a050a5cd04d9c5c2ffc7bc59f73
OTM2_NEXT3_K3M1,2026-04-13,2026-03-24,2026-04-08T10:00:00+05:30,2026-04-10T14:00:00+05:30,23898.8,23950.0,24100.0,24400.0,206.25,142.05,61.45,64.19999999999999,1.0,0.04283489096573188,USABLE_OHLC,upstox_intraday/NIFTY/NIFTY_2026.parquet,bae9943b2fa99ee9c1214fb7c695b84f9f661a050a5cd04d9c5c2ffc7bc59f73
OTM2_NEXT3_K3M1.5,2026-04-13,2026-03-24,2026-04-08T10:00:00+05:30,2026-04-10T14:00:00+05:30,23898.8,23950.0,24100.0,24250.0,206.25,142.05,94.75,96.29999999999998,1.5,0.0160955347871234,USABLE_OHLC,upstox_intraday/NIFTY/NIFTY_2026.parquet,bae9943b2fa99ee9c1214fb7c695b84f9f661a050a5cd04d9c5c2ffc7bc59f73
OTM2_NEXT3_K3M2,2026-04-13,2026-03-24,2026-04-08T10:00:00+05:30,2026-04-10T14:00:00+05:30,23898.8,23950.0,24100.0,24150.0,206.25,142.05,124.8,128.39999999999998,2.0,0.028037383177569944,USABLE_OHLC,upstox_intraday/NIFTY/NIFTY_2026.parquet,bae9943b2fa99ee9c1214fb7c695b84f9f661a050a5cd04d9c5c2ffc7bc59f73
OTM2_NEXT3_K3M2.5,2026-04-13,2026-03-24,2026-04-08T10:00:00+05:30,2026-04-10T14:00:00+05:30,23898.8,23950.0,24100.0,24150.0,206.25,142.05,124.8,160.49999999999997,2.5,0.22242990654205597,USABLE_OHLC,upstox_intraday/NIFTY/NIFTY_2026.parquet,bae9943b2fa99ee9c1214fb7c695b84f9f661a050a5cd04d9c5c2ffc7bc59f73
OTM2_NEXT3_K3M3,2026-04-13,2026-03-24,2026-04-08T10:00:00+05:30,2026-04-10T14:00:00+05:30,23898.8,23950.0,24100.0,24150.0,206.25,142.05,124.8,192.59999999999997,3.0,0.35202492211837993,USABLE_OHLC,upstox_intraday/NIFTY/NIFTY_2026.parquet,bae9943b2fa99ee9c1214fb7c695b84f9f661a050a5cd04d9c5c2ffc7bc59f73
OTM2_NEXT3_K3M4,2026-04-13,2026-03-24,2026-04-08T10:00:00+05:30,2026-04-10T14:00:00+05:30,23898.8,23950.0,24100.0,24150.0,206.25,142.05,124.8,256.79999999999995,4.0,0.5140186915887849,USABLE_OHLC,upstox_intraday/NIFTY/NIFTY_2026.parquet,bae9943b2fa99ee9c1214fb7c695b84f9f661a050a5cd04d9c5c2ffc7bc59f73
OTM2_MIRROR_GAP_K3M0.5,2026-04-13,2026-03-24,2026-04-08T10:00:00+05:30,2026-04-10T14:00:00+05:30,23898.8,23950.0,24000.0,24950.0,206.25,182.9,12.05,11.674999999999997,0.5,0.03211991434689539,USABLE_OHLC,upstox_intraday/NIFTY/NIFTY_2026.parquet,bae9943b2fa99ee9c1214fb7c695b84f9f661a050a5cd04d9c5c2ffc7bc59f73
OTM2_MIRROR_GAP_K3M1,2026-04-13,2026-03-24,2026-04-08T10:00:00+05:30,2026-04-10T14:00:00+05:30,23898.8,23950.0,24000.0,24700.0,206.25,182.9,24.9,23.349999999999994,1.0,0.06638115631691668,USABLE_OHLC,upstox_intraday/NIFTY/NIFTY_2026.parquet,bae9943b2fa99ee9c1214fb7c695b84f9f661a050a5cd04d9c5c2ffc7bc59f73
OTM2_MIRROR_GAP_K3M1.5,2026-04-13,2026-03-24,2026-04-08T10:00:00+05:30,2026-04-10T14:00:00+05:30,23898.8,23950.0,24000.0,24600.0,206.25,182.9,33.75,35.02499999999999,1.5,0.03640256959314752,USABLE_OHLC,upstox_intraday/NIFTY/NIFTY_2026.parquet,bae9943b2fa99ee9c1214fb7c695b84f9f661a050a5cd04d9c5c2ffc7bc59f73
OTM2_MIRROR_GAP_K3M2,2026-04-13,2026-03-24,2026-04-08T10:00:00+05:30,2026-04-10T14:00:00+05:30,23898.8,23950.0,24000.0,24500.0,206.25,182.9,45.85,46.69999999999999,2.0,0.018201284796573607,USABLE_OHLC,upstox_intraday/NIFTY/NIFTY_2026.parquet,bae9943b2fa99ee9c1214fb7c695b84f9f661a050a5cd04d9c5c2ffc7bc59f73
OTM2_MIRROR_GAP_K3M2.5,2026-04-13,2026-03-24,2026-04-08T10:00:00+05:30,2026-04-10T14:00:00+05:30,23898.8,23950.0,24000.0,24400.0,206.25,182.9,61.45,58.374999999999986,2.5,0.05267665952890823,USABLE_OHLC,upstox_intraday/NIFTY/NIFTY_2026.parquet,bae9943b2fa99ee9c1214fb7c695b84f9f661a050a5cd04d9c5c2ffc7bc59f73
OTM2_MIRROR_GAP_K3M3,2026-04-13,2026-03-24,2026-04-08T10:00:00+05:30,2026-04-10T14:00:00+05:30,23898.8,23950.0,24000.0,24350.0,206.25,182.9,71.35,70.04999999999998,3.0,0.018558172733761764,USABLE_OHLC,upstox_intraday/NIFTY/NIFTY_2026.parquet,bae9943b2fa99ee9c1214fb7c695b84f9f661a050a5cd04d9c5c2ffc7bc59f73
OTM2_MIRROR_GAP_K3M4,2026-04-13,2026-03-24,2026-04-08T10:00:00+05:30,2026-04-10T14:00:00+05:30,23898.8,23950.0,24000.0,24250.0,206.25,182.9,94.75,93.39999999999998,4.0,0.01445396145610303,USABLE_OHLC,upstox_intraday/NIFTY/NIFTY_2026.parquet,bae9943b2fa99ee9c1214fb7c695b84f9f661a050a5cd04d9c5c2ffc7bc59f73
OTM3_NEXT1_K3M0.5,2026-04-13,2026-03-24,2026-04-08T10:00:00+05:30,2026-04-10T14:00:00+05:30,23898.8,24000.0,24050.0,25000.0,182.9,161.7,10.5,10.600000000000009,0.5,0.009433962264151741,USABLE_OHLC,upstox_intraday/NIFTY/NIFTY_2026.parquet,bae9943b2fa99ee9c1214fb7c695b84f9f661a050a5cd04d9c5c2ffc7bc59f73
OTM3_NEXT1_K3M1,2026-04-13,2026-03-24,2026-04-08T10:00:00+05:30,2026-04-10T14:00:00+05:30,23898.8,24000.0,24050.0,24750.0,182.9,161.7,21.45,21.200000000000017,1.0,0.011792452830187832,USABLE_OHLC,upstox_intraday/NIFTY/NIFTY_2026.parquet,bae9943b2fa99ee9c1214fb7c695b84f9f661a050a5cd04d9c5c2ffc7bc59f73
OTM3_NEXT1_K3M1.5,2026-04-13,2026-03-24,2026-04-08T10:00:00+05:30,2026-04-10T14:00:00+05:30,23898.8,24000.0,24050.0,24600.0,182.9,161.7,33.75,31.800000000000026,1.5,0.06132075471698028,USABLE_OHLC,upstox_intraday/NIFTY/NIFTY_2026.parquet,bae9943b2fa99ee9c1214fb7c695b84f9f661a050a5cd04d9c5c2ffc7bc59f73
OTM3_NEXT1_K3M2,2026-04-13,2026-03-24,2026-04-08T10:00:00+05:30,2026-04-10T14:00:00+05:30,23898.8,24000.0,24050.0,24550.0,182.9,161.7,39.35,42.400000000000034,2.0,0.07193396226415166,USABLE_OHLC,upstox_intraday/NIFTY/NIFTY_2026.parquet,bae9943b2fa99ee9c1214fb7c695b84f9f661a050a5cd04d9c5c2ffc7bc59f73
OTM3_NEXT1_K3M2.5,2026-04-13,2026-03-24,2026-04-08T10:00:00+05:30,2026-04-10T14:00:00+05:30,23898.8,24000.0,24050.0,24450.0,182.9,161.7,53.1,53.00000000000004,2.5,0.0018867924528294096,USABLE_OHLC,upstox_intraday/NIFTY/NIFTY_2026.parquet,bae9943b2fa99ee9c1214fb7c695b84f9f661a050a5cd04d9c5c2ffc7bc59f73
OTM3_NEXT1_K3M3,2026-04-13,2026-03-24,2026-04-08T10:00:00+05:30,2026-04-10T14:00:00+05:30,23898.8,24000.0,24050.0,24400.0,182.9,161.7,61.45,63.60000000000005,3.0,0.033805031446541615,USABLE_OHLC,upstox_intraday/NIFTY/NIFTY_2026.parquet,bae9943b2fa99ee9c1214fb7c695b84f9f661a050a5cd04d9c5c2ffc7bc59f73
OTM3_NEXT1_K3M4,2026-04-13,2026-03-24,2026-04-08T10:00:00+05:30,2026-04-10T14:00:00+05:30,23898.8,24000.0,24050.0,24300.0,182.9,161.7,82.55,84.80000000000007,4.0,0.026533018867925345,USABLE_OHLC,upstox_intraday/NIFTY/NIFTY_2026.parquet,bae9943b2fa99ee9c1214fb7c695b84f9f661a050a5cd04d9c5c2ffc7bc59f73
OTM3_NEXT2_K3M0.5,2026-04-13,2026-03-24,2026-04-08T10:00:00+05:30,2026-04-10T14:00:00+05:30,23898.8,24000.0,24100.0,24750.0,182.9,142.05,21.45,20.424999999999997,0.5,0.05018359853121186,USABLE_OHLC,upstox_intraday/NIFTY/NIFTY_2026.parquet,bae9943b2fa99ee9c1214fb7c695b84f9f661a050a5cd04d9c5c2ffc7bc59f73
OTM3_NEXT2_K3M1,2026-04-13,2026-03-24,2026-04-08T10:00:00+05:30,2026-04-10T14:00:00+05:30,23898.8,24000.0,24100.0,24550.0,182.9,142.05,39.35,40.849999999999994,1.0,0.036719706242349895,USABLE_OHLC,upstox_intraday/NIFTY/NIFTY_2026.parquet,bae9943b2fa99ee9c1214fb7c695b84f9f661a050a5cd04d9c5c2ffc7bc59f73
OTM3_NEXT2_K3M1.5,2026-04-13,2026-03-24,2026-04-08T10:00:00+05:30,2026-04-10T14:00:00+05:30,23898.8,24000.0,24100.0,24400.0,182.9,142.05,61.45,61.27499999999999,1.5,0.0028559771521829685,USABLE_OHLC,upstox_intraday/NIFTY/NIFTY_2026.parquet,bae9943b2fa99ee9c1214fb7c695b84f9f661a050a5cd04d9c5c2ffc7bc59f73
OTM3_NEXT2_K3M2,2026-04-13,2026-03-24,2026-04-08T10:00:00+05:30,2026-04-10T14:00:00+05:30,23898.8,24000.0,24100.0,24300.0,182.9,142.05,82.55,81.69999999999999,2.0,0.010403916768665956,USABLE_OHLC,upstox_intraday/NIFTY/NIFTY_2026.parquet,bae9943b2fa99ee9c1214fb7c695b84f9f661a050a5cd04d9c5c2ffc7bc59f73
OTM3_NEXT2_K3M2.5,2026-04-13,2026-03-24,2026-04-08T10:00:00+05:30,2026-04-10T14:00:00+05:30,23898.8,24000.0,24100.0,24200.0,182.9,142.05,108.95,102.12499999999999,2.5,0.06682986536107728,USABLE_OHLC,upstox_intraday/NIFTY/NIFTY_2026.parquet,bae9943b2fa99ee9c1214fb7c695b84f9f661a050a5cd04d9c5c2ffc7bc59f73
OTM3_NEXT2_K3M3,2026-04-13,2026-03-24,2026-04-08T10:00:00+05:30,2026-04-10T14:00:00+05:30,23898.8,24000.0,24100.0,24150.0,182.9,142.05,124.8,122.54999999999998,3.0,0.01835985312117515,USABLE_OHLC,upstox_intraday/NIFTY/NIFTY_2026.parquet,bae9943b2fa99ee9c1214fb7c695b84f9f661a050a5cd04d9c5c2ffc7bc59f73
OTM3_NEXT2_K3M4,2026-04-13,2026-03-24,2026-04-08T10:00:00+05:30,2026-04-10T14:00:00+05:30,23898.8,24000.0,24100.0,24150.0,182.9,142.05,124.8,163.39999999999998,4.0,0.23623011015911863,USABLE_OHLC,upstox_intraday/NIFTY/NIFTY_2026.parquet,bae9943b2fa99ee9c1214fb7c695b84f9f661a050a5cd04d9c5c2ffc7bc59f73
OTM3_NEXT3_K3M0.5,2026-04-13,2026-03-24,2026-04-08T10:00:00+05:30,2026-04-10T14:00:00+05:30,23898.8,24000.0,24150.0,24650.0,182.9,124.8,29.0,29.050000000000004,0.5,0.0017211703958693375,USABLE_OHLC,upstox_intraday/NIFTY/NIFTY_2026.parquet,bae9943b2fa99ee9c1214fb7c695b84f9f661a050a5cd04d9c5c2ffc7bc59f73
OTM3_NEXT3_K3M1,2026-04-13,2026-03-24,2026-04-08T10:00:00+05:30,2026-04-10T14:00:00+05:30,23898.8,24000.0,24150.0,24400.0,182.9,124.8,61.45,58.10000000000001,1.0,0.05765920826161779,USABLE_OHLC,upstox_intraday/NIFTY/NIFTY_2026.parquet,bae9943b2fa99ee9c1214fb7c695b84f9f661a050a5cd04d9c5c2ffc7bc59f73
OTM3_NEXT3_K3M1.5,2026-04-13,2026-03-24,2026-04-08T10:00:00+05:30,2026-04-10T14:00:00+05:30,23898.8,24000.0,24150.0,24300.0,182.9,124.8,82.55,87.15,1.5,0.052782558806655284,USABLE_OHLC,upstox_intraday/NIFTY/NIFTY_2026.parquet,bae9943b2fa99ee9c1214fb7c695b84f9f661a050a5cd04d9c5c2ffc7bc59f73
OTM3_NEXT3_K3M2,2026-04-13,2026-03-24,2026-04-08T10:00:00+05:30,2026-04-10T14:00:00+05:30,23898.8,24000.0,24150.0,24200.0,182.9,124.8,108.95,116.20000000000002,2.0,0.06239242685025829,USABLE_OHLC,upstox_intraday/NIFTY/NIFTY_2026.parquet,bae9943b2fa99ee9c1214fb7c695b84f9f661a050a5cd04d9c5c2ffc7bc59f73
OTM3_NEXT3_K3M2.5,2026-04-13,2026-03-24,2026-04-08T10:00:00+05:30,2026-04-10T14:00:00+05:30,23898.8,24000.0,24150.0,24200.0,182.9,124.8,108.95,145.25000000000003,2.5,0.24991394148020668,USABLE_OHLC,upstox_intraday/NIFTY/NIFTY_2026.parquet,bae9943b2fa99ee9c1214fb7c695b84f9f661a050a5cd04d9c5c2ffc7bc59f73
OTM3_NEXT3_K3M3,2026-04-13,2026-03-24,2026-04-08T10:00:00+05:30,2026-04-10T14:00:00+05:30,23898.8,24000.0,24150.0,24200.0,182.9,124.8,108.95,174.3,3.0,0.3749282845668388,USABLE_OHLC,upstox_intraday/NIFTY/NIFTY_2026.parquet,bae9943b2fa99ee9c1214fb7c695b84f9f661a050a5cd04d9c5c2ffc7bc59f73
OTM3_NEXT3_K3M4,2026-04-13,2026-03-24,2026-04-08T10:00:00+05:30,2026-04-10T14:00:00+05:30,23898.8,24000.0,24150.0,24200.0,182.9,124.8,108.95,232.40000000000003,4.0,0.5311962134251291,USABLE_OHLC,upstox_intraday/NIFTY/NIFTY_2026.parquet,bae9943b2fa99ee9c1214fb7c695b84f9f661a050a5cd04d9c5c2ffc7bc59f73
OTM3_MIRROR_GAP_K3M0.5,2026-04-13,2026-03-24,2026-04-08T10:00:00+05:30,2026-04-10T14:00:00+05:30,23898.8,24000.0,24100.0,24750.0,182.9,142.05,21.45,20.424999999999997,0.5,0.05018359853121186,USABLE_OHLC,upstox_intraday/NIFTY/NIFTY_2026.parquet,bae9943b2fa99ee9c1214fb7c695b84f9f661a050a5cd04d9c5c2ffc7bc59f73
OTM3_MIRROR_GAP_K3M1,2026-04-13,2026-03-24,2026-04-08T10:00:00+05:30,2026-04-10T14:00:00+05:30,23898.8,24000.0,24100.0,24550.0,182.9,142.05,39.35,40.849999999999994,1.0,0.036719706242349895,USABLE_OHLC,upstox_intraday/NIFTY/NIFTY_2026.parquet,bae9943b2fa99ee9c1214fb7c695b84f9f661a050a5cd04d9c5c2ffc7bc59f73
OTM3_MIRROR_GAP_K3M1.5,2026-04-13,2026-03-24,2026-04-08T10:00:00+05:30,2026-04-10T14:00:00+05:30,23898.8,24000.0,24100.0,24400.0,182.9,142.05,61.45,61.27499999999999,1.5,0.0028559771521829685,USABLE_OHLC,upstox_intraday/NIFTY/NIFTY_2026.parquet,bae9943b2fa99ee9c1214fb7c695b84f9f661a050a5cd04d9c5c2ffc7bc59f73
OTM3_MIRROR_GAP_K3M2,2026-04-13,2026-03-24,2026-04-08T10:00:00+05:30,2026-04-10T14:00:00+05:30,23898.8,24000.0,24100.0,24300.0,182.9,142.05,82.55,81.69999999999999,2.0,0.010403916768665956,USABLE_OHLC,upstox_intraday/NIFTY/NIFTY_2026.parquet,bae9943b2fa99ee9c1214fb7c695b84f9f661a050a5cd04d9c5c2ffc7bc59f73
OTM3_MIRROR_GAP_K3M2.5,2026-04-13,2026-03-24,2026-04-08T10:00:00+05:30,2026-04-10T14:00:00+05:30,23898.8,24000.0,24100.0,24200.0,182.9,142.05,108.95,102.12499999999999,2.5,0.06682986536107728,USABLE_OHLC,upstox_intraday/NIFTY/NIFTY_2026.parquet,bae9943b2fa99ee9c1214fb7c695b84f9f661a050a5cd04d9c5c2ffc7bc59f73
OTM3_MIRROR_GAP_K3M3,2026-04-13,2026-03-24,2026-04-08T10:00:00+05:30,2026-04-10T14:00:00+05:30,23898.8,24000.0,24100.0,24150.0,182.9,142.05,124.8,122.54999999999998,3.0,0.01835985312117515,USABLE_OHLC,upstox_intraday/NIFTY/NIFTY_2026.parquet,bae9943b2fa99ee9c1214fb7c695b84f9f661a050a5cd04d9c5c2ffc7bc59f73
OTM3_MIRROR_GAP_K3M4,2026-04-13,2026-03-24,2026-04-08T10:00:00+05:30,2026-04-10T14:00:00+05:30,23898.8,24000.0,24100.0,24150.0,182.9,142.05,124.8,163.39999999999998,4.0,0.23623011015911863,USABLE_OHLC,upstox_intraday/NIFTY/NIFTY_2026.parquet,bae9943b2fa99ee9c1214fb7c695b84f9f661a050a5cd04d9c5c2ffc7bc59f73
ATM_NEAREST_NEXT1_K3M0.5,2026-04-13,2026-03-24,2026-04-08T10:00:00+05:30,2026-04-10T14:00:00+05:30,23898.8,23900.0,23950.0,24950.0,231.65,206.25,12.05,12.700000000000003,0.5,0.05118110236220488,USABLE_OHLC,upstox_intraday/NIFTY/NIFTY_2026.parquet,bae9943b2fa99ee9c1214fb7c695b84f9f661a050a5cd04d9c5c2ffc7bc59f73
ATM_NEAREST_NEXT1_K3M1,2026-04-13,2026-03-24,2026-04-08T10:00:00+05:30,2026-04-10T14:00:00+05:30,23898.8,23900.0,23950.0,24700.0,231.65,206.25,24.9,25.400000000000006,1.0,0.019685039370079014,USABLE_OHLC,upstox_intraday/NIFTY/NIFTY_2026.parquet,bae9943b2fa99ee9c1214fb7c695b84f9f661a050a5cd04d9c5c2ffc7bc59f73
ATM_NEAREST_NEXT1_K3M1.5,2026-04-13,2026-03-24,2026-04-08T10:00:00+05:30,2026-04-10T14:00:00+05:30,23898.8,23900.0,23950.0,24550.0,231.65,206.25,39.35,38.10000000000001,1.5,0.03280839895013104,USABLE_OHLC,upstox_intraday/NIFTY/NIFTY_2026.parquet,bae9943b2fa99ee9c1214fb7c695b84f9f661a050a5cd04d9c5c2ffc7bc59f73
ATM_NEAREST_NEXT1_K3M2,2026-04-13,2026-03-24,2026-04-08T10:00:00+05:30,2026-04-10T14:00:00+05:30,23898.8,23900.0,23950.0,24450.0,231.65,206.25,53.1,50.80000000000001,2.0,0.0452755905511809,USABLE_OHLC,upstox_intraday/NIFTY/NIFTY_2026.parquet,bae9943b2fa99ee9c1214fb7c695b84f9f661a050a5cd04d9c5c2ffc7bc59f73
ATM_NEAREST_NEXT1_K3M2.5,2026-04-13,2026-03-24,2026-04-08T10:00:00+05:30,2026-04-10T14:00:00+05:30,23898.8,23900.0,23950.0,24400.0,231.65,206.25,61.45,63.500000000000014,2.5,0.03228346456692931,USABLE_OHLC,upstox_intraday/NIFTY/NIFTY_2026.parquet,bae9943b2fa99ee9c1214fb7c695b84f9f661a050a5cd04d9c5c2ffc7bc59f73
ATM_NEAREST_NEXT1_K3M3,2026-04-13,2026-03-24,2026-04-08T10:00:00+05:30,2026-04-10T14:00:00+05:30,23898.8,23900.0,23950.0,24350.0,231.65,206.25,71.35,76.20000000000002,3.0,0.06364829396325487,USABLE_OHLC,upstox_intraday/NIFTY/NIFTY_2026.parquet,bae9943b2fa99ee9c1214fb7c695b84f9f661a050a5cd04d9c5c2ffc7bc59f73
ATM_NEAREST_NEXT1_K3M4,2026-04-13,2026-03-24,2026-04-08T10:00:00+05:30,2026-04-10T14:00:00+05:30,23898.8,23900.0,23950.0,24250.0,231.65,206.25,94.75,101.60000000000002,4.0,0.0674212598425199,USABLE_OHLC,upstox_intraday/NIFTY/NIFTY_2026.parquet,bae9943b2fa99ee9c1214fb7c695b84f9f661a050a5cd04d9c5c2ffc7bc59f73
ATM_NEAREST_NEXT2_K3M0.5,2026-04-13,2026-03-24,2026-04-08T10:00:00+05:30,2026-04-10T14:00:00+05:30,23898.8,23900.0,24000.0,24700.0,231.65,182.9,24.9,24.375,0.5,0.02153846153846148,USABLE_OHLC,upstox_intraday/NIFTY/NIFTY_2026.parquet,bae9943b2fa99ee9c1214fb7c695b84f9f661a050a5cd04d9c5c2ffc7bc59f73
ATM_NEAREST_NEXT2_K3M1,2026-04-13,2026-03-24,2026-04-08T10:00:00+05:30,2026-04-10T14:00:00+05:30,23898.8,23900.0,24000.0,24500.0,231.65,182.9,45.85,48.75,1.0,0.05948717948717946,USABLE_OHLC,upstox_intraday/NIFTY/NIFTY_2026.parquet,bae9943b2fa99ee9c1214fb7c695b84f9f661a050a5cd04d9c5c2ffc7bc59f73
ATM_NEAREST_NEXT2_K3M1.5,2026-04-13,2026-03-24,2026-04-08T10:00:00+05:30,2026-04-10T14:00:00+05:30,23898.8,23900.0,24000.0,24350.0,231.65,182.9,71.35,73.125,1.5,0.024273504273504352,USABLE_OHLC,upstox_intraday/NIFTY/NIFTY_2026.parquet,bae9943b2fa99ee9c1214fb7c695b84f9f661a050a5cd04d9c5c2ffc7bc59f73
ATM_NEAREST_NEXT2_K3M2,2026-04-13,2026-03-24,2026-04-08T10:00:00+05:30,2026-04-10T14:00:00+05:30,23898.8,23900.0,24000.0,24250.0,231.65,182.9,94.75,97.5,2.0,0.028205128205128206,USABLE_OHLC,upstox_intraday/NIFTY/NIFTY_2026.parquet,bae9943b2fa99ee9c1214fb7c695b84f9f661a050a5cd04d9c5c2ffc7bc59f73
ATM_NEAREST_NEXT2_K3M2.5,2026-04-13,2026-03-24,2026-04-08T10:00:00+05:30,2026-04-10T14:00:00+05:30,23898.8,23900.0,24000.0,24150.0,231.65,182.9,124.8,121.875,2.5,0.023999999999999976,USABLE_OHLC,upstox_intraday/NIFTY/NIFTY_2026.parquet,bae9943b2fa99ee9c1214fb7c695b84f9f661a050a5cd04d9c5c2ffc7bc59f73
ATM_NEAREST_NEXT2_K3M3,2026-04-13,2026-03-24,2026-04-08T10:00:00+05:30,2026-04-10T14:00:00+05:30,23898.8,23900.0,24000.0,24100.0,231.65,182.9,142.05,146.25,3.0,0.02871794871794864,USABLE_OHLC,upstox_intraday/NIFTY/NIFTY_2026.parquet,bae9943b2fa99ee9c1214fb7c695b84f9f661a050a5cd04d9c5c2ffc7bc59f73
ATM_NEAREST_NEXT2_K3M4,2026-04-13,2026-03-24,2026-04-08T10:00:00+05:30,2026-04-10T14:00:00+05:30,23898.8,23900.0,24000.0,24050.0,231.65,182.9,161.7,195.0,4.0,0.17076923076923084,USABLE_OHLC,upstox_intraday/NIFTY/NIFTY_2026.parquet,bae9943b2fa99ee9c1214fb7c695b84f9f661a050a5cd04d9c5c2ffc7bc59f73
ATM_NEAREST_NEXT3_K3M0.5,2026-04-13,2026-03-24,2026-04-08T10:00:00+05:30,2026-04-10T14:00:00+05:30,23898.8,23900.0,24050.0,24600.0,231.65,161.7,33.75,34.97500000000001,0.5,0.03502501786990731,USABLE_OHLC,upstox_intraday/NIFTY/NIFTY_2026.parquet,bae9943b2fa99ee9c1214fb7c695b84f9f661a050a5cd04d9c5c2ffc7bc59f73
ATM_NEAREST_NEXT3_K3M1,2026-04-13,2026-03-24,2026-04-08T10:00:00+05:30,2026-04-10T14:00:00+05:30,23898.8,23900.0,24050.0,24350.0,231.65,161.7,71.35,69.95000000000002,1.0,0.020014295925660855,USABLE_OHLC,upstox_intraday/NIFTY/NIFTY_2026.parquet,bae9943b2fa99ee9c1214fb7c695b84f9f661a050a5cd04d9c5c2ffc7bc59f73
ATM_NEAREST_NEXT3_K3M1.5,2026-04-13,2026-03-24,2026-04-08T10:00:00+05:30,2026-04-10T14:00:00+05:30,23898.8,23900.0,24050.0,24200.0,231.65,161.7,108.95,104.92500000000003,1.5,0.03836073385751705,USABLE_OHLC,upstox_intraday/NIFTY/NIFTY_2026.parquet,bae9943b2fa99ee9c1214fb7c695b84f9f661a050a5cd04d9c5c2ffc7bc59f73
ATM_NEAREST_NEXT3_K3M2,2026-04-13,2026-03-24,2026-04-08T10:00:00+05:30,2026-04-10T14:00:00+05:30,23898.8,23900.0,24050.0,24100.0,231.65,161.7,142.05,139.90000000000003,2.0,0.015368120085775388,USABLE_OHLC,upstox_intraday/NIFTY/NIFTY_2026.parquet,bae9943b2fa99ee9c1214fb7c695b84f9f661a050a5cd04d9c5c2ffc7bc59f73
ATM_NEAREST_NEXT3_K3M2.5,2026-04-13,2026-03-24,2026-04-08T10:00:00+05:30,2026-04-10T14:00:00+05:30,23898.8,23900.0,24050.0,24100.0,231.65,161.7,142.05,174.87500000000006,2.5,0.18770550393137975,USABLE_OHLC,upstox_intraday/NIFTY/NIFTY_2026.parquet,bae9943b2fa99ee9c1214fb7c695b84f9f661a050a5cd04d9c5c2ffc7bc59f73
ATM_NEAREST_NEXT3_K3M3,2026-04-13,2026-03-24,2026-04-08T10:00:00+05:30,2026-04-10T14:00:00+05:30,23898.8,23900.0,24050.0,24100.0,231.65,161.7,142.05,209.85000000000005,3.0,0.3230879199428164,USABLE_OHLC,upstox_intraday/NIFTY/NIFTY_2026.parquet,bae9943b2fa99ee9c1214fb7c695b84f9f661a050a5cd04d9c5c2ffc7bc59f73
ATM_NEAREST_NEXT3_K3M4,2026-04-13,2026-03-24,2026-04-08T10:00:00+05:30,2026-04-10T14:00:00+05:30,23898.8,23900.0,24050.0,24100.0,231.65,161.7,142.05,279.80000000000007,4.0,0.4923159399571123,USABLE_OHLC,upstox_intraday/NIFTY/NIFTY_2026.parquet,bae9943b2fa99ee9c1214fb7c695b84f9f661a050a5cd04d9c5c2ffc7bc59f73
ATM_NEAREST_MIRROR_GAP_K3M0.5,2026-04-13,2026-03-24,2026-04-08T10:00:00+05:30,2026-04-10T14:00:00+05:30,23898.8,23900.0,23950.0,24950.0,231.65,206.25,12.05,12.700000000000003,0.5,0.05118110236220488,USABLE_OHLC,upstox_intraday/NIFTY/NIFTY_2026.parquet,bae9943b2fa99ee9c1214fb7c695b84f9f661a050a5cd04d9c5c2ffc7bc59f73
ATM_NEAREST_MIRROR_GAP_K3M1,2026-04-13,2026-03-24,2026-04-08T10:00:00+05:30,2026-04-10T14:00:00+05:30,23898.8,23900.0,23950.0,24700.0,231.65,206.25,24.9,25.400000000000006,1.0,0.019685039370079014,USABLE_OHLC,upstox_intraday/NIFTY/NIFTY_2026.parquet,bae9943b2fa99ee9c1214fb7c695b84f9f661a050a5cd04d9c5c2ffc7bc59f73
ATM_NEAREST_MIRROR_GAP_K3M1.5,2026-04-13,2026-03-24,2026-04-08T10:00:00+05:30,2026-04-10T14:00:00+05:30,23898.8,23900.0,23950.0,24550.0,231.65,206.25,39.35,38.10000000000001,1.5,0.03280839895013104,USABLE_OHLC,upstox_intraday/NIFTY/NIFTY_2026.parquet,bae9943b2fa99ee9c1214fb7c695b84f9f661a050a5cd04d9c5c2ffc7bc59f73
ATM_NEAREST_MIRROR_GAP_K3M2,2026-04-13,2026-03-24,2026-04-08T10:00:00+05:30,2026-04-10T14:00:00+05:30,23898.8,23900.0,23950.0,24450.0,231.65,206.25,53.1,50.80000000000001,2.0,0.0452755905511809,USABLE_OHLC,upstox_intraday/NIFTY/NIFTY_2026.parquet,bae9943b2fa99ee9c1214fb7c695b84f9f661a050a5cd04d9c5c2ffc7bc59f73
ATM_NEAREST_MIRROR_GAP_K3M2.5,2026-04-13,2026-03-24,2026-04-08T10:00:00+05:30,2026-04-10T14:00:00+05:30,23898.8,23900.0,23950.0,24400.0,231.65,206.25,61.45,63.500000000000014,2.5,0.03228346456692931,USABLE_OHLC,upstox_intraday/NIFTY/NIFTY_2026.parquet,bae9943b2fa99ee9c1214fb7c695b84f9f661a050a5cd04d9c5c2ffc7bc59f73
ATM_NEAREST_MIRROR_GAP_K3M3,2026-04-13,2026-03-24,2026-04-08T10:00:00+05:30,2026-04-10T14:00:00+05:30,23898.8,23900.0,23950.0,24350.0,231.65,206.25,71.35,76.20000000000002,3.0,0.06364829396325487,USABLE_OHLC,upstox_intraday/NIFTY/NIFTY_2026.parquet,bae9943b2fa99ee9c1214fb7c695b84f9f661a050a5cd04d9c5c2ffc7bc59f73
ATM_NEAREST_MIRROR_GAP_K3M4,2026-04-13,2026-03-24,2026-04-08T10:00:00+05:30,2026-04-10T14:00:00+05:30,23898.8,23900.0,23950.0,24250.0,231.65,206.25,94.75,101.60000000000002,4.0,0.0674212598425199,USABLE_OHLC,upstox_intraday/NIFTY/NIFTY_2026.parquet,bae9943b2fa99ee9c1214fb7c695b84f9f661a050a5cd04d9c5c2ffc7bc59f73
ATM_UP_NEXT1_K3M0.5,2026-04-13,2026-03-24,2026-04-08T10:00:00+05:30,2026-04-10T14:00:00+05:30,23898.8,23900.0,23950.0,24950.0,231.65,206.25,12.05,12.700000000000003,0.5,0.05118110236220488,USABLE_OHLC,upstox_intraday/NIFTY/NIFTY_2026.parquet,bae9943b2fa99ee9c1214fb7c695b84f9f661a050a5cd04d9c5c2ffc7bc59f73
ATM_UP_NEXT1_K3M1,2026-04-13,2026-03-24,2026-04-08T10:00:00+05:30,2026-04-10T14:00:00+05:30,23898.8,23900.0,23950.0,24700.0,231.65,206.25,24.9,25.400000000000006,1.0,0.019685039370079014,USABLE_OHLC,upstox_intraday/NIFTY/NIFTY_2026.parquet,bae9943b2fa99ee9c1214fb7c695b84f9f661a050a5cd04d9c5c2ffc7bc59f73
ATM_UP_NEXT1_K3M1.5,2026-04-13,2026-03-24,2026-04-08T10:00:00+05:30,2026-04-10T14:00:00+05:30,23898.8,23900.0,23950.0,24550.0,231.65,206.25,39.35,38.10000000000001,1.5,0.03280839895013104,USABLE_OHLC,upstox_intraday/NIFTY/NIFTY_2026.parquet,bae9943b2fa99ee9c1214fb7c695b84f9f661a050a5cd04d9c5c2ffc7bc59f73
ATM_UP_NEXT1_K3M2,2026-04-13,2026-03-24,2026-04-08T10:00:00+05:30,2026-04-10T14:00:00+05:30,23898.8,23900.0,23950.0,24450.0,231.65,206.25,53.1,50.80000000000001,2.0,0.0452755905511809,USABLE_OHLC,upstox_intraday/NIFTY/NIFTY_2026.parquet,bae9943b2fa99ee9c1214fb7c695b84f9f661a050a5cd04d9c5c2ffc7bc59f73
ATM_UP_NEXT1_K3M2.5,2026-04-13,2026-03-24,2026-04-08T10:00:00+05:30,2026-04-10T14:00:00+05:30,23898.8,23900.0,23950.0,24400.0,231.65,206.25,61.45,63.500000000000014,2.5,0.03228346456692931,USABLE_OHLC,upstox_intraday/NIFTY/NIFTY_2026.parquet,bae9943b2fa99ee9c1214fb7c695b84f9f661a050a5cd04d9c5c2ffc7bc59f73
ATM_UP_NEXT1_K3M3,2026-04-13,2026-03-24,2026-04-08T10:00:00+05:30,2026-04-10T14:00:00+05:30,23898.8,23900.0,23950.0,24350.0,231.65,206.25,71.35,76.20000000000002,3.0,0.06364829396325487,USABLE_OHLC,upstox_intraday/NIFTY/NIFTY_2026.parquet,bae9943b2fa99ee9c1214fb7c695b84f9f661a050a5cd04d9c5c2ffc7bc59f73
ATM_UP_NEXT1_K3M4,2026-04-13,2026-03-24,2026-04-08T10:00:00+05:30,2026-04-10T14:00:00+05:30,23898.8,23900.0,23950.0,24250.0,231.65,206.25,94.75,101.60000000000002,4.0,0.0674212598425199,USABLE_OHLC,upstox_intraday/NIFTY/NIFTY_2026.parquet,bae9943b2fa99ee9c1214fb7c695b84f9f661a050a5cd04d9c5c2ffc7bc59f73
ATM_UP_NEXT2_K3M0.5,2026-04-13,2026-03-24,2026-04-08T10:00:00+05:30,2026-04-10T14:00:00+05:30,23898.8,23900.0,24000.0,24700.0,231.65,182.9,24.9,24.375,0.5,0.02153846153846148,USABLE_OHLC,upstox_intraday/NIFTY/NIFTY_2026.parquet,bae9943b2fa99ee9c1214fb7c695b84f9f661a050a5cd04d9c5c2ffc7bc59f73
ATM_UP_NEXT2_K3M1,2026-04-13,2026-03-24,2026-04-08T10:00:00+05:30,2026-04-10T14:00:00+05:30,23898.8,23900.0,24000.0,24500.0,231.65,182.9,45.85,48.75,1.0,0.05948717948717946,USABLE_OHLC,upstox_intraday/NIFTY/NIFTY_2026.parquet,bae9943b2fa99ee9c1214fb7c695b84f9f661a050a5cd04d9c5c2ffc7bc59f73
ATM_UP_NEXT2_K3M1.5,2026-04-13,2026-03-24,2026-04-08T10:00:00+05:30,2026-04-10T14:00:00+05:30,23898.8,23900.0,24000.0,24350.0,231.65,182.9,71.35,73.125,1.5,0.024273504273504352,USABLE_OHLC,upstox_intraday/NIFTY/NIFTY_2026.parquet,bae9943b2fa99ee9c1214fb7c695b84f9f661a050a5cd04d9c5c2ffc7bc59f73
ATM_UP_NEXT2_K3M2,2026-04-13,2026-03-24,2026-04-08T10:00:00+05:30,2026-04-10T14:00:00+05:30,23898.8,23900.0,24000.0,24250.0,231.65,182.9,94.75,97.5,2.0,0.028205128205128206,USABLE_OHLC,upstox_intraday/NIFTY/NIFTY_2026.parquet,bae9943b2fa99ee9c1214fb7c695b84f9f661a050a5cd04d9c5c2ffc7bc59f73
ATM_UP_NEXT2_K3M2.5,2026-04-13,2026-03-24,2026-04-08T10:00:00+05:30,2026-04-10T14:00:00+05:30,23898.8,23900.0,24000.0,24150.0,231.65,182.9,124.8,121.875,2.5,0.023999999999999976,USABLE_OHLC,upstox_intraday/NIFTY/NIFTY_2026.parquet,bae9943b2fa99ee9c1214fb7c695b84f9f661a050a5cd04d9c5c2ffc7bc59f73
ATM_UP_NEXT2_K3M3,2026-04-13,2026-03-24,2026-04-08T10:00:00+05:30,2026-04-10T14:00:00+05:30,23898.8,23900.0,24000.0,24100.0,231.65,182.9,142.05,146.25,3.0,0.02871794871794864,USABLE_OHLC,upstox_intraday/NIFTY/NIFTY_2026.parquet,bae9943b2fa99ee9c1214fb7c695b84f9f661a050a5cd04d9c5c2ffc7bc59f73
ATM_UP_NEXT2_K3M4,2026-04-13,2026-03-24,2026-04-08T10:00:00+05:30,2026-04-10T14:00:00+05:30,23898.8,23900.0,24000.0,24050.0,231.65,182.9,161.7,195.0,4.0,0.17076923076923084,USABLE_OHLC,upstox_intraday/NIFTY/NIFTY_2026.parquet,bae9943b2fa99ee9c1214fb7c695b84f9f661a050a5cd04d9c5c2ffc7bc59f73
ATM_UP_NEXT3_K3M0.5,2026-04-13,2026-03-24,2026-04-08T10:00:00+05:30,2026-04-10T14:00:00+05:30,23898.8,23900.0,24050.0,24600.0,231.65,161.7,33.75,34.97500000000001,0.5,0.03502501786990731,USABLE_OHLC,upstox_intraday/NIFTY/NIFTY_2026.parquet,bae9943b2fa99ee9c1214fb7c695b84f9f661a050a5cd04d9c5c2ffc7bc59f73
ATM_UP_NEXT3_K3M1,2026-04-13,2026-03-24,2026-04-08T10:00:00+05:30,2026-04-10T14:00:00+05:30,23898.8,23900.0,24050.0,24350.0,231.65,161.7,71.35,69.95000000000002,1.0,0.020014295925660855,USABLE_OHLC,upstox_intraday/NIFTY/NIFTY_2026.parquet,bae9943b2fa99ee9c1214fb7c695b84f9f661a050a5cd04d9c5c2ffc7bc59f73
ATM_UP_NEXT3_K3M1.5,2026-04-13,2026-03-24,2026-04-08T10:00:00+05:30,2026-04-10T14:00:00+05:30,23898.8,23900.0,24050.0,24200.0,231.65,161.7,108.95,104.92500000000003,1.5,0.03836073385751705,USABLE_OHLC,upstox_intraday/NIFTY/NIFTY_2026.parquet,bae9943b2fa99ee9c1214fb7c695b84f9f661a050a5cd04d9c5c2ffc7bc59f73
ATM_UP_NEXT3_K3M2,2026-04-13,2026-03-24,2026-04-08T10:00:00+05:30,2026-04-10T14:00:00+05:30,23898.8,23900.0,24050.0,24100.0,231.65,161.7,142.05,139.90000000000003,2.0,0.015368120085775388,USABLE_OHLC,upstox_intraday/NIFTY/NIFTY_2026.parquet,bae9943b2fa99ee9c1214fb7c695b84f9f661a050a5cd04d9c5c2ffc7bc59f73
ATM_UP_NEXT3_K3M2.5,2026-04-13,2026-03-24,2026-04-08T10:00:00+05:30,2026-04-10T14:00:00+05:30,23898.8,23900.0,24050.0,24100.0,231.65,161.7,142.05,174.87500000000006,2.5,0.18770550393137975,USABLE_OHLC,upstox_intraday/NIFTY/NIFTY_2026.parquet,bae9943b2fa99ee9c1214fb7c695b84f9f661a050a5cd04d9c5c2ffc7bc59f73
ATM_UP_NEXT3_K3M3,2026-04-13,2026-03-24,2026-04-08T10:00:00+05:30,2026-04-10T14:00:00+05:30,23898.8,23900.0,24050.0,24100.0,231.65,161.7,142.05,209.85000000000005,3.0,0.3230879199428164,USABLE_OHLC,upstox_intraday/NIFTY/NIFTY_2026.parquet,bae9943b2fa99ee9c1214fb7c695b84f9f661a050a5cd04d9c5c2ffc7bc59f73
ATM_UP_NEXT3_K3M4,2026-04-13,2026-03-24,2026-04-08T10:00:00+05:30,2026-04-10T14:00:00+05:30,23898.8,23900.0,24050.0,24100.0,231.65,161.7,142.05,279.80000000000007,4.0,0.4923159399571123,USABLE_OHLC,upstox_intraday/NIFTY/NIFTY_2026.parquet,bae9943b2fa99ee9c1214fb7c695b84f9f661a050a5cd04d9c5c2ffc7bc59f73
ATM_UP_MIRROR_GAP_K3M0.5,2026-04-13,2026-03-24,2026-04-08T10:00:00+05:30,2026-04-10T14:00:00+05:30,23898.8,23900.0,23950.0,24950.0,231.65,206.25,12.05,12.700000000000003,0.5,0.05118110236220488,USABLE_OHLC,upstox_intraday/NIFTY/NIFTY_2026.parquet,bae9943b2fa99ee9c1214fb7c695b84f9f661a050a5cd04d9c5c2ffc7bc59f73
ATM_UP_MIRROR_GAP_K3M1,2026-04-13,2026-03-24,2026-04-08T10:00:00+05:30,2026-04-10T14:00:00+05:30,23898.8,23900.0,23950.0,24700.0,231.65,206.25,24.9,25.400000000000006,1.0,0.019685039370079014,USABLE_OHLC,upstox_intraday/NIFTY/NIFTY_2026.parquet,bae9943b2fa99ee9c1214fb7c695b84f9f661a050a5cd04d9c5c2ffc7bc59f73
ATM_UP_MIRROR_GAP_K3M1.5,2026-04-13,2026-03-24,2026-04-08T10:00:00+05:30,2026-04-10T14:00:00+05:30,23898.8,23900.0,23950.0,24550.0,231.65,206.25,39.35,38.10000000000001,1.5,0.03280839895013104,USABLE_OHLC,upstox_intraday/NIFTY/NIFTY_2026.parquet,bae9943b2fa99ee9c1214fb7c695b84f9f661a050a5cd04d9c5c2ffc7bc59f73
ATM_UP_MIRROR_GAP_K3M2,2026-04-13,2026-03-24,2026-04-08T10:00:00+05:30,2026-04-10T14:00:00+05:30,23898.8,23900.0,23950.0,24450.0,231.65,206.25,53.1,50.80000000000001,2.0,0.0452755905511809,USABLE_OHLC,upstox_intraday/NIFTY/NIFTY_2026.parquet,bae9943b2fa99ee9c1214fb7c695b84f9f661a050a5cd04d9c5c2ffc7bc59f73
ATM_UP_MIRROR_GAP_K3M2.5,2026-04-13,2026-03-24,2026-04-08T10:00:00+05:30,2026-04-10T14:00:00+05:30,23898.8,23900.0,23950.0,24400.0,231.65,206.25,61.45,63.500000000000014,2.5,0.03228346456692931,USABLE_OHLC,upstox_intraday/NIFTY/NIFTY_2026.parquet,bae9943b2fa99ee9c1214fb7c695b84f9f661a050a5cd04d9c5c2ffc7bc59f73
ATM_UP_MIRROR_GAP_K3M3,2026-04-13,2026-03-24,2026-04-08T10:00:00+05:30,2026-04-10T14:00:00+05:30,23898.8,23900.0,23950.0,24350.0,231.65,206.25,71.35,76.20000000000002,3.0,0.06364829396325487,USABLE_OHLC,upstox_intraday/NIFTY/NIFTY_2026.parquet,bae9943b2fa99ee9c1214fb7c695b84f9f661a050a5cd04d9c5c2ffc7bc59f73
ATM_UP_MIRROR_GAP_K3M4,2026-04-13,2026-03-24,2026-04-08T10:00:00+05:30,2026-04-10T14:00:00+05:30,23898.8,23900.0,23950.0,24250.0,231.65,206.25,94.75,101.60000000000002,4.0,0.0674212598425199,USABLE_OHLC,upstox_intraday/NIFTY/NIFTY_2026.parquet,bae9943b2fa99ee9c1214fb7c695b84f9f661a050a5cd04d9c5c2ffc7bc59f73
ITM1_NEXT1_K3M0.5,2026-04-13,2026-03-24,2026-04-08T10:00:00+05:30,2026-04-10T14:00:00+05:30,23898.8,23850.0,23900.0,24900.0,258.65,231.65,13.75,13.499999999999986,0.5,0.01851851851851959,USABLE_OHLC,upstox_intraday/NIFTY/NIFTY_2026.parquet,bae9943b2fa99ee9c1214fb7c695b84f9f661a050a5cd04d9c5c2ffc7bc59f73
ITM1_NEXT1_K3M1,2026-04-13,2026-03-24,2026-04-08T10:00:00+05:30,2026-04-10T14:00:00+05:30,23898.8,23850.0,23900.0,24650.0,258.65,231.65,29.0,26.99999999999997,1.0,0.07407407407407521,USABLE_OHLC,upstox_intraday/NIFTY/NIFTY_2026.parquet,bae9943b2fa99ee9c1214fb7c695b84f9f661a050a5cd04d9c5c2ffc7bc59f73
ITM1_NEXT1_K3M1.5,2026-04-13,2026-03-24,2026-04-08T10:00:00+05:30,2026-04-10T14:00:00+05:30,23898.8,23850.0,23900.0,24550.0,258.65,231.65,39.35,40.49999999999996,1.5,0.028395061728394004,USABLE_OHLC,upstox_intraday/NIFTY/NIFTY_2026.parquet,bae9943b2fa99ee9c1214fb7c695b84f9f661a050a5cd04d9c5c2ffc7bc59f73
ITM1_NEXT1_K3M2,2026-04-13,2026-03-24,2026-04-08T10:00:00+05:30,2026-04-10T14:00:00+05:30,23898.8,23850.0,23900.0,24450.0,258.65,231.65,53.1,53.99999999999994,2.0,0.016666666666665605,USABLE_OHLC,upstox_intraday/NIFTY/NIFTY_2026.parquet,bae9943b2fa99ee9c1214fb7c695b84f9f661a050a5cd04d9c5c2ffc7bc59f73
ITM1_NEXT1_K3M2.5,2026-04-13,2026-03-24,2026-04-08T10:00:00+05:30,2026-04-10T14:00:00+05:30,23898.8,23850.0,23900.0,24350.0,258.65,231.65,71.35,67.49999999999993,2.5,0.057037037037038066,USABLE_OHLC,upstox_intraday/NIFTY/NIFTY_2026.parquet,bae9943b2fa99ee9c1214fb7c695b84f9f661a050a5cd04d9c5c2ffc7bc59f73
ITM1_NEXT1_K3M3,2026-04-13,2026-03-24,2026-04-08T10:00:00+05:30,2026-04-10T14:00:00+05:30,23898.8,23850.0,23900.0,24300.0,258.65,231.65,82.55,80.99999999999991,3.0,0.01913580246913684,USABLE_OHLC,upstox_intraday/NIFTY/NIFTY_2026.parquet,bae9943b2fa99ee9c1214fb7c695b84f9f661a050a5cd04d9c5c2ffc7bc59f73
ITM1_NEXT1_K3M4,2026-04-13,2026-03-24,2026-04-08T10:00:00+05:30,2026-04-10T14:00:00+05:30,23898.8,23850.0,23900.0,24200.0,258.65,231.65,108.95,107.99999999999989,4.0,0.008796296296297385,USABLE_OHLC,upstox_intraday/NIFTY/NIFTY_2026.parquet,bae9943b2fa99ee9c1214fb7c695b84f9f661a050a5cd04d9c5c2ffc7bc59f73
ITM1_NEXT2_K3M0.5,2026-04-13,2026-03-24,2026-04-08T10:00:00+05:30,2026-04-10T14:00:00+05:30,23898.8,23850.0,23950.0,24700.0,258.65,206.25,24.9,26.19999999999999,0.5,0.04961832061068666,USABLE_OHLC,upstox_intraday/NIFTY/NIFTY_2026.parquet,bae9943b2fa99ee9c1214fb7c695b84f9f661a050a5cd04d9c5c2ffc7bc59f73
ITM1_NEXT2_K3M1,2026-04-13,2026-03-24,2026-04-08T10:00:00+05:30,2026-04-10T14:00:00+05:30,23898.8,23850.0,23950.0,24450.0,258.65,206.25,53.1,52.39999999999998,1.0,0.013358778625954665,USABLE_OHLC,upstox_intraday/NIFTY/NIFTY_2026.parquet,bae9943b2fa99ee9c1214fb7c695b84f9f661a050a5cd04d9c5c2ffc7bc59f73
ITM1_NEXT2_K3M1.5,2026-04-13,2026-03-24,2026-04-08T10:00:00+05:30,2026-04-10T14:00:00+05:30,23898.8,23850.0,23950.0,24300.0,258.65,206.25,82.55,78.59999999999997,1.5,0.05025445292620907,USABLE_OHLC,upstox_intraday/NIFTY/NIFTY_2026.parquet,bae9943b2fa99ee9c1214fb7c695b84f9f661a050a5cd04d9c5c2ffc7bc59f73
ITM1_NEXT2_K3M2,2026-04-13,2026-03-24,2026-04-08T10:00:00+05:30,2026-04-10T14:00:00+05:30,23898.8,23850.0,23950.0,24200.0,258.65,206.25,108.95,104.79999999999995,2.0,0.03959923664122185,USABLE_OHLC,upstox_intraday/NIFTY/NIFTY_2026.parquet,bae9943b2fa99ee9c1214fb7c695b84f9f661a050a5cd04d9c5c2ffc7bc59f73
ITM1_NEXT2_K3M2.5,2026-04-13,2026-03-24,2026-04-08T10:00:00+05:30,2026-04-10T14:00:00+05:30,23898.8,23850.0,23950.0,24150.0,258.65,206.25,124.8,130.99999999999994,2.5,0.04732824427480877,USABLE_OHLC,upstox_intraday/NIFTY/NIFTY_2026.parquet,bae9943b2fa99ee9c1214fb7c695b84f9f661a050a5cd04d9c5c2ffc7bc59f73
ITM1_NEXT2_K3M3,2026-04-13,2026-03-24,2026-04-08T10:00:00+05:30,2026-04-10T14:00:00+05:30,23898.8,23850.0,23950.0,24050.0,258.65,206.25,161.7,157.19999999999993,3.0,0.028625954198473656,USABLE_OHLC,upstox_intraday/NIFTY/NIFTY_2026.parquet,bae9943b2fa99ee9c1214fb7c695b84f9f661a050a5cd04d9c5c2ffc7bc59f73
ITM1_NEXT2_K3M4,2026-04-13,2026-03-24,2026-04-08T10:00:00+05:30,2026-04-10T14:00:00+05:30,23898.8,23850.0,23950.0,24000.0,258.65,206.25,182.9,209.5999999999999,4.0,0.1273854961832057,USABLE_OHLC,upstox_intraday/NIFTY/NIFTY_2026.parquet,bae9943b2fa99ee9c1214fb7c695b84f9f661a050a5cd04d9c5c2ffc7bc59f73
ITM1_NEXT3_K3M0.5,2026-04-13,2026-03-24,2026-04-08T10:00:00+05:30,2026-04-10T14:00:00+05:30,23898.8,23850.0,24000.0,24550.0,258.65,182.9,39.35,37.874999999999986,0.5,0.03894389438943937,USABLE_OHLC,upstox_intraday/NIFTY/NIFTY_2026.parquet,bae9943b2fa99ee9c1214fb7c695b84f9f661a050a5cd04d9c5c2ffc7bc59f73
ITM1_NEXT3_K3M1,2026-04-13,2026-03-24,2026-04-08T10:00:00+05:30,2026-04-10T14:00:00+05:30,23898.8,23850.0,24000.0,24350.0,258.65,182.9,71.35,75.74999999999997,1.0,0.05808580858085781,USABLE_OHLC,upstox_intraday/NIFTY/NIFTY_2026.parquet,bae9943b2fa99ee9c1214fb7c695b84f9f661a050a5cd04d9c5c2ffc7bc59f73
ITM1_NEXT3_K3M1.5,2026-04-13,2026-03-24,2026-04-08T10:00:00+05:30,2026-04-10T14:00:00+05:30,23898.8,23850.0,24000.0,24200.0,258.65,182.9,108.95,113.62499999999996,1.5,0.04114411441144076,USABLE_OHLC,upstox_intraday/NIFTY/NIFTY_2026.parquet,bae9943b2fa99ee9c1214fb7c695b84f9f661a050a5cd04d9c5c2ffc7bc59f73
ITM1_NEXT3_K3M2,2026-04-13,2026-03-24,2026-04-08T10:00:00+05:30,2026-04-10T14:00:00+05:30,23898.8,23850.0,24000.0,24100.0,258.65,182.9,142.05,151.49999999999994,2.0,0.06237623762376195,USABLE_OHLC,upstox_intraday/NIFTY/NIFTY_2026.parquet,bae9943b2fa99ee9c1214fb7c695b84f9f661a050a5cd04d9c5c2ffc7bc59f73
ITM1_NEXT3_K3M2.5,2026-04-13,2026-03-24,2026-04-08T10:00:00+05:30,2026-04-10T14:00:00+05:30,23898.8,23850.0,24000.0,24050.0,258.65,182.9,161.7,189.37499999999994,2.5,0.14613861386138594,USABLE_OHLC,upstox_intraday/NIFTY/NIFTY_2026.parquet,bae9943b2fa99ee9c1214fb7c695b84f9f661a050a5cd04d9c5c2ffc7bc59f73
ITM1_NEXT3_K3M3,2026-04-13,2026-03-24,2026-04-08T10:00:00+05:30,2026-04-10T14:00:00+05:30,23898.8,23850.0,24000.0,24050.0,258.65,182.9,161.7,227.24999999999991,3.0,0.28844884488448824,USABLE_OHLC,upstox_intraday/NIFTY/NIFTY_2026.parquet,bae9943b2fa99ee9c1214fb7c695b84f9f661a050a5cd04d9c5c2ffc7bc59f73
ITM1_NEXT3_K3M4,2026-04-13,2026-03-24,2026-04-08T10:00:00+05:30,2026-04-10T14:00:00+05:30,23898.8,23850.0,24000.0,24050.0,258.65,182.9,161.7,302.9999999999999,4.0,0.4663366336633662,USABLE_OHLC,upstox_intraday/NIFTY/NIFTY_2026.parquet,bae9943b2fa99ee9c1214fb7c695b84f9f661a050a5cd04d9c5c2ffc7bc59f73
ITM1_MIRROR_GAP_K3M0.5,2026-04-13,2026-03-24,2026-04-08T10:00:00+05:30,2026-04-10T14:00:00+05:30,23898.8,23850.0,23900.0,24900.0,258.65,231.65,13.75,13.499999999999986,0.5,0.01851851851851959,USABLE_OHLC,upstox_intraday/NIFTY/NIFTY_2026.parquet,bae9943b2fa99ee9c1214fb7c695b84f9f661a050a5cd04d9c5c2ffc7bc59f73
ITM1_MIRROR_GAP_K3M1,2026-04-13,2026-03-24,2026-04-08T10:00:00+05:30,2026-04-10T14:00:00+05:30,23898.8,23850.0,23900.0,24650.0,258.65,231.65,29.0,26.99999999999997,1.0,0.07407407407407521,USABLE_OHLC,upstox_intraday/NIFTY/NIFTY_2026.parquet,bae9943b2fa99ee9c1214fb7c695b84f9f661a050a5cd04d9c5c2ffc7bc59f73
ITM1_MIRROR_GAP_K3M1.5,2026-04-13,2026-03-24,2026-04-08T10:00:00+05:30,2026-04-10T14:00:00+05:30,23898.8,23850.0,23900.0,24550.0,258.65,231.65,39.35,40.49999999999996,1.5,0.028395061728394004,USABLE_OHLC,upstox_intraday/NIFTY/NIFTY_2026.parquet,bae9943b2fa99ee9c1214fb7c695b84f9f661a050a5cd04d9c5c2ffc7bc59f73
ITM1_MIRROR_GAP_K3M2,2026-04-13,2026-03-24,2026-04-08T10:00:00+05:30,2026-04-10T14:00:00+05:30,23898.8,23850.0,23900.0,24450.0,258.65,231.65,53.1,53.99999999999994,2.0,0.016666666666665605,USABLE_OHLC,upstox_intraday/NIFTY/NIFTY_2026.parquet,bae9943b2fa99ee9c1214fb7c695b84f9f661a050a5cd04d9c5c2ffc7bc59f73
ITM1_MIRROR_GAP_K3M2.5,2026-04-13,2026-03-24,2026-04-08T10:00:00+05:30,2026-04-10T14:00:00+05:30,23898.8,23850.0,23900.0,24350.0,258.65,231.65,71.35,67.49999999999993,2.5,0.057037037037038066,USABLE_OHLC,upstox_intraday/NIFTY/NIFTY_2026.parquet,bae9943b2fa99ee9c1214fb7c695b84f9f661a050a5cd04d9c5c2ffc7bc59f73
ITM1_MIRROR_GAP_K3M3,2026-04-13,2026-03-24,2026-04-08T10:00:00+05:30,2026-04-10T14:00:00+05:30,23898.8,23850.0,23900.0,24300.0,258.65,231.65,82.55,80.99999999999991,3.0,0.01913580246913684,USABLE_OHLC,upstox_intraday/NIFTY/NIFTY_2026.parquet,bae9943b2fa99ee9c1214fb7c695b84f9f661a050a5cd04d9c5c2ffc7bc59f73
ITM1_MIRROR_GAP_K3M4,2026-04-13,2026-03-24,2026-04-08T10:00:00+05:30,2026-04-10T14:00:00+05:30,23898.8,23850.0,23900.0,24200.0,258.65,231.65,108.95,107.99999999999989,4.0,0.008796296296297385,USABLE_OHLC,upstox_intraday/NIFTY/NIFTY_2026.parquet,bae9943b2fa99ee9c1214fb7c695b84f9f661a050a5cd04d9c5c2ffc7bc59f73
ITM2_NEXT1_K3M0.5,2026-04-13,2026-03-24,2026-04-08T10:00:00+05:30,2026-04-10T14:00:00+05:30,23898.8,23800.0,23850.0,24900.0,287.7,258.65,13.75,14.525000000000006,0.5,0.05335628227194529,USABLE_OHLC,upstox_intraday/NIFTY/NIFTY_2026.parquet,bae9943b2fa99ee9c1214fb7c695b84f9f661a050a5cd04d9c5c2ffc7bc59f73
ITM2_NEXT1_K3M1,2026-04-13,2026-03-24,2026-04-08T10:00:00+05:30,2026-04-10T14:00:00+05:30,23898.8,23800.0,23850.0,24650.0,287.7,258.65,29.0,29.05000000000001,1.0,0.0017211703958695816,USABLE_OHLC,upstox_intraday/NIFTY/NIFTY_2026.parquet,bae9943b2fa99ee9c1214fb7c695b84f9f661a050a5cd04d9c5c2ffc7bc59f73
ITM2_NEXT1_K3M1.5,2026-04-13,2026-03-24,2026-04-08T10:00:00+05:30,2026-04-10T14:00:00+05:30,23898.8,23800.0,23850.0,24500.0,287.7,258.65,45.85,43.57500000000002,1.5,0.052208835341365084,USABLE_OHLC,upstox_intraday/NIFTY/NIFTY_2026.parquet,bae9943b2fa99ee9c1214fb7c695b84f9f661a050a5cd04d9c5c2ffc7bc59f73
ITM2_NEXT1_K3M2,2026-04-13,2026-03-24,2026-04-08T10:00:00+05:30,2026-04-10T14:00:00+05:30,23898.8,23800.0,23850.0,24400.0,287.7,258.65,61.45,58.10000000000002,2.0,0.05765920826161754,USABLE_OHLC,upstox_intraday/NIFTY/NIFTY_2026.parquet,bae9943b2fa99ee9c1214fb7c695b84f9f661a050a5cd04d9c5c2ffc7bc59f73
ITM2_NEXT1_K3M2.5,2026-04-13,2026-03-24,2026-04-08T10:00:00+05:30,2026-04-10T14:00:00+05:30,23898.8,23800.0,23850.0,24350.0,287.7,258.65,71.35,72.62500000000003,2.5,0.01755593803786621,USABLE_OHLC,upstox_intraday/NIFTY/NIFTY_2026.parquet,bae9943b2fa99ee9c1214fb7c695b84f9f661a050a5cd04d9c5c2ffc7bc59f73
ITM2_NEXT1_K3M3,2026-04-13,2026-03-24,2026-04-08T10:00:00+05:30,2026-04-10T14:00:00+05:30,23898.8,23800.0,23850.0,24300.0,287.7,258.65,82.55,87.15000000000003,3.0,0.0527825588066556,USABLE_OHLC,upstox_intraday/NIFTY/NIFTY_2026.parquet,bae9943b2fa99ee9c1214fb7c695b84f9f661a050a5cd04d9c5c2ffc7bc59f73
ITM2_NEXT1_K3M4,2026-04-13,2026-03-24,2026-04-08T10:00:00+05:30,2026-04-10T14:00:00+05:30,23898.8,23800.0,23850.0,24200.0,287.7,258.65,108.95,116.20000000000005,4.0,0.06239242685025852,USABLE_OHLC,upstox_intraday/NIFTY/NIFTY_2026.parquet,bae9943b2fa99ee9c1214fb7c695b84f9f661a050a5cd04d9c5c2ffc7bc59f73
ITM2_NEXT2_K3M0.5,2026-04-13,2026-03-24,2026-04-08T10:00:00+05:30,2026-04-10T14:00:00+05:30,23898.8,23800.0,23900.0,24650.0,287.7,231.65,29.0,28.02499999999999,0.5,0.03479036574487097,USABLE_OHLC,upstox_intraday/NIFTY/NIFTY_2026.parquet,bae9943b2fa99ee9c1214fb7c695b84f9f661a050a5cd04d9c5c2ffc7bc59f73
ITM2_NEXT2_K3M1,2026-04-13,2026-03-24,2026-04-08T10:00:00+05:30,2026-04-10T14:00:00+05:30,23898.8,23800.0,23900.0,24450.0,287.7,231.65,53.1,56.04999999999998,1.0,0.052631578947368106,USABLE_OHLC,upstox_intraday/NIFTY/NIFTY_2026.parquet,bae9943b2fa99ee9c1214fb7c695b84f9f661a050a5cd04d9c5c2ffc7bc59f73
ITM2_NEXT2_K3M1.5,2026-04-13,2026-03-24,2026-04-08T10:00:00+05:30,2026-04-10T14:00:00+05:30,23898.8,23800.0,23900.0,24300.0,287.7,231.65,82.55,84.07499999999997,1.5,0.018138566755872467,USABLE_OHLC,upstox_intraday/NIFTY/NIFTY_2026.parquet,bae9943b2fa99ee9c1214fb7c695b84f9f661a050a5cd04d9c5c2ffc7bc59f73
ITM2_NEXT2_K3M2,2026-04-13,2026-03-24,2026-04-08T10:00:00+05:30,2026-04-10T14:00:00+05:30,23898.8,23800.0,23900.0,24200.0,287.7,231.65,108.95,112.09999999999997,2.0,0.028099910793933668,USABLE_OHLC,upstox_intraday/NIFTY/NIFTY_2026.parquet,bae9943b2fa99ee9c1214fb7c695b84f9f661a050a5cd04d9c5c2ffc7bc59f73
ITM2_NEXT2_K3M2.5,2026-04-13,2026-03-24,2026-04-08T10:00:00+05:30,2026-04-10T14:00:00+05:30,23898.8,23800.0,23900.0,24100.0,287.7,231.65,142.05,140.12499999999994,2.5,0.013737734165923774,USABLE_OHLC,upstox_intraday/NIFTY/NIFTY_2026.parquet,bae9943b2fa99ee9c1214fb7c695b84f9f661a050a5cd04d9c5c2ffc7bc59f73
ITM2_NEXT2_K3M3,2026-04-13,2026-03-24,2026-04-08T10:00:00+05:30,2026-04-10T14:00:00+05:30,23898.8,23800.0,23900.0,24050.0,287.7,231.65,161.7,168.14999999999995,3.0,0.03835860838536998,USABLE_OHLC,upstox_intraday/NIFTY/NIFTY_2026.parquet,bae9943b2fa99ee9c1214fb7c695b84f9f661a050a5cd04d9c5c2ffc7bc59f73
ITM2_NEXT2_K3M4,2026-04-13,2026-03-24,2026-04-08T10:00:00+05:30,2026-04-10T14:00:00+05:30,23898.8,23800.0,23900.0,23950.0,287.7,231.65,206.25,224.19999999999993,4.0,0.08006244424620847,USABLE_OHLC,upstox_intraday/NIFTY/NIFTY_2026.parquet,bae9943b2fa99ee9c1214fb7c695b84f9f661a050a5cd04d9c5c2ffc7bc59f73
ITM2_NEXT3_K3M0.5,2026-04-13,2026-03-24,2026-04-08T10:00:00+05:30,2026-04-10T14:00:00+05:30,23898.8,23800.0,23950.0,24550.0,287.7,206.25,39.35,40.724999999999994,0.5,0.0337630448127684,USABLE_OHLC,upstox_intraday/NIFTY/NIFTY_2026.parquet,bae9943b2fa99ee9c1214fb7c695b84f9f661a050a5cd04d9c5c2ffc7bc59f73
ITM2_NEXT3_K3M1,2026-04-13,2026-03-24,2026-04-08T10:00:00+05:30,2026-04-10T14:00:00+05:30,23898.8,23800.0,23950.0,24300.0,287.7,206.25,82.55,81.44999999999999,1.0,0.013505217925107534,USABLE_OHLC,upstox_intraday/NIFTY/NIFTY_2026.parquet,bae9943b2fa99ee9c1214fb7c695b84f9f661a050a5cd04d9c5c2ffc7bc59f73
ITM2_NEXT3_K3M1.5,2026-04-13,2026-03-24,2026-04-08T10:00:00+05:30,2026-04-10T14:00:00+05:30,23898.8,23800.0,23950.0,24150.0,287.7,206.25,124.8,122.17499999999998,1.5,0.021485573971761936,USABLE_OHLC,upstox_intraday/NIFTY/NIFTY_2026.parquet,bae9943b2fa99ee9c1214fb7c695b84f9f661a050a5cd04d9c5c2ffc7bc59f73
ITM2_NEXT3_K3M2,2026-04-13,2026-03-24,2026-04-08T10:00:00+05:30,2026-04-10T14:00:00+05:30,23898.8,23800.0,23950.0,24050.0,287.7,206.25,161.7,162.89999999999998,2.0,0.0073664825046039824,USABLE_OHLC,upstox_intraday/NIFTY/NIFTY_2026.parquet,bae9943b2fa99ee9c1214fb7c695b84f9f661a050a5cd04d9c5c2ffc7bc59f73
ITM2_NEXT3_K3M2.5,2026-04-13,2026-03-24,2026-04-08T10:00:00+05:30,2026-04-10T14:00:00+05:30,23898.8,23800.0,23950.0,24000.0,287.7,206.25,182.9,203.62499999999997,2.5,0.10178023327194582,USABLE_OHLC,upstox_intraday/NIFTY/NIFTY_2026.parquet,bae9943b2fa99ee9c1214fb7c695b84f9f661a050a5cd04d9c5c2ffc7bc59f73
ITM2_NEXT3_K3M3,2026-04-13,2026-03-24,2026-04-08T10:00:00+05:30,2026-04-10T14:00:00+05:30,23898.8,23800.0,23950.0,24000.0,287.7,206.25,182.9,244.34999999999997,3.0,0.2514835277266215,USABLE_OHLC,upstox_intraday/NIFTY/NIFTY_2026.parquet,bae9943b2fa99ee9c1214fb7c695b84f9f661a050a5cd04d9c5c2ffc7bc59f73
ITM2_NEXT3_K3M4,2026-04-13,2026-03-24,2026-04-08T10:00:00+05:30,2026-04-10T14:00:00+05:30,23898.8,23800.0,23950.0,24000.0,287.7,206.25,182.9,325.79999999999995,4.0,0.4386126457949661,USABLE_OHLC,upstox_intraday/NIFTY/NIFTY_2026.parquet,bae9943b2fa99ee9c1214fb7c695b84f9f661a050a5cd04d9c5c2ffc7bc59f73
ITM2_MIRROR_GAP_K3M0.5,2026-04-13,2026-03-24,2026-04-08T10:00:00+05:30,2026-04-10T14:00:00+05:30,23898.8,23800.0,23900.0,24650.0,287.7,231.65,29.0,28.02499999999999,0.5,0.03479036574487097,USABLE_OHLC,upstox_intraday/NIFTY/NIFTY_2026.parquet,bae9943b2fa99ee9c1214fb7c695b84f9f661a050a5cd04d9c5c2ffc7bc59f73
ITM2_MIRROR_GAP_K3M1,2026-04-13,2026-03-24,2026-04-08T10:00:00+05:30,2026-04-10T14:00:00+05:30,23898.8,23800.0,23900.0,24450.0,287.7,231.65,53.1,56.04999999999998,1.0,0.052631578947368106,USABLE_OHLC,upstox_intraday/NIFTY/NIFTY_2026.parquet,bae9943b2fa99ee9c1214fb7c695b84f9f661a050a5cd04d9c5c2ffc7bc59f73
ITM2_MIRROR_GAP_K3M1.5,2026-04-13,2026-03-24,2026-04-08T10:00:00+05:30,2026-04-10T14:00:00+05:30,23898.8,23800.0,23900.0,24300.0,287.7,231.65,82.55,84.07499999999997,1.5,0.018138566755872467,USABLE_OHLC,upstox_intraday/NIFTY/NIFTY_2026.parquet,bae9943b2fa99ee9c1214fb7c695b84f9f661a050a5cd04d9c5c2ffc7bc59f73
ITM2_MIRROR_GAP_K3M2,2026-04-13,2026-03-24,2026-04-08T10:00:00+05:30,2026-04-10T14:00:00+05:30,23898.8,23800.0,23900.0,24200.0,287.7,231.65,108.95,112.09999999999997,2.0,0.028099910793933668,USABLE_OHLC,upstox_intraday/NIFTY/NIFTY_2026.parquet,bae9943b2fa99ee9c1214fb7c695b84f9f661a050a5cd04d9c5c2ffc7bc59f73
ITM2_MIRROR_GAP_K3M2.5,2026-04-13,2026-03-24,2026-04-08T10:00:00+05:30,2026-04-10T14:00:00+05:30,23898.8,23800.0,23900.0,24100.0,287.7,231.65,142.05,140.12499999999994,2.5,0.013737734165923774,USABLE_OHLC,upstox_intraday/NIFTY/NIFTY_2026.parquet,bae9943b2fa99ee9c1214fb7c695b84f9f661a050a5cd04d9c5c2ffc7bc59f73
ITM2_MIRROR_GAP_K3M3,2026-04-13,2026-03-24,2026-04-08T10:00:00+05:30,2026-04-10T14:00:00+05:30,23898.8,23800.0,23900.0,24050.0,287.7,231.65,161.7,168.14999999999995,3.0,0.03835860838536998,USABLE_OHLC,upstox_intraday/NIFTY/NIFTY_2026.parquet,bae9943b2fa99ee9c1214fb7c695b84f9f661a050a5cd04d9c5c2ffc7bc59f73
ITM2_MIRROR_GAP_K3M4,2026-04-13,2026-03-24,2026-04-08T10:00:00+05:30,2026-04-10T14:00:00+05:30,23898.8,23800.0,23900.0,23950.0,287.7,231.65,206.25,224.19999999999993,4.0,0.08006244424620847,USABLE_OHLC,upstox_intraday/NIFTY/NIFTY_2026.parquet,bae9943b2fa99ee9c1214fb7c695b84f9f661a050a5cd04d9c5c2ffc7bc59f73
ITM3_NEXT1_K3M0.5,2026-04-13,2026-03-24,2026-04-08T10:00:00+05:30,2026-04-10T14:00:00+05:30,23898.8,23750.0,23800.0,24850.0,318.3,287.7,15.95,15.300000000000011,0.5,0.04248366013071813,USABLE_OHLC,upstox_intraday/NIFTY/NIFTY_2026.parquet,bae9943b2fa99ee9c1214fb7c695b84f9f661a050a5cd04d9c5c2ffc7bc59f73
ITM3_NEXT1_K3M1,2026-04-13,2026-03-24,2026-04-08T10:00:00+05:30,2026-04-10T14:00:00+05:30,23898.8,23750.0,23800.0,24650.0,318.3,287.7,29.0,30.600000000000023,1.0,0.05228758169934711,USABLE_OHLC,upstox_intraday/NIFTY/NIFTY_2026.parquet,bae9943b2fa99ee9c1214fb7c695b84f9f661a050a5cd04d9c5c2ffc7bc59f73
ITM3_NEXT1_K3M1.5,2026-04-13,2026-03-24,2026-04-08T10:00:00+05:30,2026-04-10T14:00:00+05:30,23898.8,23750.0,23800.0,24500.0,318.3,287.7,45.85,45.900000000000034,1.5,0.0010893246187370948,USABLE_OHLC,upstox_intraday/NIFTY/NIFTY_2026.parquet,bae9943b2fa99ee9c1214fb7c695b84f9f661a050a5cd04d9c5c2ffc7bc59f73
ITM3_NEXT1_K3M2,2026-04-13,2026-03-24,2026-04-08T10:00:00+05:30,2026-04-10T14:00:00+05:30,23898.8,23750.0,23800.0,24400.0,318.3,287.7,61.45,61.200000000000045,2.0,0.004084967320260738,USABLE_OHLC,upstox_intraday/NIFTY/NIFTY_2026.parquet,bae9943b2fa99ee9c1214fb7c695b84f9f661a050a5cd04d9c5c2ffc7bc59f73
ITM3_NEXT1_K3M2.5,2026-04-13,2026-03-24,2026-04-08T10:00:00+05:30,2026-04-10T14:00:00+05:30,23898.8,23750.0,23800.0,24350.0,318.3,287.7,71.35,76.50000000000006,2.5,0.06732026143790927,USABLE_OHLC,upstox_intraday/NIFTY/NIFTY_2026.parquet,bae9943b2fa99ee9c1214fb7c695b84f9f661a050a5cd04d9c5c2ffc7bc59f73
ITM3_NEXT1_K3M3,2026-04-13,2026-03-24,2026-04-08T10:00:00+05:30,2026-04-10T14:00:00+05:30,23898.8,23750.0,23800.0,24250.0,318.3,287.7,94.75,91.80000000000007,3.0,0.03213507625272254,USABLE_OHLC,upstox_intraday/NIFTY/NIFTY_2026.parquet,bae9943b2fa99ee9c1214fb7c695b84f9f661a050a5cd04d9c5c2ffc7bc59f73
ITM3_NEXT1_K3M4,2026-04-13,2026-03-24,2026-04-08T10:00:00+05:30,2026-04-10T14:00:00+05:30,23898.8,23750.0,23800.0,24150.0,318.3,287.7,124.8,122.40000000000009,4.0,0.01960784313725412,USABLE_OHLC,upstox_intraday/NIFTY/NIFTY_2026.parquet,bae9943b2fa99ee9c1214fb7c695b84f9f661a050a5cd04d9c5c2ffc7bc59f73
ITM3_NEXT2_K3M0.5,2026-04-13,2026-03-24,2026-04-08T10:00:00+05:30,2026-04-10T14:00:00+05:30,23898.8,23750.0,23850.0,24650.0,318.3,258.65,29.0,29.825000000000017,0.5,0.027661357921207597,USABLE_OHLC,upstox_intraday/NIFTY/NIFTY_2026.parquet,bae9943b2fa99ee9c1214fb7c695b84f9f661a050a5cd04d9c5c2ffc7bc59f73
ITM3_NEXT2_K3M1,2026-04-13,2026-03-24,2026-04-08T10:00:00+05:30,2026-04-10T14:00:00+05:30,23898.8,23750.0,23850.0,24400.0,318.3,258.65,61.45,59.650000000000034,1.0,0.030176026823134413,USABLE_OHLC,upstox_intraday/NIFTY/NIFTY_2026.parquet,bae9943b2fa99ee9c1214fb7c695b84f9f661a050a5cd04d9c5c2ffc7bc59f73
ITM3_NEXT2_K3M1.5,2026-04-13,2026-03-24,2026-04-08T10:00:00+05:30,2026-04-10T14:00:00+05:30,23898.8,23750.0,23850.0,24250.0,318.3,258.65,94.75,89.47500000000005,1.5,0.05895501536742046,USABLE_OHLC,upstox_intraday/NIFTY/NIFTY_2026.parquet,bae9943b2fa99ee9c1214fb7c695b84f9f661a050a5cd04d9c5c2ffc7bc59f73
ITM3_NEXT2_K3M2,2026-04-13,2026-03-24,2026-04-08T10:00:00+05:30,2026-04-10T14:00:00+05:30,23898.8,23750.0,23850.0,24150.0,318.3,258.65,124.8,119.30000000000007,2.0,0.046102263202011114,USABLE_OHLC,upstox_intraday/NIFTY/NIFTY_2026.parquet,bae9943b2fa99ee9c1214fb7c695b84f9f661a050a5cd04d9c5c2ffc7bc59f73
ITM3_NEXT2_K3M2.5,2026-04-13,2026-03-24,2026-04-08T10:00:00+05:30,2026-04-10T14:00:00+05:30,23898.8,23750.0,23850.0,24100.0,318.3,258.65,142.05,149.12500000000009,2.5,0.04744341994970709,USABLE_OHLC,upstox_intraday/NIFTY/NIFTY_2026.parquet,bae9943b2fa99ee9c1214fb7c695b84f9f661a050a5cd04d9c5c2ffc7bc59f73
ITM3_NEXT2_K3M3,2026-04-13,2026-03-24,2026-04-08T10:00:00+05:30,2026-04-10T14:00:00+05:30,23898.8,23750.0,23850.0,24000.0,318.3,258.65,182.9,178.9500000000001,3.0,0.022073204805811125,USABLE_OHLC,upstox_intraday/NIFTY/NIFTY_2026.parquet,bae9943b2fa99ee9c1214fb7c695b84f9f661a050a5cd04d9c5c2ffc7bc59f73
ITM3_NEXT2_K3M4,2026-04-13,2026-03-24,2026-04-08T10:00:00+05:30,2026-04-10T14:00:00+05:30,23898.8,23750.0,23850.0,23900.0,318.3,258.65,231.65,238.60000000000014,4.0,0.029128248113998854,USABLE_OHLC,upstox_intraday/NIFTY/NIFTY_2026.parquet,bae9943b2fa99ee9c1214fb7c695b84f9f661a050a5cd04d9c5c2ffc7bc59f73
ITM3_NEXT3_K3M0.5,2026-04-13,2026-03-24,2026-04-08T10:00:00+05:30,2026-04-10T14:00:00+05:30,23898.8,23750.0,23900.0,24500.0,318.3,231.65,45.85,43.325,0.5,0.05828043854587417,USABLE_OHLC,upstox_intraday/NIFTY/NIFTY_2026.parquet,bae9943b2fa99ee9c1214fb7c695b84f9f661a050a5cd04d9c5c2ffc7bc59f73
ITM3_NEXT3_K3M1,2026-04-13,2026-03-24,2026-04-08T10:00:00+05:30,2026-04-10T14:00:00+05:30,23898.8,23750.0,23900.0,24300.0,318.3,231.65,82.55,86.65,1.0,0.04731679169070985,USABLE_OHLC,upstox_intraday/NIFTY/NIFTY_2026.parquet,bae9943b2fa99ee9c1214fb7c695b84f9f661a050a5cd04d9c5c2ffc7bc59f73
ITM3_NEXT3_K3M1.5,2026-04-13,2026-03-24,2026-04-08T10:00:00+05:30,2026-04-10T14:00:00+05:30,23898.8,23750.0,23900.0,24150.0,318.3,231.65,124.8,129.97500000000002,1.5,0.03981534910559742,USABLE_OHLC,upstox_intraday/NIFTY/NIFTY_2026.parquet,bae9943b2fa99ee9c1214fb7c695b84f9f661a050a5cd04d9c5c2ffc7bc59f73
ITM3_NEXT3_K3M2,2026-04-13,2026-03-24,2026-04-08T10:00:00+05:30,2026-04-10T14:00:00+05:30,23898.8,23750.0,23900.0,24000.0,318.3,231.65,182.9,173.3,2.0,0.055395268320830894,USABLE_OHLC,upstox_intraday/NIFTY/NIFTY_2026.parquet,bae9943b2fa99ee9c1214fb7c695b84f9f661a050a5cd04d9c5c2ffc7bc59f73
ITM3_NEXT3_K3M2.5,2026-04-13,2026-03-24,2026-04-08T10:00:00+05:30,2026-04-10T14:00:00+05:30,23898.8,23750.0,23900.0,23950.0,318.3,231.65,206.25,216.625,2.5,0.04789382573571841,USABLE_OHLC,upstox_intraday/NIFTY/NIFTY_2026.parquet,bae9943b2fa99ee9c1214fb7c695b84f9f661a050a5cd04d9c5c2ffc7bc59f73
ITM3_NEXT3_K3M3,2026-04-13,2026-03-24,2026-04-08T10:00:00+05:30,2026-04-10T14:00:00+05:30,23898.8,23750.0,23900.0,23950.0,318.3,231.65,206.25,259.95000000000005,3.0,0.2065781881130988,USABLE_OHLC,upstox_intraday/NIFTY/NIFTY_2026.parquet,bae9943b2fa99ee9c1214fb7c695b84f9f661a050a5cd04d9c5c2ffc7bc59f73
ITM3_NEXT3_K3M4,2026-04-13,2026-03-24,2026-04-08T10:00:00+05:30,2026-04-10T14:00:00+05:30,23898.8,23750.0,23900.0,23950.0,318.3,231.65,206.25,346.6,4.0,0.40493364108482405,USABLE_OHLC,upstox_intraday/NIFTY/NIFTY_2026.parquet,bae9943b2fa99ee9c1214fb7c695b84f9f661a050a5cd04d9c5c2ffc7bc59f73
ITM3_MIRROR_GAP_K3M0.5,2026-04-13,2026-03-24,2026-04-08T10:00:00+05:30,2026-04-10T14:00:00+05:30,23898.8,23750.0,23900.0,24500.0,318.3,231.65,45.85,43.325,0.5,0.05828043854587417,USABLE_OHLC,upstox_intraday/NIFTY/NIFTY_2026.parquet,bae9943b2fa99ee9c1214fb7c695b84f9f661a050a5cd04d9c5c2ffc7bc59f73
ITM3_MIRROR_GAP_K3M1,2026-04-13,2026-03-24,2026-04-08T10:00:00+05:30,2026-04-10T14:00:00+05:30,23898.8,23750.0,23900.0,24300.0,318.3,231.65,82.55,86.65,1.0,0.04731679169070985,USABLE_OHLC,upstox_intraday/NIFTY/NIFTY_2026.parquet,bae9943b2fa99ee9c1214fb7c695b84f9f661a050a5cd04d9c5c2ffc7bc59f73
ITM3_MIRROR_GAP_K3M1.5,2026-04-13,2026-03-24,2026-04-08T10:00:00+05:30,2026-04-10T14:00:00+05:30,23898.8,23750.0,23900.0,24150.0,318.3,231.65,124.8,129.97500000000002,1.5,0.03981534910559742,USABLE_OHLC,upstox_intraday/NIFTY/NIFTY_2026.parquet,bae9943b2fa99ee9c1214fb7c695b84f9f661a050a5cd04d9c5c2ffc7bc59f73
ITM3_MIRROR_GAP_K3M2,2026-04-13,2026-03-24,2026-04-08T10:00:00+05:30,2026-04-10T14:00:00+05:30,23898.8,23750.0,23900.0,24000.0,318.3,231.65,182.9,173.3,2.0,0.055395268320830894,USABLE_OHLC,upstox_intraday/NIFTY/NIFTY_2026.parquet,bae9943b2fa99ee9c1214fb7c695b84f9f661a050a5cd04d9c5c2ffc7bc59f73
ITM3_MIRROR_GAP_K3M2.5,2026-04-13,2026-03-24,2026-04-08T10:00:00+05:30,2026-04-10T14:00:00+05:30,23898.8,23750.0,23900.0,23950.0,318.3,231.65,206.25,216.625,2.5,0.04789382573571841,USABLE_OHLC,upstox_intraday/NIFTY/NIFTY_2026.parquet,bae9943b2fa99ee9c1214fb7c695b84f9f661a050a5cd04d9c5c2ffc7bc59f73
ITM3_MIRROR_GAP_K3M3,2026-04-13,2026-03-24,2026-04-08T10:00:00+05:30,2026-04-10T14:00:00+05:30,23898.8,23750.0,23900.0,23950.0,318.3,231.65,206.25,259.95000000000005,3.0,0.2065781881130988,USABLE_OHLC,upstox_intraday/NIFTY/NIFTY_2026.parquet,bae9943b2fa99ee9c1214fb7c695b84f9f661a050a5cd04d9c5c2ffc7bc59f73
ITM3_MIRROR_GAP_K3M4,2026-04-13,2026-03-24,2026-04-08T10:00:00+05:30,2026-04-10T14:00:00+05:30,23898.8,23750.0,23900.0,23950.0,318.3,231.65,206.25,346.6,4.0,0.40493364108482405,USABLE_OHLC,upstox_intraday/NIFTY/NIFTY_2026.parquet,bae9943b2fa99ee9c1214fb7c695b84f9f661a050a5cd04d9c5c2ffc7bc59f73
OTM1_NEXT1_K3M0.5,2026-05-12,2026-04-21,2026-05-06T10:00:00+05:30,2026-05-11T14:00:00+05:30,24140.6,24150.0,24200.0,24950.0,216.75,190.5,12.4,13.125,0.5,0.05523809523809521,USABLE_OHLC,upstox_intraday/NIFTY/NIFTY_2026.parquet,bae9943b2fa99ee9c1214fb7c695b84f9f661a050a5cd04d9c5c2ffc7bc59f73
OTM1_NEXT1_K3M1,2026-05-12,2026-04-21,2026-05-06T10:00:00+05:30,2026-05-11T14:00:00+05:30,24140.6,24150.0,24200.0,24750.0,216.75,190.5,28.8,26.25,1.0,0.09714285714285717,USABLE_OHLC,upstox_intraday/NIFTY/NIFTY_2026.parquet,bae9943b2fa99ee9c1214fb7c695b84f9f661a050a5cd04d9c5c2ffc7bc59f73
OTM1_NEXT1_K3M1.5,2026-05-12,2026-04-21,2026-05-06T10:00:00+05:30,2026-05-11T14:00:00+05:30,24140.6,24150.0,24200.0,24650.0,216.75,190.5,43.0,39.375,1.5,0.09206349206349207,USABLE_OHLC,upstox_intraday/NIFTY/NIFTY_2026.parquet,bae9943b2fa99ee9c1214fb7c695b84f9f661a050a5cd04d9c5c2ffc7bc59f73
OTM1_NEXT1_K3M2,2026-05-12,2026-04-21,2026-05-06T10:00:00+05:30,2026-05-11T14:00:00+05:30,24140.6,24150.0,24200.0,24600.0,216.75,190.5,52.0,52.5,2.0,0.009523809523809525,USABLE_OHLC,upstox_intraday/NIFTY/NIFTY_2026.parquet,bae9943b2fa99ee9c1214fb7c695b84f9f661a050a5cd04d9c5c2ffc7bc59f73
OTM1_NEXT1_K3M2.5,2026-05-12,2026-04-21,2026-05-06T10:00:00+05:30,2026-05-11T14:00:00+05:30,24140.6,24150.0,24200.0,24550.0,216.75,190.5,62.7,65.625,2.5,0.044571428571428526,USABLE_OHLC,upstox_intraday/NIFTY/NIFTY_2026.parquet,bae9943b2fa99ee9c1214fb7c695b84f9f661a050a5cd04d9c5c2ffc7bc59f73
OTM1_NEXT1_K3M3,2026-05-12,2026-04-21,2026-05-06T10:00:00+05:30,2026-05-11T14:00:00+05:30,24140.6,24150.0,24200.0,24500.0,216.75,190.5,75.15,78.75,3.0,0.045714285714285645,USABLE_OHLC,upstox_intraday/NIFTY/NIFTY_2026.parquet,bae9943b2fa99ee9c1214fb7c695b84f9f661a050a5cd04d9c5c2ffc7bc59f73
OTM1_NEXT1_K3M4,2026-05-12,2026-04-21,2026-05-06T10:00:00+05:30,2026-05-11T14:00:00+05:30,24140.6,24150.0,24200.0,24400.0,216.75,190.5,105.35,105.0,4.0,0.0033333333333332793,USABLE_OHLC,upstox_intraday/NIFTY/NIFTY_2026.parquet,bae9943b2fa99ee9c1214fb7c695b84f9f661a050a5cd04d9c5c2ffc7bc59f73
OTM1_NEXT2_K3M0.5,2026-05-12,2026-04-21,2026-05-06T10:00:00+05:30,2026-05-11T14:00:00+05:30,24140.6,24150.0,24250.0,24800.0,216.75,165.95,23.3,25.400000000000006,0.5,0.08267716535433088,USABLE_OHLC,upstox_intraday/NIFTY/NIFTY_2026.parquet,bae9943b2fa99ee9c1214fb7c695b84f9f661a050a5cd04d9c5c2ffc7bc59f73
OTM1_NEXT2_K3M1,2026-05-12,2026-04-21,2026-05-06T10:00:00+05:30,2026-05-11T14:00:00+05:30,24140.6,24150.0,24250.0,24600.0,216.75,165.95,52.0,50.80000000000001,1.0,0.02362204724409426,USABLE_OHLC,upstox_intraday/NIFTY/NIFTY_2026.parquet,bae9943b2fa99ee9c1214fb7c695b84f9f661a050a5cd04d9c5c2ffc7bc59f73
OTM1_NEXT2_K3M1.5,2026-05-12,2026-04-21,2026-05-06T10:00:00+05:30,2026-05-11T14:00:00+05:30,24140.6,24150.0,24250.0,24500.0,216.75,165.95,75.15,76.20000000000002,1.5,0.013779527559055264,USABLE_OHLC,upstox_intraday/NIFTY/NIFTY_2026.parquet,bae9943b2fa99ee9c1214fb7c695b84f9f661a050a5cd04d9c5c2ffc7bc59f73
OTM1_NEXT2_K3M2,2026-05-12,2026-04-21,2026-05-06T10:00:00+05:30,2026-05-11T14:00:00+05:30,24140.6,24150.0,24250.0,24400.0,216.75,165.95,105.35,101.60000000000002,2.0,0.03690944881889735,USABLE_OHLC,upstox_intraday/NIFTY/NIFTY_2026.parquet,bae9943b2fa99ee9c1214fb7c695b84f9f661a050a5cd04d9c5c2ffc7bc59f73
OTM1_NEXT2_K3M2.5,2026-05-12,2026-04-21,2026-05-06T10:00:00+05:30,2026-05-11T14:00:00+05:30,24140.6,24150.0,24250.0,24350.0,216.75,165.95,123.3,127.00000000000003,2.5,0.029133858267716774,USABLE_OHLC,upstox_intraday/NIFTY/NIFTY_2026.parquet,bae9943b2fa99ee9c1214fb7c695b84f9f661a050a5cd04d9c5c2ffc7bc59f73
OTM1_NEXT2_K3M3,2026-05-12,2026-04-21,2026-05-06T10:00:00+05:30,2026-05-11T14:00:00+05:30,24140.6,24150.0,24250.0,24300.0,216.75,165.95,143.65,152.40000000000003,3.0,0.05741469816272983,USABLE_OHLC,upstox_intraday/NIFTY/NIFTY_2026.parquet,bae9943b2fa99ee9c1214fb7c695b84f9f661a050a5cd04d9c5c2ffc7bc59f73
OTM1_NEXT2_K3M4,2026-05-12,2026-04-21,2026-05-06T10:00:00+05:30,2026-05-11T14:00:00+05:30,24140.6,24150.0,24250.0,24300.0,216.75,165.95,143.65,203.20000000000005,4.0,0.2930610236220474,USABLE_OHLC,upstox_intraday/NIFTY/NIFTY_2026.parquet,bae9943b2fa99ee9c1214fb7c695b84f9f661a050a5cd04d9c5c2ffc7bc59f73
OTM1_NEXT3_K3M0.5,2026-05-12,2026-04-21,2026-05-06T10:00:00+05:30,2026-05-11T14:00:00+05:30,24140.6,24150.0,24300.0,24700.0,216.75,143.65,35.2,36.55,0.5,0.03693570451436373,USABLE_OHLC,upstox_intraday/NIFTY/NIFTY_2026.parquet,bae9943b2fa99ee9c1214fb7c695b84f9f661a050a5cd04d9c5c2ffc7bc59f73
OTM1_NEXT3_K3M1,2026-05-12,2026-04-21,2026-05-06T10:00:00+05:30,2026-05-11T14:00:00+05:30,24140.6,24150.0,24300.0,24500.0,216.75,143.65,75.15,73.1,1.0,0.02804377564979496,USABLE_OHLC,upstox_intraday/NIFTY/NIFTY_2026.parquet,bae9943b2fa99ee9c1214fb7c695b84f9f661a050a5cd04d9c5c2ffc7bc59f73
OTM1_NEXT3_K3M1.5,2026-05-12,2026-04-21,2026-05-06T10:00:00+05:30,2026-05-11T14:00:00+05:30,24140.6,24150.0,24300.0,24400.0,216.75,143.65,105.35,109.64999999999999,1.5,0.03921568627450978,USABLE_OHLC,upstox_intraday/NIFTY/NIFTY_2026.parquet,bae9943b2fa99ee9c1214fb7c695b84f9f661a050a5cd04d9c5c2ffc7bc59f73
OTM1_NEXT3_K3M2,2026-05-12,2026-04-21,2026-05-06T10:00:00+05:30,2026-05-11T14:00:00+05:30,24140.6,24150.0,24300.0,24350.0,216.75,143.65,123.3,146.2,2.0,0.1566347469220246,USABLE_OHLC,upstox_intraday/NIFTY/NIFTY_2026.parquet,bae9943b2fa99ee9c1214fb7c695b84f9f661a050a5cd04d9c5c2ffc7bc59f73
OTM1_NEXT3_K3M2.5,2026-05-12,2026-04-21,2026-05-06T10:00:00+05:30,2026-05-11T14:00:00+05:30,24140.6,24150.0,24300.0,24350.0,216.75,143.65,123.3,182.75,2.5,0.32530779753761974,USABLE_OHLC,upstox_intraday/NIFTY/NIFTY_2026.parquet,bae9943b2fa99ee9c1214fb7c695b84f9f661a050a5cd04d9c5c2ffc7bc59f73
OTM1_NEXT3_K3M3,2026-05-12,2026-04-21,2026-05-06T10:00:00+05:30,2026-05-11T14:00:00+05:30,24140.6,24150.0,24300.0,24350.0,216.75,143.65,123.3,219.29999999999998,3.0,0.4377564979480164,USABLE_OHLC,upstox_intraday/NIFTY/NIFTY_2026.parquet,bae9943b2fa99ee9c1214fb7c695b84f9f661a050a5cd04d9c5c2ffc7bc59f73
OTM1_NEXT3_K3M4,2026-05-12,2026-04-21,2026-05-06T10:00:00+05:30,2026-05-11T14:00:00+05:30,24140.6,24150.0,24300.0,24350.0,216.75,143.65,123.3,292.4,4.0,0.5783173734610122,USABLE_OHLC,upstox_intraday/NIFTY/NIFTY_2026.parquet,bae9943b2fa99ee9c1214fb7c695b84f9f661a050a5cd04d9c5c2ffc7bc59f73
OTM1_MIRROR_GAP_K3M0.5,2026-05-12,2026-04-21,2026-05-06T10:00:00+05:30,2026-05-11T14:00:00+05:30,24140.6,24150.0,24200.0,24950.0,216.75,190.5,12.4,13.125,0.5,0.05523809523809521,USABLE_OHLC,upstox_intraday/NIFTY/NIFTY_2026.parquet,bae9943b2fa99ee9c1214fb7c695b84f9f661a050a5cd04d9c5c2ffc7bc59f73
OTM1_MIRROR_GAP_K3M1,2026-05-12,2026-04-21,2026-05-06T10:00:00+05:30,2026-05-11T14:00:00+05:30,24140.6,24150.0,24200.0,24750.0,216.75,190.5,28.8,26.25,1.0,0.09714285714285717,USABLE_OHLC,upstox_intraday/NIFTY/NIFTY_2026.parquet,bae9943b2fa99ee9c1214fb7c695b84f9f661a050a5cd04d9c5c2ffc7bc59f73
OTM1_MIRROR_GAP_K3M1.5,2026-05-12,2026-04-21,2026-05-06T10:00:00+05:30,2026-05-11T14:00:00+05:30,24140.6,24150.0,24200.0,24650.0,216.75,190.5,43.0,39.375,1.5,0.09206349206349207,USABLE_OHLC,upstox_intraday/NIFTY/NIFTY_2026.parquet,bae9943b2fa99ee9c1214fb7c695b84f9f661a050a5cd04d9c5c2ffc7bc59f73
OTM1_MIRROR_GAP_K3M2,2026-05-12,2026-04-21,2026-05-06T10:00:00+05:30,2026-05-11T14:00:00+05:30,24140.6,24150.0,24200.0,24600.0,216.75,190.5,52.0,52.5,2.0,0.009523809523809525,USABLE_OHLC,upstox_intraday/NIFTY/NIFTY_2026.parquet,bae9943b2fa99ee9c1214fb7c695b84f9f661a050a5cd04d9c5c2ffc7bc59f73
OTM1_MIRROR_GAP_K3M2.5,2026-05-12,2026-04-21,2026-05-06T10:00:00+05:30,2026-05-11T14:00:00+05:30,24140.6,24150.0,24200.0,24550.0,216.75,190.5,62.7,65.625,2.5,0.044571428571428526,USABLE_OHLC,upstox_intraday/NIFTY/NIFTY_2026.parquet,bae9943b2fa99ee9c1214fb7c695b84f9f661a050a5cd04d9c5c2ffc7bc59f73
OTM1_MIRROR_GAP_K3M3,2026-05-12,2026-04-21,2026-05-06T10:00:00+05:30,2026-05-11T14:00:00+05:30,24140.6,24150.0,24200.0,24500.0,216.75,190.5,75.15,78.75,3.0,0.045714285714285645,USABLE_OHLC,upstox_intraday/NIFTY/NIFTY_2026.parquet,bae9943b2fa99ee9c1214fb7c695b84f9f661a050a5cd04d9c5c2ffc7bc59f73
OTM1_MIRROR_GAP_K3M4,2026-05-12,2026-04-21,2026-05-06T10:00:00+05:30,2026-05-11T14:00:00+05:30,24140.6,24150.0,24200.0,24400.0,216.75,190.5,105.35,105.0,4.0,0.0033333333333332793,USABLE_OHLC,upstox_intraday/NIFTY/NIFTY_2026.parquet,bae9943b2fa99ee9c1214fb7c695b84f9f661a050a5cd04d9c5c2ffc7bc59f73
OTM2_NEXT1_K3M0.5,2026-05-12,2026-04-21,2026-05-06T10:00:00+05:30,2026-05-11T14:00:00+05:30,24140.6,24200.0,24250.0,24950.0,190.5,165.95,12.4,12.275000000000006,0.5,0.010183299389001598,USABLE_OHLC,upstox_intraday/NIFTY/NIFTY_2026.parquet,bae9943b2fa99ee9c1214fb7c695b84f9f661a050a5cd04d9c5c2ffc7bc59f73
OTM2_NEXT1_K3M1,2026-05-12,2026-04-21,2026-05-06T10:00:00+05:30,2026-05-11T14:00:00+05:30,24140.6,24200.0,24250.0,24800.0,190.5,165.95,23.3,24.55000000000001,1.0,0.050916496945010596,USABLE_OHLC,upstox_intraday/NIFTY/NIFTY_2026.parquet,bae9943b2fa99ee9c1214fb7c695b84f9f661a050a5cd04d9c5c2ffc7bc59f73
OTM2_NEXT1_K3M1.5,2026-05-12,2026-04-21,2026-05-06T10:00:00+05:30,2026-05-11T14:00:00+05:30,24140.6,24200.0,24250.0,24700.0,190.5,165.95,35.2,36.82500000000002,1.5,0.04412763068567586,USABLE_OHLC,upstox_intraday/NIFTY/NIFTY_2026.parquet,bae9943b2fa99ee9c1214fb7c695b84f9f661a050a5cd04d9c5c2ffc7bc59f73
OTM2_NEXT1_K3M2,2026-05-12,2026-04-21,2026-05-06T10:00:00+05:30,2026-05-11T14:00:00+05:30,24140.6,24200.0,24250.0,24600.0,190.5,165.95,52.0,49.10000000000002,2.0,0.05906313645621132,USABLE_OHLC,upstox_intraday/NIFTY/NIFTY_2026.parquet,bae9943b2fa99ee9c1214fb7c695b84f9f661a050a5cd04d9c5c2ffc7bc59f73
OTM2_NEXT1_K3M2.5,2026-05-12,2026-04-21,2026-05-06T10:00:00+05:30,2026-05-11T14:00:00+05:30,24140.6,24200.0,24250.0,24550.0,190.5,165.95,62.7,61.37500000000003,2.5,0.02158859470468389,USABLE_OHLC,upstox_intraday/NIFTY/NIFTY_2026.parquet,bae9943b2fa99ee9c1214fb7c695b84f9f661a050a5cd04d9c5c2ffc7bc59f73
OTM2_NEXT1_K3M3,2026-05-12,2026-04-21,2026-05-06T10:00:00+05:30,2026-05-11T14:00:00+05:30,24140.6,24200.0,24250.0,24500.0,190.5,165.95,75.15,73.65000000000003,3.0,0.02036659877800368,USABLE_OHLC,upstox_intraday/NIFTY/NIFTY_2026.parquet,bae9943b2fa99ee9c1214fb7c695b84f9f661a050a5cd04d9c5c2ffc7bc59f73
OTM2_NEXT1_K3M4,2026-05-12,2026-04-21,2026-05-06T10:00:00+05:30,2026-05-11T14:00:00+05:30,24140.6,24200.0,24250.0,24400.0,190.5,165.95,105.35,98.20000000000005,4.0,0.07281059063136401,USABLE_OHLC,upstox_intraday/NIFTY/NIFTY_2026.parquet,bae9943b2fa99ee9c1214fb7c695b84f9f661a050a5cd04d9c5c2ffc7bc59f73
OTM2_NEXT2_K3M0.5,2026-05-12,2026-04-21,2026-05-06T10:00:00+05:30,2026-05-11T14:00:00+05:30,24140.6,24200.0,24300.0,24800.0,190.5,143.65,23.3,23.424999999999997,0.5,0.005336179295624182,USABLE_OHLC,upstox_intraday/NIFTY/NIFTY_2026.parquet,bae9943b2fa99ee9c1214fb7c695b84f9f661a050a5cd04d9c5c2ffc7bc59f73
OTM2_NEXT2_K3M1,2026-05-12,2026-04-21,2026-05-06T10:00:00+05:30,2026-05-11T14:00:00+05:30,24140.6,24200.0,24300.0,24650.0,190.5,143.65,43.0,46.849999999999994,1.0,0.08217716115261461,USABLE_OHLC,upstox_intraday/NIFTY/NIFTY_2026.parquet,bae9943b2fa99ee9c1214fb7c695b84f9f661a050a5cd04d9c5c2ffc7bc59f73
OTM2_NEXT2_K3M1.5,2026-05-12,2026-04-21,2026-05-06T10:00:00+05:30,2026-05-11T14:00:00+05:30,24140.6,24200.0,24300.0,24500.0,190.5,143.65,75.15,70.27499999999999,1.5,0.06937033084311654,USABLE_OHLC,upstox_intraday/NIFTY/NIFTY_2026.parquet,bae9943b2fa99ee9c1214fb7c695b84f9f661a050a5cd04d9c5c2ffc7bc59f73
OTM2_NEXT2_K3M2,2026-05-12,2026-04-21,2026-05-06T10:00:00+05:30,2026-05-11T14:00:00+05:30,24140.6,24200.0,24300.0,24450.0,190.5,143.65,89.15,93.69999999999999,2.0,0.04855923159018125,USABLE_OHLC,upstox_intraday/NIFTY/NIFTY_2026.parquet,bae9943b2fa99ee9c1214fb7c695b84f9f661a050a5cd04d9c5c2ffc7bc59f73
OTM2_NEXT2_K3M2.5,2026-05-12,2026-04-21,2026-05-06T10:00:00+05:30,2026-05-11T14:00:00+05:30,24140.6,24200.0,24300.0,24350.0,190.5,143.65,123.3,117.12499999999999,2.5,0.052721451440768514,USABLE_OHLC,upstox_intraday/NIFTY/NIFTY_2026.parquet,bae9943b2fa99ee9c1214fb7c695b84f9f661a050a5cd04d9c5c2ffc7bc59f73
OTM2_NEXT2_K3M3,2026-05-12,2026-04-21,2026-05-06T10:00:00+05:30,2026-05-11T14:00:00+05:30,24140.6,24200.0,24300.0,24350.0,190.5,143.65,123.3,140.54999999999998,3.0,0.12273212379935958,USABLE_OHLC,upstox_intraday/NIFTY/NIFTY_2026.parquet,bae9943b2fa99ee9c1214fb7c695b84f9f661a050a5cd04d9c5c2ffc7bc59f73
OTM2_NEXT2_K3M4,2026-05-12,2026-04-21,2026-05-06T10:00:00+05:30,2026-05-11T14:00:00+05:30,24140.6,24200.0,24300.0,24350.0,190.5,143.65,123.3,187.39999999999998,4.0,0.3420490928495197,USABLE_OHLC,upstox_intraday/NIFTY/NIFTY_2026.parquet,bae9943b2fa99ee9c1214fb7c695b84f9f661a050a5cd04d9c5c2ffc7bc59f73
OTM2_NEXT3_K3M0.5,2026-05-12,2026-04-21,2026-05-06T10:00:00+05:30,2026-05-11T14:00:00+05:30,24140.6,24200.0,24350.0,24700.0,190.5,123.3,35.2,33.6,0.5,0.04761904761904766,USABLE_OHLC,upstox_intraday/NIFTY/NIFTY_2026.parquet,bae9943b2fa99ee9c1214fb7c695b84f9f661a050a5cd04d9c5c2ffc7bc59f73
OTM2_NEXT3_K3M1,2026-05-12,2026-04-21,2026-05-06T10:00:00+05:30,2026-05-11T14:00:00+05:30,24140.6,24200.0,24350.0,24550.0,190.5,123.3,62.7,67.2,1.0,0.06696428571428571,USABLE_OHLC,upstox_intraday/NIFTY/NIFTY_2026.parquet,bae9943b2fa99ee9c1214fb7c695b84f9f661a050a5cd04d9c5c2ffc7bc59f73
OTM2_NEXT3_K3M1.5,2026-05-12,2026-04-21,2026-05-06T10:00:00+05:30,2026-05-11T14:00:00+05:30,24140.6,24200.0,24350.0,24400.0,190.5,123.3,105.35,100.80000000000001,1.5,0.045138888888888715,USABLE_OHLC,upstox_intraday/NIFTY/NIFTY_2026.parquet,bae9943b2fa99ee9c1214fb7c695b84f9f661a050a5cd04d9c5c2ffc7bc59f73
OTM2_NEXT3_K3M2,2026-05-12,2026-04-21,2026-05-06T10:00:00+05:30,2026-05-11T14:00:00+05:30,24140.6,24200.0,24350.0,24400.0,190.5,123.3,105.35,134.4,2.0,0.2161458333333334,USABLE_OHLC,upstox_intraday/NIFTY/NIFTY_2026.parquet,bae9943b2fa99ee9c1214fb7c695b84f9f661a050a5cd04d9c5c2ffc7bc59f73
OTM2_NEXT3_K3M2.5,2026-05-12,2026-04-21,2026-05-06T10:00:00+05:30,2026-05-11T14:00:00+05:30,24140.6,24200.0,24350.0,24400.0,190.5,123.3,105.35,168.0,2.5,0.3729166666666667,USABLE_OHLC,upstox_intraday/NIFTY/NIFTY_2026.parquet,bae9943b2fa99ee9c1214fb7c695b84f9f661a050a5cd04d9c5c2ffc7bc59f73
OTM2_NEXT3_K3M3,2026-05-12,2026-04-21,2026-05-06T10:00:00+05:30,2026-05-11T14:00:00+05:30,24140.6,24200.0,24350.0,24400.0,190.5,123.3,105.35,201.60000000000002,3.0,0.47743055555555564,USABLE_OHLC,upstox_intraday/NIFTY/NIFTY_2026.parquet,bae9943b2fa99ee9c1214fb7c695b84f9f661a050a5cd04d9c5c2ffc7bc59f73
OTM2_NEXT3_K3M4,2026-05-12,2026-04-21,2026-05-06T10:00:00+05:30,2026-05-11T14:00:00+05:30,24140.6,24200.0,24350.0,24400.0,190.5,123.3,105.35,268.8,4.0,0.6080729166666667,USABLE_OHLC,upstox_intraday/NIFTY/NIFTY_2026.parquet,bae9943b2fa99ee9c1214fb7c695b84f9f661a050a5cd04d9c5c2ffc7bc59f73
OTM2_MIRROR_GAP_K3M0.5,2026-05-12,2026-04-21,2026-05-06T10:00:00+05:30,2026-05-11T14:00:00+05:30,24140.6,24200.0,24250.0,24950.0,190.5,165.95,12.4,12.275000000000006,0.5,0.010183299389001598,USABLE_OHLC,upstox_intraday/NIFTY/NIFTY_2026.parquet,bae9943b2fa99ee9c1214fb7c695b84f9f661a050a5cd04d9c5c2ffc7bc59f73
OTM2_MIRROR_GAP_K3M1,2026-05-12,2026-04-21,2026-05-06T10:00:00+05:30,2026-05-11T14:00:00+05:30,24140.6,24200.0,24250.0,24800.0,190.5,165.95,23.3,24.55000000000001,1.0,0.050916496945010596,USABLE_OHLC,upstox_intraday/NIFTY/NIFTY_2026.parquet,bae9943b2fa99ee9c1214fb7c695b84f9f661a050a5cd04d9c5c2ffc7bc59f73
OTM2_MIRROR_GAP_K3M1.5,2026-05-12,2026-04-21,2026-05-06T10:00:00+05:30,2026-05-11T14:00:00+05:30,24140.6,24200.0,24250.0,24700.0,190.5,165.95,35.2,36.82500000000002,1.5,0.04412763068567586,USABLE_OHLC,upstox_intraday/NIFTY/NIFTY_2026.parquet,bae9943b2fa99ee9c1214fb7c695b84f9f661a050a5cd04d9c5c2ffc7bc59f73
OTM2_MIRROR_GAP_K3M2,2026-05-12,2026-04-21,2026-05-06T10:00:00+05:30,2026-05-11T14:00:00+05:30,24140.6,24200.0,24250.0,24600.0,190.5,165.95,52.0,49.10000000000002,2.0,0.05906313645621132,USABLE_OHLC,upstox_intraday/NIFTY/NIFTY_2026.parquet,bae9943b2fa99ee9c1214fb7c695b84f9f661a050a5cd04d9c5c2ffc7bc59f73
OTM2_MIRROR_GAP_K3M2.5,2026-05-12,2026-04-21,2026-05-06T10:00:00+05:30,2026-05-11T14:00:00+05:30,24140.6,24200.0,24250.0,24550.0,190.5,165.95,62.7,61.37500000000003,2.5,0.02158859470468389,USABLE_OHLC,upstox_intraday/NIFTY/NIFTY_2026.parquet,bae9943b2fa99ee9c1214fb7c695b84f9f661a050a5cd04d9c5c2ffc7bc59f73
OTM2_MIRROR_GAP_K3M3,2026-05-12,2026-04-21,2026-05-06T10:00:00+05:30,2026-05-11T14:00:00+05:30,24140.6,24200.0,24250.0,24500.0,190.5,165.95,75.15,73.65000000000003,3.0,0.02036659877800368,USABLE_OHLC,upstox_intraday/NIFTY/NIFTY_2026.parquet,bae9943b2fa99ee9c1214fb7c695b84f9f661a050a5cd04d9c5c2ffc7bc59f73
OTM2_MIRROR_GAP_K3M4,2026-05-12,2026-04-21,2026-05-06T10:00:00+05:30,2026-05-11T14:00:00+05:30,24140.6,24200.0,24250.0,24400.0,190.5,165.95,105.35,98.20000000000005,4.0,0.07281059063136401,USABLE_OHLC,upstox_intraday/NIFTY/NIFTY_2026.parquet,bae9943b2fa99ee9c1214fb7c695b84f9f661a050a5cd04d9c5c2ffc7bc59f73
OTM3_NEXT1_K3M0.5,2026-05-12,2026-04-21,2026-05-06T10:00:00+05:30,2026-05-11T14:00:00+05:30,24140.6,24250.0,24300.0,25000.0,165.95,143.65,10.05,11.149999999999991,0.5,0.09865470852017862,USABLE_OHLC,upstox_intraday/NIFTY/NIFTY_2026.parquet,bae9943b2fa99ee9c1214fb7c695b84f9f661a050a5cd04d9c5c2ffc7bc59f73
OTM3_NEXT1_K3M1,2026-05-12,2026-04-21,2026-05-06T10:00:00+05:30,2026-05-11T14:00:00+05:30,24140.6,24250.0,24300.0,24800.0,165.95,143.65,23.3,22.299999999999983,1.0,0.04484304932735509,USABLE_OHLC,upstox_intraday/NIFTY/NIFTY_2026.parquet,bae9943b2fa99ee9c1214fb7c695b84f9f661a050a5cd04d9c5c2ffc7bc59f73
OTM3_NEXT1_K3M1.5,2026-05-12,2026-04-21,2026-05-06T10:00:00+05:30,2026-05-11T14:00:00+05:30,24140.6,24250.0,24300.0,24700.0,165.95,143.65,35.2,33.449999999999974,1.5,0.05231689088191419,USABLE_OHLC,upstox_intraday/NIFTY/NIFTY_2026.parquet,bae9943b2fa99ee9c1214fb7c695b84f9f661a050a5cd04d9c5c2ffc7bc59f73
OTM3_NEXT1_K3M2,2026-05-12,2026-04-21,2026-05-06T10:00:00+05:30,2026-05-11T14:00:00+05:30,24140.6,24250.0,24300.0,24650.0,165.95,143.65,43.0,44.599999999999966,2.0,0.03587443946188267,USABLE_OHLC,upstox_intraday/NIFTY/NIFTY_2026.parquet,bae9943b2fa99ee9c1214fb7c695b84f9f661a050a5cd04d9c5c2ffc7bc59f73
OTM3_NEXT1_K3M2.5,2026-05-12,2026-04-21,2026-05-06T10:00:00+05:30,2026-05-11T14:00:00+05:30,24140.6,24250.0,24300.0,24600.0,165.95,143.65,52.0,55.74999999999996,2.5,0.06726457399103068,USABLE_OHLC,upstox_intraday/NIFTY/NIFTY_2026.parquet,bae9943b2fa99ee9c1214fb7c695b84f9f661a050a5cd04d9c5c2ffc7bc59f73
OTM3_NEXT1_K3M3,2026-05-12,2026-04-21,2026-05-06T10:00:00+05:30,2026-05-11T14:00:00+05:30,24140.6,24250.0,24300.0,24550.0,165.95,143.65,62.7,66.89999999999995,3.0,0.0627802690582952,USABLE_OHLC,upstox_intraday/NIFTY/NIFTY_2026.parquet,bae9943b2fa99ee9c1214fb7c695b84f9f661a050a5cd04d9c5c2ffc7bc59f73
OTM3_NEXT1_K3M4,2026-05-12,2026-04-21,2026-05-06T10:00:00+05:30,2026-05-11T14:00:00+05:30,24140.6,24250.0,24300.0,24450.0,165.95,143.65,89.15,89.19999999999993,4.0,0.0005605381165911002,USABLE_OHLC,upstox_intraday/NIFTY/NIFTY_2026.parquet,bae9943b2fa99ee9c1214fb7c695b84f9f661a050a5cd04d9c5c2ffc7bc59f73
OTM3_NEXT2_K3M0.5,2026-05-12,2026-04-21,2026-05-06T10:00:00+05:30,2026-05-11T14:00:00+05:30,24140.6,24250.0,24350.0,24800.0,165.95,123.3,23.3,21.324999999999996,0.5,0.09261430246189943,USABLE_OHLC,upstox_intraday/NIFTY/NIFTY_2026.parquet,bae9943b2fa99ee9c1214fb7c695b84f9f661a050a5cd04d9c5c2ffc7bc59f73
OTM3_NEXT2_K3M1,2026-05-12,2026-04-21,2026-05-06T10:00:00+05:30,2026-05-11T14:00:00+05:30,24140.6,24250.0,24350.0,24650.0,165.95,123.3,43.0,42.64999999999999,1.0,0.008206330597890003,USABLE_OHLC,upstox_intraday/NIFTY/NIFTY_2026.parquet,bae9943b2fa99ee9c1214fb7c695b84f9f661a050a5cd04d9c5c2ffc7bc59f73
OTM3_NEXT2_K3M1.5,2026-05-12,2026-04-21,2026-05-06T10:00:00+05:30,2026-05-11T14:00:00+05:30,24140.6,24250.0,24350.0,24550.0,165.95,123.3,62.7,63.97499999999999,1.5,0.019929660023446417,USABLE_OHLC,upstox_intraday/NIFTY/NIFTY_2026.parquet,bae9943b2fa99ee9c1214fb7c695b84f9f661a050a5cd04d9c5c2ffc7bc59f73
OTM3_NEXT2_K3M2,2026-05-12,2026-04-21,2026-05-06T10:00:00+05:30,2026-05-11T14:00:00+05:30,24140.6,24250.0,24350.0,24450.0,165.95,123.3,89.15,85.29999999999998,2.0,0.04513481828839418,USABLE_OHLC,upstox_intraday/NIFTY/NIFTY_2026.parquet,bae9943b2fa99ee9c1214fb7c695b84f9f661a050a5cd04d9c5c2ffc7bc59f73
OTM3_NEXT2_K3M2.5,2026-05-12,2026-04-21,2026-05-06T10:00:00+05:30,2026-05-11T14:00:00+05:30,24140.6,24250.0,24350.0,24400.0,165.95,123.3,105.35,106.62499999999997,2.5,0.011957796014067785,USABLE_OHLC,upstox_intraday/NIFTY/NIFTY_2026.parquet,bae9943b2fa99ee9c1214fb7c695b84f9f661a050a5cd04d9c5c2ffc7bc59f73
OTM3_NEXT2_K3M3,2026-05-12,2026-04-21,2026-05-06T10:00:00+05:30,2026-05-11T14:00:00+05:30,24140.6,24250.0,24350.0,24400.0,165.95,123.3,105.35,127.94999999999997,3.0,0.17663149667838987,USABLE_OHLC,upstox_intraday/NIFTY/NIFTY_2026.parquet,bae9943b2fa99ee9c1214fb7c695b84f9f661a050a5cd04d9c5c2ffc7bc59f73
OTM3_NEXT2_K3M4,2026-05-12,2026-04-21,2026-05-06T10:00:00+05:30,2026-05-11T14:00:00+05:30,24140.6,24250.0,24350.0,24400.0,165.95,123.3,105.35,170.59999999999997,4.0,0.3824736225087924,USABLE_OHLC,upstox_intraday/NIFTY/NIFTY_2026.parquet,bae9943b2fa99ee9c1214fb7c695b84f9f661a050a5cd04d9c5c2ffc7bc59f73
OTM3_NEXT3_K3M0.5,2026-05-12,2026-04-21,2026-05-06T10:00:00+05:30,2026-05-11T14:00:00+05:30,24140.6,24250.0,24400.0,24750.0,165.95,105.35,28.8,30.299999999999997,0.5,0.04950495049504939,USABLE_OHLC,upstox_intraday/NIFTY/NIFTY_2026.parquet,bae9943b2fa99ee9c1214fb7c695b84f9f661a050a5cd04d9c5c2ffc7bc59f73
OTM3_NEXT3_K3M1,2026-05-12,2026-04-21,2026-05-06T10:00:00+05:30,2026-05-11T14:00:00+05:30,24140.6,24250.0,24400.0,24550.0,165.95,105.35,62.7,60.599999999999994,1.0,0.034653465346534795,USABLE_OHLC,upstox_intraday/NIFTY/NIFTY_2026.parquet,bae9943b2fa99ee9c1214fb7c695b84f9f661a050a5cd04d9c5c2ffc7bc59f73
OTM3_NEXT3_K3M1.5,2026-05-12,2026-04-21,2026-05-06T10:00:00+05:30,2026-05-11T14:00:00+05:30,24140.6,24250.0,24400.0,24450.0,165.95,105.35,89.15,90.89999999999999,1.5,0.019251925192519097,USABLE_OHLC,upstox_intraday/NIFTY/NIFTY_2026.parquet,bae9943b2fa99ee9c1214fb7c695b84f9f661a050a5cd04d9c5c2ffc7bc59f73
OTM3_NEXT3_K3M2,2026-05-12,2026-04-21,2026-05-06T10:00:00+05:30,2026-05-11T14:00:00+05:30,24140.6,24250.0,24400.0,24450.0,165.95,105.35,89.15,121.19999999999999,2.0,0.2644389438943893,USABLE_OHLC,upstox_intraday/NIFTY/NIFTY_2026.parquet,bae9943b2fa99ee9c1214fb7c695b84f9f661a050a5cd04d9c5c2ffc7bc59f73
OTM3_NEXT3_K3M2.5,2026-05-12,2026-04-21,2026-05-06T10:00:00+05:30,2026-05-11T14:00:00+05:30,24140.6,24250.0,24400.0,24450.0,165.95,105.35,89.15,151.5,2.5,0.4115511551155115,USABLE_OHLC,upstox_intraday/NIFTY/NIFTY_2026.parquet,bae9943b2fa99ee9c1214fb7c695b84f9f661a050a5cd04d9c5c2ffc7bc59f73
OTM3_NEXT3_K3M3,2026-05-12,2026-04-21,2026-05-06T10:00:00+05:30,2026-05-11T14:00:00+05:30,24140.6,24250.0,24400.0,24450.0,165.95,105.35,89.15,181.79999999999998,3.0,0.5096259625962596,USABLE_OHLC,upstox_intraday/NIFTY/NIFTY_2026.parquet,bae9943b2fa99ee9c1214fb7c695b84f9f661a050a5cd04d9c5c2ffc7bc59f73
OTM3_NEXT3_K3M4,2026-05-12,2026-04-21,2026-05-06T10:00:00+05:30,2026-05-11T14:00:00+05:30,24140.6,24250.0,24400.0,24450.0,165.95,105.35,89.15,242.39999999999998,4.0,0.6322194719471946,USABLE_OHLC,upstox_intraday/NIFTY/NIFTY_2026.parquet,bae9943b2fa99ee9c1214fb7c695b84f9f661a050a5cd04d9c5c2ffc7bc59f73
OTM3_MIRROR_GAP_K3M0.5,2026-05-12,2026-04-21,2026-05-06T10:00:00+05:30,2026-05-11T14:00:00+05:30,24140.6,24250.0,24350.0,24800.0,165.95,123.3,23.3,21.324999999999996,0.5,0.09261430246189943,USABLE_OHLC,upstox_intraday/NIFTY/NIFTY_2026.parquet,bae9943b2fa99ee9c1214fb7c695b84f9f661a050a5cd04d9c5c2ffc7bc59f73
OTM3_MIRROR_GAP_K3M1,2026-05-12,2026-04-21,2026-05-06T10:00:00+05:30,2026-05-11T14:00:00+05:30,24140.6,24250.0,24350.0,24650.0,165.95,123.3,43.0,42.64999999999999,1.0,0.008206330597890003,USABLE_OHLC,upstox_intraday/NIFTY/NIFTY_2026.parquet,bae9943b2fa99ee9c1214fb7c695b84f9f661a050a5cd04d9c5c2ffc7bc59f73
OTM3_MIRROR_GAP_K3M1.5,2026-05-12,2026-04-21,2026-05-06T10:00:00+05:30,2026-05-11T14:00:00+05:30,24140.6,24250.0,24350.0,24550.0,165.95,123.3,62.7,63.97499999999999,1.5,0.019929660023446417,USABLE_OHLC,upstox_intraday/NIFTY/NIFTY_2026.parquet,bae9943b2fa99ee9c1214fb7c695b84f9f661a050a5cd04d9c5c2ffc7bc59f73
OTM3_MIRROR_GAP_K3M2,2026-05-12,2026-04-21,2026-05-06T10:00:00+05:30,2026-05-11T14:00:00+05:30,24140.6,24250.0,24350.0,24450.0,165.95,123.3,89.15,85.29999999999998,2.0,0.04513481828839418,USABLE_OHLC,upstox_intraday/NIFTY/NIFTY_2026.parquet,bae9943b2fa99ee9c1214fb7c695b84f9f661a050a5cd04d9c5c2ffc7bc59f73
OTM3_MIRROR_GAP_K3M2.5,2026-05-12,2026-04-21,2026-05-06T10:00:00+05:30,2026-05-11T14:00:00+05:30,24140.6,24250.0,24350.0,24400.0,165.95,123.3,105.35,106.62499999999997,2.5,0.011957796014067785,USABLE_OHLC,upstox_intraday/NIFTY/NIFTY_2026.parquet,bae9943b2fa99ee9c1214fb7c695b84f9f661a050a5cd04d9c5c2ffc7bc59f73
OTM3_MIRROR_GAP_K3M3,2026-05-12,2026-04-21,2026-05-06T10:00:00+05:30,2026-05-11T14:00:00+05:30,24140.6,24250.0,24350.0,24400.0,165.95,123.3,105.35,127.94999999999997,3.0,0.17663149667838987,USABLE_OHLC,upstox_intraday/NIFTY/NIFTY_2026.parquet,bae9943b2fa99ee9c1214fb7c695b84f9f661a050a5cd04d9c5c2ffc7bc59f73
OTM3_MIRROR_GAP_K3M4,2026-05-12,2026-04-21,2026-05-06T10:00:00+05:30,2026-05-11T14:00:00+05:30,24140.6,24250.0,24350.0,24400.0,165.95,123.3,105.35,170.59999999999997,4.0,0.3824736225087924,USABLE_OHLC,upstox_intraday/NIFTY/NIFTY_2026.parquet,bae9943b2fa99ee9c1214fb7c695b84f9f661a050a5cd04d9c5c2ffc7bc59f73
ATM_NEAREST_NEXT1_K3M0.5,2026-05-12,2026-04-21,2026-05-06T10:00:00+05:30,2026-05-11T14:00:00+05:30,24140.6,24150.0,24200.0,24950.0,216.75,190.5,12.4,13.125,0.5,0.05523809523809521,USABLE_OHLC,upstox_intraday/NIFTY/NIFTY_2026.parquet,bae9943b2fa99ee9c1214fb7c695b84f9f661a050a5cd04d9c5c2ffc7bc59f73
ATM_NEAREST_NEXT1_K3M1,2026-05-12,2026-04-21,2026-05-06T10:00:00+05:30,2026-05-11T14:00:00+05:30,24140.6,24150.0,24200.0,24750.0,216.75,190.5,28.8,26.25,1.0,0.09714285714285717,USABLE_OHLC,upstox_intraday/NIFTY/NIFTY_2026.parquet,bae9943b2fa99ee9c1214fb7c695b84f9f661a050a5cd04d9c5c2ffc7bc59f73
ATM_NEAREST_NEXT1_K3M1.5,2026-05-12,2026-04-21,2026-05-06T10:00:00+05:30,2026-05-11T14:00:00+05:30,24140.6,24150.0,24200.0,24650.0,216.75,190.5,43.0,39.375,1.5,0.09206349206349207,USABLE_OHLC,upstox_intraday/NIFTY/NIFTY_2026.parquet,bae9943b2fa99ee9c1214fb7c695b84f9f661a050a5cd04d9c5c2ffc7bc59f73
ATM_NEAREST_NEXT1_K3M2,2026-05-12,2026-04-21,2026-05-06T10:00:00+05:30,2026-05-11T14:00:00+05:30,24140.6,24150.0,24200.0,24600.0,216.75,190.5,52.0,52.5,2.0,0.009523809523809525,USABLE_OHLC,upstox_intraday/NIFTY/NIFTY_2026.parquet,bae9943b2fa99ee9c1214fb7c695b84f9f661a050a5cd04d9c5c2ffc7bc59f73
ATM_NEAREST_NEXT1_K3M2.5,2026-05-12,2026-04-21,2026-05-06T10:00:00+05:30,2026-05-11T14:00:00+05:30,24140.6,24150.0,24200.0,24550.0,216.75,190.5,62.7,65.625,2.5,0.044571428571428526,USABLE_OHLC,upstox_intraday/NIFTY/NIFTY_2026.parquet,bae9943b2fa99ee9c1214fb7c695b84f9f661a050a5cd04d9c5c2ffc7bc59f73
ATM_NEAREST_NEXT1_K3M3,2026-05-12,2026-04-21,2026-05-06T10:00:00+05:30,2026-05-11T14:00:00+05:30,24140.6,24150.0,24200.0,24500.0,216.75,190.5,75.15,78.75,3.0,0.045714285714285645,USABLE_OHLC,upstox_intraday/NIFTY/NIFTY_2026.parquet,bae9943b2fa99ee9c1214fb7c695b84f9f661a050a5cd04d9c5c2ffc7bc59f73
ATM_NEAREST_NEXT1_K3M4,2026-05-12,2026-04-21,2026-05-06T10:00:00+05:30,2026-05-11T14:00:00+05:30,24140.6,24150.0,24200.0,24400.0,216.75,190.5,105.35,105.0,4.0,0.0033333333333332793,USABLE_OHLC,upstox_intraday/NIFTY/NIFTY_2026.parquet,bae9943b2fa99ee9c1214fb7c695b84f9f661a050a5cd04d9c5c2ffc7bc59f73
ATM_NEAREST_NEXT2_K3M0.5,2026-05-12,2026-04-21,2026-05-06T10:00:00+05:30,2026-05-11T14:00:00+05:30,24140.6,24150.0,24250.0,24800.0,216.75,165.95,23.3,25.400000000000006,0.5,0.08267716535433088,USABLE_OHLC,upstox_intraday/NIFTY/NIFTY_2026.parquet,bae9943b2fa99ee9c1214fb7c695b84f9f661a050a5cd04d9c5c2ffc7bc59f73
ATM_NEAREST_NEXT2_K3M1,2026-05-12,2026-04-21,2026-05-06T10:00:00+05:30,2026-05-11T14:00:00+05:30,24140.6,24150.0,24250.0,24600.0,216.75,165.95,52.0,50.80000000000001,1.0,0.02362204724409426,USABLE_OHLC,upstox_intraday/NIFTY/NIFTY_2026.parquet,bae9943b2fa99ee9c1214fb7c695b84f9f661a050a5cd04d9c5c2ffc7bc59f73
ATM_NEAREST_NEXT2_K3M1.5,2026-05-12,2026-04-21,2026-05-06T10:00:00+05:30,2026-05-11T14:00:00+05:30,24140.6,24150.0,24250.0,24500.0,216.75,165.95,75.15,76.20000000000002,1.5,0.013779527559055264,USABLE_OHLC,upstox_intraday/NIFTY/NIFTY_2026.parquet,bae9943b2fa99ee9c1214fb7c695b84f9f661a050a5cd04d9c5c2ffc7bc59f73
ATM_NEAREST_NEXT2_K3M2,2026-05-12,2026-04-21,2026-05-06T10:00:00+05:30,2026-05-11T14:00:00+05:30,24140.6,24150.0,24250.0,24400.0,216.75,165.95,105.35,101.60000000000002,2.0,0.03690944881889735,USABLE_OHLC,upstox_intraday/NIFTY/NIFTY_2026.parquet,bae9943b2fa99ee9c1214fb7c695b84f9f661a050a5cd04d9c5c2ffc7bc59f73
ATM_NEAREST_NEXT2_K3M2.5,2026-05-12,2026-04-21,2026-05-06T10:00:00+05:30,2026-05-11T14:00:00+05:30,24140.6,24150.0,24250.0,24350.0,216.75,165.95,123.3,127.00000000000003,2.5,0.029133858267716774,USABLE_OHLC,upstox_intraday/NIFTY/NIFTY_2026.parquet,bae9943b2fa99ee9c1214fb7c695b84f9f661a050a5cd04d9c5c2ffc7bc59f73
ATM_NEAREST_NEXT2_K3M3,2026-05-12,2026-04-21,2026-05-06T10:00:00+05:30,2026-05-11T14:00:00+05:30,24140.6,24150.0,24250.0,24300.0,216.75,165.95,143.65,152.40000000000003,3.0,0.05741469816272983,USABLE_OHLC,upstox_intraday/NIFTY/NIFTY_2026.parquet,bae9943b2fa99ee9c1214fb7c695b84f9f661a050a5cd04d9c5c2ffc7bc59f73
ATM_NEAREST_NEXT2_K3M4,2026-05-12,2026-04-21,2026-05-06T10:00:00+05:30,2026-05-11T14:00:00+05:30,24140.6,24150.0,24250.0,24300.0,216.75,165.95,143.65,203.20000000000005,4.0,0.2930610236220474,USABLE_OHLC,upstox_intraday/NIFTY/NIFTY_2026.parquet,bae9943b2fa99ee9c1214fb7c695b84f9f661a050a5cd04d9c5c2ffc7bc59f73
ATM_NEAREST_NEXT3_K3M0.5,2026-05-12,2026-04-21,2026-05-06T10:00:00+05:30,2026-05-11T14:00:00+05:30,24140.6,24150.0,24300.0,24700.0,216.75,143.65,35.2,36.55,0.5,0.03693570451436373,USABLE_OHLC,upstox_intraday/NIFTY/NIFTY_2026.parquet,bae9943b2fa99ee9c1214fb7c695b84f9f661a050a5cd04d9c5c2ffc7bc59f73
ATM_NEAREST_NEXT3_K3M1,2026-05-12,2026-04-21,2026-05-06T10:00:00+05:30,2026-05-11T14:00:00+05:30,24140.6,24150.0,24300.0,24500.0,216.75,143.65,75.15,73.1,1.0,0.02804377564979496,USABLE_OHLC,upstox_intraday/NIFTY/NIFTY_2026.parquet,bae9943b2fa99ee9c1214fb7c695b84f9f661a050a5cd04d9c5c2ffc7bc59f73
ATM_NEAREST_NEXT3_K3M1.5,2026-05-12,2026-04-21,2026-05-06T10:00:00+05:30,2026-05-11T14:00:00+05:30,24140.6,24150.0,24300.0,24400.0,216.75,143.65,105.35,109.64999999999999,1.5,0.03921568627450978,USABLE_OHLC,upstox_intraday/NIFTY/NIFTY_2026.parquet,bae9943b2fa99ee9c1214fb7c695b84f9f661a050a5cd04d9c5c2ffc7bc59f73
ATM_NEAREST_NEXT3_K3M2,2026-05-12,2026-04-21,2026-05-06T10:00:00+05:30,2026-05-11T14:00:00+05:30,24140.6,24150.0,24300.0,24350.0,216.75,143.65,123.3,146.2,2.0,0.1566347469220246,USABLE_OHLC,upstox_intraday/NIFTY/NIFTY_2026.parquet,bae9943b2fa99ee9c1214fb7c695b84f9f661a050a5cd04d9c5c2ffc7bc59f73
ATM_NEAREST_NEXT3_K3M2.5,2026-05-12,2026-04-21,2026-05-06T10:00:00+05:30,2026-05-11T14:00:00+05:30,24140.6,24150.0,24300.0,24350.0,216.75,143.65,123.3,182.75,2.5,0.32530779753761974,USABLE_OHLC,upstox_intraday/NIFTY/NIFTY_2026.parquet,bae9943b2fa99ee9c1214fb7c695b84f9f661a050a5cd04d9c5c2ffc7bc59f73
ATM_NEAREST_NEXT3_K3M3,2026-05-12,2026-04-21,2026-05-06T10:00:00+05:30,2026-05-11T14:00:00+05:30,24140.6,24150.0,24300.0,24350.0,216.75,143.65,123.3,219.29999999999998,3.0,0.4377564979480164,USABLE_OHLC,upstox_intraday/NIFTY/NIFTY_2026.parquet,bae9943b2fa99ee9c1214fb7c695b84f9f661a050a5cd04d9c5c2ffc7bc59f73
ATM_NEAREST_NEXT3_K3M4,2026-05-12,2026-04-21,2026-05-06T10:00:00+05:30,2026-05-11T14:00:00+05:30,24140.6,24150.0,24300.0,24350.0,216.75,143.65,123.3,292.4,4.0,0.5783173734610122,USABLE_OHLC,upstox_intraday/NIFTY/NIFTY_2026.parquet,bae9943b2fa99ee9c1214fb7c695b84f9f661a050a5cd04d9c5c2ffc7bc59f73
ATM_NEAREST_MIRROR_GAP_K3M0.5,2026-05-12,2026-04-21,2026-05-06T10:00:00+05:30,2026-05-11T14:00:00+05:30,24140.6,24150.0,24200.0,24950.0,216.75,190.5,12.4,13.125,0.5,0.05523809523809521,USABLE_OHLC,upstox_intraday/NIFTY/NIFTY_2026.parquet,bae9943b2fa99ee9c1214fb7c695b84f9f661a050a5cd04d9c5c2ffc7bc59f73
ATM_NEAREST_MIRROR_GAP_K3M1,2026-05-12,2026-04-21,2026-05-06T10:00:00+05:30,2026-05-11T14:00:00+05:30,24140.6,24150.0,24200.0,24750.0,216.75,190.5,28.8,26.25,1.0,0.09714285714285717,USABLE_OHLC,upstox_intraday/NIFTY/NIFTY_2026.parquet,bae9943b2fa99ee9c1214fb7c695b84f9f661a050a5cd04d9c5c2ffc7bc59f73
ATM_NEAREST_MIRROR_GAP_K3M1.5,2026-05-12,2026-04-21,2026-05-06T10:00:00+05:30,2026-05-11T14:00:00+05:30,24140.6,24150.0,24200.0,24650.0,216.75,190.5,43.0,39.375,1.5,0.09206349206349207,USABLE_OHLC,upstox_intraday/NIFTY/NIFTY_2026.parquet,bae9943b2fa99ee9c1214fb7c695b84f9f661a050a5cd04d9c5c2ffc7bc59f73
ATM_NEAREST_MIRROR_GAP_K3M2,2026-05-12,2026-04-21,2026-05-06T10:00:00+05:30,2026-05-11T14:00:00+05:30,24140.6,24150.0,24200.0,24600.0,216.75,190.5,52.0,52.5,2.0,0.009523809523809525,USABLE_OHLC,upstox_intraday/NIFTY/NIFTY_2026.parquet,bae9943b2fa99ee9c1214fb7c695b84f9f661a050a5cd04d9c5c2ffc7bc59f73
ATM_NEAREST_MIRROR_GAP_K3M2.5,2026-05-12,2026-04-21,2026-05-06T10:00:00+05:30,2026-05-11T14:00:00+05:30,24140.6,24150.0,24200.0,24550.0,216.75,190.5,62.7,65.625,2.5,0.044571428571428526,USABLE_OHLC,upstox_intraday/NIFTY/NIFTY_2026.parquet,bae9943b2fa99ee9c1214fb7c695b84f9f661a050a5cd04d9c5c2ffc7bc59f73
ATM_NEAREST_MIRROR_GAP_K3M3,2026-05-12,2026-04-21,2026-05-06T10:00:00+05:30,2026-05-11T14:00:00+05:30,24140.6,24150.0,24200.0,24500.0,216.75,190.5,75.15,78.75,3.0,0.045714285714285645,USABLE_OHLC,upstox_intraday/NIFTY/NIFTY_2026.parquet,bae9943b2fa99ee9c1214fb7c695b84f9f661a050a5cd04d9c5c2ffc7bc59f73
ATM_NEAREST_MIRROR_GAP_K3M4,2026-05-12,2026-04-21,2026-05-06T10:00:00+05:30,2026-05-11T14:00:00+05:30,24140.6,24150.0,24200.0,24400.0,216.75,190.5,105.35,105.0,4.0,0.0033333333333332793,USABLE_OHLC,upstox_intraday/NIFTY/NIFTY_2026.parquet,bae9943b2fa99ee9c1214fb7c695b84f9f661a050a5cd04d9c5c2ffc7bc59f73
ATM_UP_NEXT1_K3M0.5,2026-05-12,2026-04-21,2026-05-06T10:00:00+05:30,2026-05-11T14:00:00+05:30,24140.6,24150.0,24200.0,24950.0,216.75,190.5,12.4,13.125,0.5,0.05523809523809521,USABLE_OHLC,upstox_intraday/NIFTY/NIFTY_2026.parquet,bae9943b2fa99ee9c1214fb7c695b84f9f661a050a5cd04d9c5c2ffc7bc59f73
ATM_UP_NEXT1_K3M1,2026-05-12,2026-04-21,2026-05-06T10:00:00+05:30,2026-05-11T14:00:00+05:30,24140.6,24150.0,24200.0,24750.0,216.75,190.5,28.8,26.25,1.0,0.09714285714285717,USABLE_OHLC,upstox_intraday/NIFTY/NIFTY_2026.parquet,bae9943b2fa99ee9c1214fb7c695b84f9f661a050a5cd04d9c5c2ffc7bc59f73
ATM_UP_NEXT1_K3M1.5,2026-05-12,2026-04-21,2026-05-06T10:00:00+05:30,2026-05-11T14:00:00+05:30,24140.6,24150.0,24200.0,24650.0,216.75,190.5,43.0,39.375,1.5,0.09206349206349207,USABLE_OHLC,upstox_intraday/NIFTY/NIFTY_2026.parquet,bae9943b2fa99ee9c1214fb7c695b84f9f661a050a5cd04d9c5c2ffc7bc59f73
ATM_UP_NEXT1_K3M2,2026-05-12,2026-04-21,2026-05-06T10:00:00+05:30,2026-05-11T14:00:00+05:30,24140.6,24150.0,24200.0,24600.0,216.75,190.5,52.0,52.5,2.0,0.009523809523809525,USABLE_OHLC,upstox_intraday/NIFTY/NIFTY_2026.parquet,bae9943b2fa99ee9c1214fb7c695b84f9f661a050a5cd04d9c5c2ffc7bc59f73
ATM_UP_NEXT1_K3M2.5,2026-05-12,2026-04-21,2026-05-06T10:00:00+05:30,2026-05-11T14:00:00+05:30,24140.6,24150.0,24200.0,24550.0,216.75,190.5,62.7,65.625,2.5,0.044571428571428526,USABLE_OHLC,upstox_intraday/NIFTY/NIFTY_2026.parquet,bae9943b2fa99ee9c1214fb7c695b84f9f661a050a5cd04d9c5c2ffc7bc59f73
ATM_UP_NEXT1_K3M3,2026-05-12,2026-04-21,2026-05-06T10:00:00+05:30,2026-05-11T14:00:00+05:30,24140.6,24150.0,24200.0,24500.0,216.75,190.5,75.15,78.75,3.0,0.045714285714285645,USABLE_OHLC,upstox_intraday/NIFTY/NIFTY_2026.parquet,bae9943b2fa99ee9c1214fb7c695b84f9f661a050a5cd04d9c5c2ffc7bc59f73
ATM_UP_NEXT1_K3M4,2026-05-12,2026-04-21,2026-05-06T10:00:00+05:30,2026-05-11T14:00:00+05:30,24140.6,24150.0,24200.0,24400.0,216.75,190.5,105.35,105.0,4.0,0.0033333333333332793,USABLE_OHLC,upstox_intraday/NIFTY/NIFTY_2026.parquet,bae9943b2fa99ee9c1214fb7c695b84f9f661a050a5cd04d9c5c2ffc7bc59f73
ATM_UP_NEXT2_K3M0.5,2026-05-12,2026-04-21,2026-05-06T10:00:00+05:30,2026-05-11T14:00:00+05:30,24140.6,24150.0,24250.0,24800.0,216.75,165.95,23.3,25.400000000000006,0.5,0.08267716535433088,USABLE_OHLC,upstox_intraday/NIFTY/NIFTY_2026.parquet,bae9943b2fa99ee9c1214fb7c695b84f9f661a050a5cd04d9c5c2ffc7bc59f73
ATM_UP_NEXT2_K3M1,2026-05-12,2026-04-21,2026-05-06T10:00:00+05:30,2026-05-11T14:00:00+05:30,24140.6,24150.0,24250.0,24600.0,216.75,165.95,52.0,50.80000000000001,1.0,0.02362204724409426,USABLE_OHLC,upstox_intraday/NIFTY/NIFTY_2026.parquet,bae9943b2fa99ee9c1214fb7c695b84f9f661a050a5cd04d9c5c2ffc7bc59f73
ATM_UP_NEXT2_K3M1.5,2026-05-12,2026-04-21,2026-05-06T10:00:00+05:30,2026-05-11T14:00:00+05:30,24140.6,24150.0,24250.0,24500.0,216.75,165.95,75.15,76.20000000000002,1.5,0.013779527559055264,USABLE_OHLC,upstox_intraday/NIFTY/NIFTY_2026.parquet,bae9943b2fa99ee9c1214fb7c695b84f9f661a050a5cd04d9c5c2ffc7bc59f73
ATM_UP_NEXT2_K3M2,2026-05-12,2026-04-21,2026-05-06T10:00:00+05:30,2026-05-11T14:00:00+05:30,24140.6,24150.0,24250.0,24400.0,216.75,165.95,105.35,101.60000000000002,2.0,0.03690944881889735,USABLE_OHLC,upstox_intraday/NIFTY/NIFTY_2026.parquet,bae9943b2fa99ee9c1214fb7c695b84f9f661a050a5cd04d9c5c2ffc7bc59f73
ATM_UP_NEXT2_K3M2.5,2026-05-12,2026-04-21,2026-05-06T10:00:00+05:30,2026-05-11T14:00:00+05:30,24140.6,24150.0,24250.0,24350.0,216.75,165.95,123.3,127.00000000000003,2.5,0.029133858267716774,USABLE_OHLC,upstox_intraday/NIFTY/NIFTY_2026.parquet,bae9943b2fa99ee9c1214fb7c695b84f9f661a050a5cd04d9c5c2ffc7bc59f73
ATM_UP_NEXT2_K3M3,2026-05-12,2026-04-21,2026-05-06T10:00:00+05:30,2026-05-11T14:00:00+05:30,24140.6,24150.0,24250.0,24300.0,216.75,165.95,143.65,152.40000000000003,3.0,0.05741469816272983,USABLE_OHLC,upstox_intraday/NIFTY/NIFTY_2026.parquet,bae9943b2fa99ee9c1214fb7c695b84f9f661a050a5cd04d9c5c2ffc7bc59f73
ATM_UP_NEXT2_K3M4,2026-05-12,2026-04-21,2026-05-06T10:00:00+05:30,2026-05-11T14:00:00+05:30,24140.6,24150.0,24250.0,24300.0,216.75,165.95,143.65,203.20000000000005,4.0,0.2930610236220474,USABLE_OHLC,upstox_intraday/NIFTY/NIFTY_2026.parquet,bae9943b2fa99ee9c1214fb7c695b84f9f661a050a5cd04d9c5c2ffc7bc59f73
ATM_UP_NEXT3_K3M0.5,2026-05-12,2026-04-21,2026-05-06T10:00:00+05:30,2026-05-11T14:00:00+05:30,24140.6,24150.0,24300.0,24700.0,216.75,143.65,35.2,36.55,0.5,0.03693570451436373,USABLE_OHLC,upstox_intraday/NIFTY/NIFTY_2026.parquet,bae9943b2fa99ee9c1214fb7c695b84f9f661a050a5cd04d9c5c2ffc7bc59f73
ATM_UP_NEXT3_K3M1,2026-05-12,2026-04-21,2026-05-06T10:00:00+05:30,2026-05-11T14:00:00+05:30,24140.6,24150.0,24300.0,24500.0,216.75,143.65,75.15,73.1,1.0,0.02804377564979496,USABLE_OHLC,upstox_intraday/NIFTY/NIFTY_2026.parquet,bae9943b2fa99ee9c1214fb7c695b84f9f661a050a5cd04d9c5c2ffc7bc59f73
ATM_UP_NEXT3_K3M1.5,2026-05-12,2026-04-21,2026-05-06T10:00:00+05:30,2026-05-11T14:00:00+05:30,24140.6,24150.0,24300.0,24400.0,216.75,143.65,105.35,109.64999999999999,1.5,0.03921568627450978,USABLE_OHLC,upstox_intraday/NIFTY/NIFTY_2026.parquet,bae9943b2fa99ee9c1214fb7c695b84f9f661a050a5cd04d9c5c2ffc7bc59f73
ATM_UP_NEXT3_K3M2,2026-05-12,2026-04-21,2026-05-06T10:00:00+05:30,2026-05-11T14:00:00+05:30,24140.6,24150.0,24300.0,24350.0,216.75,143.65,123.3,146.2,2.0,0.1566347469220246,USABLE_OHLC,upstox_intraday/NIFTY/NIFTY_2026.parquet,bae9943b2fa99ee9c1214fb7c695b84f9f661a050a5cd04d9c5c2ffc7bc59f73
ATM_UP_NEXT3_K3M2.5,2026-05-12,2026-04-21,2026-05-06T10:00:00+05:30,2026-05-11T14:00:00+05:30,24140.6,24150.0,24300.0,24350.0,216.75,143.65,123.3,182.75,2.5,0.32530779753761974,USABLE_OHLC,upstox_intraday/NIFTY/NIFTY_2026.parquet,bae9943b2fa99ee9c1214fb7c695b84f9f661a050a5cd04d9c5c2ffc7bc59f73
ATM_UP_NEXT3_K3M3,2026-05-12,2026-04-21,2026-05-06T10:00:00+05:30,2026-05-11T14:00:00+05:30,24140.6,24150.0,24300.0,24350.0,216.75,143.65,123.3,219.29999999999998,3.0,0.4377564979480164,USABLE_OHLC,upstox_intraday/NIFTY/NIFTY_2026.parquet,bae9943b2fa99ee9c1214fb7c695b84f9f661a050a5cd04d9c5c2ffc7bc59f73
ATM_UP_NEXT3_K3M4,2026-05-12,2026-04-21,2026-05-06T10:00:00+05:30,2026-05-11T14:00:00+05:30,24140.6,24150.0,24300.0,24350.0,216.75,143.65,123.3,292.4,4.0,0.5783173734610122,USABLE_OHLC,upstox_intraday/NIFTY/NIFTY_2026.parquet,bae9943b2fa99ee9c1214fb7c695b84f9f661a050a5cd04d9c5c2ffc7bc59f73
ATM_UP_MIRROR_GAP_K3M0.5,2026-05-12,2026-04-21,2026-05-06T10:00:00+05:30,2026-05-11T14:00:00+05:30,24140.6,24150.0,24200.0,24950.0,216.75,190.5,12.4,13.125,0.5,0.05523809523809521,USABLE_OHLC,upstox_intraday/NIFTY/NIFTY_2026.parquet,bae9943b2fa99ee9c1214fb7c695b84f9f661a050a5cd04d9c5c2ffc7bc59f73
ATM_UP_MIRROR_GAP_K3M1,2026-05-12,2026-04-21,2026-05-06T10:00:00+05:30,2026-05-11T14:00:00+05:30,24140.6,24150.0,24200.0,24750.0,216.75,190.5,28.8,26.25,1.0,0.09714285714285717,USABLE_OHLC,upstox_intraday/NIFTY/NIFTY_2026.parquet,bae9943b2fa99ee9c1214fb7c695b84f9f661a050a5cd04d9c5c2ffc7bc59f73
ATM_UP_MIRROR_GAP_K3M1.5,2026-05-12,2026-04-21,2026-05-06T10:00:00+05:30,2026-05-11T14:00:00+05:30,24140.6,24150.0,24200.0,24650.0,216.75,190.5,43.0,39.375,1.5,0.09206349206349207,USABLE_OHLC,upstox_intraday/NIFTY/NIFTY_2026.parquet,bae9943b2fa99ee9c1214fb7c695b84f9f661a050a5cd04d9c5c2ffc7bc59f73
ATM_UP_MIRROR_GAP_K3M2,2026-05-12,2026-04-21,2026-05-06T10:00:00+05:30,2026-05-11T14:00:00+05:30,24140.6,24150.0,24200.0,24600.0,216.75,190.5,52.0,52.5,2.0,0.009523809523809525,USABLE_OHLC,upstox_intraday/NIFTY/NIFTY_2026.parquet,bae9943b2fa99ee9c1214fb7c695b84f9f661a050a5cd04d9c5c2ffc7bc59f73
ATM_UP_MIRROR_GAP_K3M2.5,2026-05-12,2026-04-21,2026-05-06T10:00:00+05:30,2026-05-11T14:00:00+05:30,24140.6,24150.0,24200.0,24550.0,216.75,190.5,62.7,65.625,2.5,0.044571428571428526,USABLE_OHLC,upstox_intraday/NIFTY/NIFTY_2026.parquet,bae9943b2fa99ee9c1214fb7c695b84f9f661a050a5cd04d9c5c2ffc7bc59f73
ATM_UP_MIRROR_GAP_K3M3,2026-05-12,2026-04-21,2026-05-06T10:00:00+05:30,2026-05-11T14:00:00+05:30,24140.6,24150.0,24200.0,24500.0,216.75,190.5,75.15,78.75,3.0,0.045714285714285645,USABLE_OHLC,upstox_intraday/NIFTY/NIFTY_2026.parquet,bae9943b2fa99ee9c1214fb7c695b84f9f661a050a5cd04d9c5c2ffc7bc59f73
ATM_UP_MIRROR_GAP_K3M4,2026-05-12,2026-04-21,2026-05-06T10:00:00+05:30,2026-05-11T14:00:00+05:30,24140.6,24150.0,24200.0,24400.0,216.75,190.5,105.35,105.0,4.0,0.0033333333333332793,USABLE_OHLC,upstox_intraday/NIFTY/NIFTY_2026.parquet,bae9943b2fa99ee9c1214fb7c695b84f9f661a050a5cd04d9c5c2ffc7bc59f73
ITM1_NEXT1_K3M0.5,2026-05-12,2026-04-21,2026-05-06T10:00:00+05:30,2026-05-11T14:00:00+05:30,24140.6,24100.0,24150.0,24900.0,245.7,216.75,15.2,14.474999999999994,0.5,0.05008635578583801,USABLE_OHLC,upstox_intraday/NIFTY/NIFTY_2026.parquet,bae9943b2fa99ee9c1214fb7c695b84f9f661a050a5cd04d9c5c2ffc7bc59f73
ITM1_NEXT1_K3M1,2026-05-12,2026-04-21,2026-05-06T10:00:00+05:30,2026-05-11T14:00:00+05:30,24140.6,24100.0,24150.0,24750.0,245.7,216.75,28.8,28.94999999999999,1.0,0.005181347150258652,USABLE_OHLC,upstox_intraday/NIFTY/NIFTY_2026.parquet,bae9943b2fa99ee9c1214fb7c695b84f9f661a050a5cd04d9c5c2ffc7bc59f73
ITM1_NEXT1_K3M1.5,2026-05-12,2026-04-21,2026-05-06T10:00:00+05:30,2026-05-11T14:00:00+05:30,24140.6,24100.0,24150.0,24650.0,245.7,216.75,43.0,43.42499999999998,1.5,0.009786989061600072,USABLE_OHLC,upstox_intraday/NIFTY/NIFTY_2026.parquet,bae9943b2fa99ee9c1214fb7c695b84f9f661a050a5cd04d9c5c2ffc7bc59f73
ITM1_NEXT1_K3M2,2026-05-12,2026-04-21,2026-05-06T10:00:00+05:30,2026-05-11T14:00:00+05:30,24140.6,24100.0,24150.0,24550.0,245.7,216.75,62.7,57.89999999999998,2.0,0.08290155440414555,USABLE_OHLC,upstox_intraday/NIFTY/NIFTY_2026.parquet,bae9943b2fa99ee9c1214fb7c695b84f9f661a050a5cd04d9c5c2ffc7bc59f73
ITM1_NEXT1_K3M2.5,2026-05-12,2026-04-21,2026-05-06T10:00:00+05:30,2026-05-11T14:00:00+05:30,24140.6,24100.0,24150.0,24500.0,245.7,216.75,75.15,72.37499999999997,2.5,0.03834196891191759,USABLE_OHLC,upstox_intraday/NIFTY/NIFTY_2026.parquet,bae9943b2fa99ee9c1214fb7c695b84f9f661a050a5cd04d9c5c2ffc7bc59f73
ITM1_NEXT1_K3M3,2026-05-12,2026-04-21,2026-05-06T10:00:00+05:30,2026-05-11T14:00:00+05:30,24140.6,24100.0,24150.0,24450.0,245.7,216.75,89.15,86.84999999999997,3.0,0.02648244099021348,USABLE_OHLC,upstox_intraday/NIFTY/NIFTY_2026.parquet,bae9943b2fa99ee9c1214fb7c695b84f9f661a050a5cd04d9c5c2ffc7bc59f73
ITM1_NEXT1_K3M4,2026-05-12,2026-04-21,2026-05-06T10:00:00+05:30,2026-05-11T14:00:00+05:30,24140.6,24100.0,24150.0,24350.0,245.7,216.75,123.3,115.79999999999995,4.0,0.06476683937823874,USABLE_OHLC,upstox_intraday/NIFTY/NIFTY_2026.parquet,bae9943b2fa99ee9c1214fb7c695b84f9f661a050a5cd04d9c5c2ffc7bc59f73
ITM1_NEXT2_K3M0.5,2026-05-12,2026-04-21,2026-05-06T10:00:00+05:30,2026-05-11T14:00:00+05:30,24140.6,24100.0,24200.0,24750.0,245.7,190.5,28.8,27.599999999999994,0.5,0.04347826086956546,USABLE_OHLC,upstox_intraday/NIFTY/NIFTY_2026.parquet,bae9943b2fa99ee9c1214fb7c695b84f9f661a050a5cd04d9c5c2ffc7bc59f73
ITM1_NEXT2_K3M1,2026-05-12,2026-04-21,2026-05-06T10:00:00+05:30,2026-05-11T14:00:00+05:30,24140.6,24100.0,24200.0,24600.0,245.7,190.5,52.0,55.19999999999999,1.0,0.05797101449275343,USABLE_OHLC,upstox_intraday/NIFTY/NIFTY_2026.parquet,bae9943b2fa99ee9c1214fb7c695b84f9f661a050a5cd04d9c5c2ffc7bc59f73
ITM1_NEXT2_K3M1.5,2026-05-12,2026-04-21,2026-05-06T10:00:00+05:30,2026-05-11T14:00:00+05:30,24140.6,24100.0,24200.0,24450.0,245.7,190.5,89.15,82.79999999999998,1.5,0.07669082125603893,USABLE_OHLC,upstox_intraday/NIFTY/NIFTY_2026.parquet,bae9943b2fa99ee9c1214fb7c695b84f9f661a050a5cd04d9c5c2ffc7bc59f73
ITM1_NEXT2_K3M2,2026-05-12,2026-04-21,2026-05-06T10:00:00+05:30,2026-05-11T14:00:00+05:30,24140.6,24100.0,24200.0,24400.0,245.7,190.5,105.35,110.39999999999998,2.0,0.04574275362318826,USABLE_OHLC,upstox_intraday/NIFTY/NIFTY_2026.parquet,bae9943b2fa99ee9c1214fb7c695b84f9f661a050a5cd04d9c5c2ffc7bc59f73
ITM1_NEXT2_K3M2.5,2026-05-12,2026-04-21,2026-05-06T10:00:00+05:30,2026-05-11T14:00:00+05:30,24140.6,24100.0,24200.0,24300.0,245.7,190.5,143.65,137.99999999999997,2.5,0.0409420289855075,USABLE_OHLC,upstox_intraday/NIFTY/NIFTY_2026.parquet,bae9943b2fa99ee9c1214fb7c695b84f9f661a050a5cd04d9c5c2ffc7bc59f73
ITM1_NEXT2_K3M3,2026-05-12,2026-04-21,2026-05-06T10:00:00+05:30,2026-05-11T14:00:00+05:30,24140.6,24100.0,24200.0,24250.0,245.7,190.5,165.95,165.59999999999997,3.0,0.002113526570048447,USABLE_OHLC,upstox_intraday/NIFTY/NIFTY_2026.parquet,bae9943b2fa99ee9c1214fb7c695b84f9f661a050a5cd04d9c5c2ffc7bc59f73
ITM1_NEXT2_K3M4,2026-05-12,2026-04-21,2026-05-06T10:00:00+05:30,2026-05-11T14:00:00+05:30,24140.6,24100.0,24200.0,24250.0,245.7,190.5,165.95,220.79999999999995,4.0,0.24841485507246366,USABLE_OHLC,upstox_intraday/NIFTY/NIFTY_2026.parquet,bae9943b2fa99ee9c1214fb7c695b84f9f661a050a5cd04d9c5c2ffc7bc59f73
ITM1_NEXT3_K3M0.5,2026-05-12,2026-04-21,2026-05-06T10:00:00+05:30,2026-05-11T14:00:00+05:30,24140.6,24100.0,24250.0,24650.0,245.7,165.95,43.0,39.875,0.5,0.07836990595611286,USABLE_OHLC,upstox_intraday/NIFTY/NIFTY_2026.parquet,bae9943b2fa99ee9c1214fb7c695b84f9f661a050a5cd04d9c5c2ffc7bc59f73
ITM1_NEXT3_K3M1,2026-05-12,2026-04-21,2026-05-06T10:00:00+05:30,2026-05-11T14:00:00+05:30,24140.6,24100.0,24250.0,24500.0,245.7,165.95,75.15,79.75,1.0,0.05768025078369899,USABLE_OHLC,upstox_intraday/NIFTY/NIFTY_2026.parquet,bae9943b2fa99ee9c1214fb7c695b84f9f661a050a5cd04d9c5c2ffc7bc59f73
ITM1_NEXT3_K3M1.5,2026-05-12,2026-04-21,2026-05-06T10:00:00+05:30,2026-05-11T14:00:00+05:30,24140.6,24100.0,24250.0,24350.0,245.7,165.95,123.3,119.625,1.5,0.030721003134796216,USABLE_OHLC,upstox_intraday/NIFTY/NIFTY_2026.parquet,bae9943b2fa99ee9c1214fb7c695b84f9f661a050a5cd04d9c5c2ffc7bc59f73
ITM1_NEXT3_K3M2,2026-05-12,2026-04-21,2026-05-06T10:00:00+05:30,2026-05-11T14:00:00+05:30,24140.6,24100.0,24250.0,24300.0,245.7,165.95,143.65,159.5,2.0,0.09937304075235107,USABLE_OHLC,upstox_intraday/NIFTY/NIFTY_2026.parquet,bae9943b2fa99ee9c1214fb7c695b84f9f661a050a5cd04d9c5c2ffc7bc59f73
ITM1_NEXT3_K3M2.5,2026-05-12,2026-04-21,2026-05-06T10:00:00+05:30,2026-05-11T14:00:00+05:30,24140.6,24100.0,24250.0,24300.0,245.7,165.95,143.65,199.375,2.5,0.27949843260188084,USABLE_OHLC,upstox_intraday/NIFTY/NIFTY_2026.parquet,bae9943b2fa99ee9c1214fb7c695b84f9f661a050a5cd04d9c5c2ffc7bc59f73
ITM1_NEXT3_K3M3,2026-05-12,2026-04-21,2026-05-06T10:00:00+05:30,2026-05-11T14:00:00+05:30,24140.6,24100.0,24250.0,24300.0,245.7,165.95,143.65,239.25,3.0,0.39958202716823404,USABLE_OHLC,upstox_intraday/NIFTY/NIFTY_2026.parquet,bae9943b2fa99ee9c1214fb7c695b84f9f661a050a5cd04d9c5c2ffc7bc59f73
ITM1_NEXT3_K3M4,2026-05-12,2026-04-21,2026-05-06T10:00:00+05:30,2026-05-11T14:00:00+05:30,24140.6,24100.0,24250.0,24300.0,245.7,165.95,143.65,319.0,4.0,0.5496865203761755,USABLE_OHLC,upstox_intraday/NIFTY/NIFTY_2026.parquet,bae9943b2fa99ee9c1214fb7c695b84f9f661a050a5cd04d9c5c2ffc7bc59f73
ITM1_MIRROR_GAP_K3M0.5,2026-05-12,2026-04-21,2026-05-06T10:00:00+05:30,2026-05-11T14:00:00+05:30,24140.6,24100.0,24150.0,24900.0,245.7,216.75,15.2,14.474999999999994,0.5,0.05008635578583801,USABLE_OHLC,upstox_intraday/NIFTY/NIFTY_2026.parquet,bae9943b2fa99ee9c1214fb7c695b84f9f661a050a5cd04d9c5c2ffc7bc59f73
ITM1_MIRROR_GAP_K3M1,2026-05-12,2026-04-21,2026-05-06T10:00:00+05:30,2026-05-11T14:00:00+05:30,24140.6,24100.0,24150.0,24750.0,245.7,216.75,28.8,28.94999999999999,1.0,0.005181347150258652,USABLE_OHLC,upstox_intraday/NIFTY/NIFTY_2026.parquet,bae9943b2fa99ee9c1214fb7c695b84f9f661a050a5cd04d9c5c2ffc7bc59f73
ITM1_MIRROR_GAP_K3M1.5,2026-05-12,2026-04-21,2026-05-06T10:00:00+05:30,2026-05-11T14:00:00+05:30,24140.6,24100.0,24150.0,24650.0,245.7,216.75,43.0,43.42499999999998,1.5,0.009786989061600072,USABLE_OHLC,upstox_intraday/NIFTY/NIFTY_2026.parquet,bae9943b2fa99ee9c1214fb7c695b84f9f661a050a5cd04d9c5c2ffc7bc59f73
ITM1_MIRROR_GAP_K3M2,2026-05-12,2026-04-21,2026-05-06T10:00:00+05:30,2026-05-11T14:00:00+05:30,24140.6,24100.0,24150.0,24550.0,245.7,216.75,62.7,57.89999999999998,2.0,0.08290155440414555,USABLE_OHLC,upstox_intraday/NIFTY/NIFTY_2026.parquet,bae9943b2fa99ee9c1214fb7c695b84f9f661a050a5cd04d9c5c2ffc7bc59f73
ITM1_MIRROR_GAP_K3M2.5,2026-05-12,2026-04-21,2026-05-06T10:00:00+05:30,2026-05-11T14:00:00+05:30,24140.6,24100.0,24150.0,24500.0,245.7,216.75,75.15,72.37499999999997,2.5,0.03834196891191759,USABLE_OHLC,upstox_intraday/NIFTY/NIFTY_2026.parquet,bae9943b2fa99ee9c1214fb7c695b84f9f661a050a5cd04d9c5c2ffc7bc59f73
ITM1_MIRROR_GAP_K3M3,2026-05-12,2026-04-21,2026-05-06T10:00:00+05:30,2026-05-11T14:00:00+05:30,24140.6,24100.0,24150.0,24450.0,245.7,216.75,89.15,86.84999999999997,3.0,0.02648244099021348,USABLE_OHLC,upstox_intraday/NIFTY/NIFTY_2026.parquet,bae9943b2fa99ee9c1214fb7c695b84f9f661a050a5cd04d9c5c2ffc7bc59f73
ITM1_MIRROR_GAP_K3M4,2026-05-12,2026-04-21,2026-05-06T10:00:00+05:30,2026-05-11T14:00:00+05:30,24140.6,24100.0,24150.0,24350.0,245.7,216.75,123.3,115.79999999999995,4.0,0.06476683937823874,USABLE_OHLC,upstox_intraday/NIFTY/NIFTY_2026.parquet,bae9943b2fa99ee9c1214fb7c695b84f9f661a050a5cd04d9c5c2ffc7bc59f73
ITM2_NEXT1_K3M0.5,2026-05-12,2026-04-21,2026-05-06T10:00:00+05:30,2026-05-11T14:00:00+05:30,24140.6,24050.0,24100.0,24900.0,276.2,245.7,15.2,15.25,0.5,0.0032786885245902103,USABLE_OHLC,upstox_intraday/NIFTY/NIFTY_2026.parquet,bae9943b2fa99ee9c1214fb7c695b84f9f661a050a5cd04d9c5c2ffc7bc59f73
ITM2_NEXT1_K3M1,2026-05-12,2026-04-21,2026-05-06T10:00:00+05:30,2026-05-11T14:00:00+05:30,24140.6,24050.0,24100.0,24750.0,276.2,245.7,28.8,30.5,1.0,0.05573770491803277,USABLE_OHLC,upstox_intraday/NIFTY/NIFTY_2026.parquet,bae9943b2fa99ee9c1214fb7c695b84f9f661a050a5cd04d9c5c2ffc7bc59f73
ITM2_NEXT1_K3M1.5,2026-05-12,2026-04-21,2026-05-06T10:00:00+05:30,2026-05-11T14:00:00+05:30,24140.6,24050.0,24100.0,24650.0,276.2,245.7,43.0,45.75,1.5,0.060109289617486336,USABLE_OHLC,upstox_intraday/NIFTY/NIFTY_2026.parquet,bae9943b2fa99ee9c1214fb7c695b84f9f661a050a5cd04d9c5c2ffc7bc59f73
ITM2_NEXT1_K3M2,2026-05-12,2026-04-21,2026-05-06T10:00:00+05:30,2026-05-11T14:00:00+05:30,24140.6,24050.0,24100.0,24550.0,276.2,245.7,62.7,61.0,2.0,0.02786885245901644,USABLE_OHLC,upstox_intraday/NIFTY/NIFTY_2026.parquet,bae9943b2fa99ee9c1214fb7c695b84f9f661a050a5cd04d9c5c2ffc7bc59f73
ITM2_NEXT1_K3M2.5,2026-05-12,2026-04-21,2026-05-06T10:00:00+05:30,2026-05-11T14:00:00+05:30,24140.6,24050.0,24100.0,24500.0,276.2,245.7,75.15,76.25,2.5,0.014426229508196647,USABLE_OHLC,upstox_intraday/NIFTY/NIFTY_2026.parquet,bae9943b2fa99ee9c1214fb7c695b84f9f661a050a5cd04d9c5c2ffc7bc59f73
ITM2_NEXT1_K3M3,2026-05-12,2026-04-21,2026-05-06T10:00:00+05:30,2026-05-11T14:00:00+05:30,24140.6,24050.0,24100.0,24450.0,276.2,245.7,89.15,91.5,3.0,0.025683060109289554,USABLE_OHLC,upstox_intraday/NIFTY/NIFTY_2026.parquet,bae9943b2fa99ee9c1214fb7c695b84f9f661a050a5cd04d9c5c2ffc7bc59f73
ITM2_NEXT1_K3M4,2026-05-12,2026-04-21,2026-05-06T10:00:00+05:30,2026-05-11T14:00:00+05:30,24140.6,24050.0,24100.0,24350.0,276.2,245.7,123.3,122.0,4.0,0.01065573770491801,USABLE_OHLC,upstox_intraday/NIFTY/NIFTY_2026.parquet,bae9943b2fa99ee9c1214fb7c695b84f9f661a050a5cd04d9c5c2ffc7bc59f73
ITM2_NEXT2_K3M0.5,2026-05-12,2026-04-21,2026-05-06T10:00:00+05:30,2026-05-11T14:00:00+05:30,24140.6,24050.0,24150.0,24750.0,276.2,216.75,28.8,29.724999999999994,0.5,0.031118587047939236,USABLE_OHLC,upstox_intraday/NIFTY/NIFTY_2026.parquet,bae9943b2fa99ee9c1214fb7c695b84f9f661a050a5cd04d9c5c2ffc7bc59f73
ITM2_NEXT2_K3M1,2026-05-12,2026-04-21,2026-05-06T10:00:00+05:30,2026-05-11T14:00:00+05:30,24140.6,24050.0,24150.0,24550.0,276.2,216.75,62.7,59.44999999999999,1.0,0.05466778805719116,USABLE_OHLC,upstox_intraday/NIFTY/NIFTY_2026.parquet,bae9943b2fa99ee9c1214fb7c695b84f9f661a050a5cd04d9c5c2ffc7bc59f73
ITM2_NEXT2_K3M1.5,2026-05-12,2026-04-21,2026-05-06T10:00:00+05:30,2026-05-11T14:00:00+05:30,24140.6,24050.0,24150.0,24450.0,276.2,216.75,89.15,89.17499999999998,1.5,0.0002803476310622626,USABLE_OHLC,upstox_intraday/NIFTY/NIFTY_2026.parquet,bae9943b2fa99ee9c1214fb7c695b84f9f661a050a5cd04d9c5c2ffc7bc59f73
ITM2_NEXT2_K3M2,2026-05-12,2026-04-21,2026-05-06T10:00:00+05:30,2026-05-11T14:00:00+05:30,24140.6,24050.0,24150.0,24350.0,276.2,216.75,123.3,118.89999999999998,2.0,0.03700588730025249,USABLE_OHLC,upstox_intraday/NIFTY/NIFTY_2026.parquet,bae9943b2fa99ee9c1214fb7c695b84f9f661a050a5cd04d9c5c2ffc7bc59f73
ITM2_NEXT2_K3M2.5,2026-05-12,2026-04-21,2026-05-06T10:00:00+05:30,2026-05-11T14:00:00+05:30,24140.6,24050.0,24150.0,24300.0,276.2,216.75,143.65,148.62499999999997,2.5,0.03347350714886437,USABLE_OHLC,upstox_intraday/NIFTY/NIFTY_2026.parquet,bae9943b2fa99ee9c1214fb7c695b84f9f661a050a5cd04d9c5c2ffc7bc59f73
ITM2_NEXT2_K3M3,2026-05-12,2026-04-21,2026-05-06T10:00:00+05:30,2026-05-11T14:00:00+05:30,24140.6,24050.0,24150.0,24200.0,276.2,216.75,190.5,178.34999999999997,3.0,0.06812447434819197,USABLE_OHLC,upstox_intraday/NIFTY/NIFTY_2026.parquet,bae9943b2fa99ee9c1214fb7c695b84f9f661a050a5cd04d9c5c2ffc7bc59f73
ITM2_NEXT2_K3M4,2026-05-12,2026-04-21,2026-05-06T10:00:00+05:30,2026-05-11T14:00:00+05:30,24140.6,24050.0,24150.0,24200.0,276.2,216.75,190.5,237.79999999999995,4.0,0.19890664423885604,USABLE_OHLC,upstox_intraday/NIFTY/NIFTY_2026.parquet,bae9943b2fa99ee9c1214fb7c695b84f9f661a050a5cd04d9c5c2ffc7bc59f73
ITM2_NEXT3_K3M0.5,2026-05-12,2026-04-21,2026-05-06T10:00:00+05:30,2026-05-11T14:00:00+05:30,24140.6,24050.0,24200.0,24650.0,276.2,190.5,43.0,42.849999999999994,0.5,0.0035005834305718952,USABLE_OHLC,upstox_intraday/NIFTY/NIFTY_2026.parquet,bae9943b2fa99ee9c1214fb7c695b84f9f661a050a5cd04d9c5c2ffc7bc59f73
ITM2_NEXT3_K3M1,2026-05-12,2026-04-21,2026-05-06T10:00:00+05:30,2026-05-11T14:00:00+05:30,24140.6,24050.0,24200.0,24450.0,276.2,190.5,89.15,85.69999999999999,1.0,0.040256709451575466,USABLE_OHLC,upstox_intraday/NIFTY/NIFTY_2026.parquet,bae9943b2fa99ee9c1214fb7c695b84f9f661a050a5cd04d9c5c2ffc7bc59f73
ITM2_NEXT3_K3M1.5,2026-05-12,2026-04-21,2026-05-06T10:00:00+05:30,2026-05-11T14:00:00+05:30,24140.6,24050.0,24200.0,24350.0,276.2,190.5,123.3,128.54999999999998,1.5,0.04084014002333712,USABLE_OHLC,upstox_intraday/NIFTY/NIFTY_2026.parquet,bae9943b2fa99ee9c1214fb7c695b84f9f661a050a5cd04d9c5c2ffc7bc59f73
ITM2_NEXT3_K3M2,2026-05-12,2026-04-21,2026-05-06T10:00:00+05:30,2026-05-11T14:00:00+05:30,24140.6,24050.0,24200.0,24250.0,276.2,190.5,165.95,171.39999999999998,2.0,0.03179696616102678,USABLE_OHLC,upstox_intraday/NIFTY/NIFTY_2026.parquet,bae9943b2fa99ee9c1214fb7c695b84f9f661a050a5cd04d9c5c2ffc7bc59f73
ITM2_NEXT3_K3M2.5,2026-05-12,2026-04-21,2026-05-06T10:00:00+05:30,2026-05-11T14:00:00+05:30,24140.6,24050.0,24200.0,24250.0,276.2,190.5,165.95,214.24999999999997,2.5,0.2254375729288214,USABLE_OHLC,upstox_intraday/NIFTY/NIFTY_2026.parquet,bae9943b2fa99ee9c1214fb7c695b84f9f661a050a5cd04d9c5c2ffc7bc59f73
ITM2_NEXT3_K3M3,2026-05-12,2026-04-21,2026-05-06T10:00:00+05:30,2026-05-11T14:00:00+05:30,24140.6,24050.0,24200.0,24250.0,276.2,190.5,165.95,257.09999999999997,3.0,0.35453131077401784,USABLE_OHLC,upstox_intraday/NIFTY/NIFTY_2026.parquet,bae9943b2fa99ee9c1214fb7c695b84f9f661a050a5cd04d9c5c2ffc7bc59f73
ITM2_NEXT3_K3M4,2026-05-12,2026-04-21,2026-05-06T10:00:00+05:30,2026-05-11T14:00:00+05:30,24140.6,24050.0,24200.0,24250.0,276.2,190.5,165.95,342.79999999999995,4.0,0.5158984830805133,USABLE_OHLC,upstox_intraday/NIFTY/NIFTY_2026.parquet,bae9943b2fa99ee9c1214fb7c695b84f9f661a050a5cd04d9c5c2ffc7bc59f73
ITM2_MIRROR_GAP_K3M0.5,2026-05-12,2026-04-21,2026-05-06T10:00:00+05:30,2026-05-11T14:00:00+05:30,24140.6,24050.0,24150.0,24750.0,276.2,216.75,28.8,29.724999999999994,0.5,0.031118587047939236,USABLE_OHLC,upstox_intraday/NIFTY/NIFTY_2026.parquet,bae9943b2fa99ee9c1214fb7c695b84f9f661a050a5cd04d9c5c2ffc7bc59f73
ITM2_MIRROR_GAP_K3M1,2026-05-12,2026-04-21,2026-05-06T10:00:00+05:30,2026-05-11T14:00:00+05:30,24140.6,24050.0,24150.0,24550.0,276.2,216.75,62.7,59.44999999999999,1.0,0.05466778805719116,USABLE_OHLC,upstox_intraday/NIFTY/NIFTY_2026.parquet,bae9943b2fa99ee9c1214fb7c695b84f9f661a050a5cd04d9c5c2ffc7bc59f73
ITM2_MIRROR_GAP_K3M1.5,2026-05-12,2026-04-21,2026-05-06T10:00:00+05:30,2026-05-11T14:00:00+05:30,24140.6,24050.0,24150.0,24450.0,276.2,216.75,89.15,89.17499999999998,1.5,0.0002803476310622626,USABLE_OHLC,upstox_intraday/NIFTY/NIFTY_2026.parquet,bae9943b2fa99ee9c1214fb7c695b84f9f661a050a5cd04d9c5c2ffc7bc59f73
ITM2_MIRROR_GAP_K3M2,2026-05-12,2026-04-21,2026-05-06T10:00:00+05:30,2026-05-11T14:00:00+05:30,24140.6,24050.0,24150.0,24350.0,276.2,216.75,123.3,118.89999999999998,2.0,0.03700588730025249,USABLE_OHLC,upstox_intraday/NIFTY/NIFTY_2026.parquet,bae9943b2fa99ee9c1214fb7c695b84f9f661a050a5cd04d9c5c2ffc7bc59f73
ITM2_MIRROR_GAP_K3M2.5,2026-05-12,2026-04-21,2026-05-06T10:00:00+05:30,2026-05-11T14:00:00+05:30,24140.6,24050.0,24150.0,24300.0,276.2,216.75,143.65,148.62499999999997,2.5,0.03347350714886437,USABLE_OHLC,upstox_intraday/NIFTY/NIFTY_2026.parquet,bae9943b2fa99ee9c1214fb7c695b84f9f661a050a5cd04d9c5c2ffc7bc59f73
ITM2_MIRROR_GAP_K3M3,2026-05-12,2026-04-21,2026-05-06T10:00:00+05:30,2026-05-11T14:00:00+05:30,24140.6,24050.0,24150.0,24200.0,276.2,216.75,190.5,178.34999999999997,3.0,0.06812447434819197,USABLE_OHLC,upstox_intraday/NIFTY/NIFTY_2026.parquet,bae9943b2fa99ee9c1214fb7c695b84f9f661a050a5cd04d9c5c2ffc7bc59f73
ITM2_MIRROR_GAP_K3M4,2026-05-12,2026-04-21,2026-05-06T10:00:00+05:30,2026-05-11T14:00:00+05:30,24140.6,24050.0,24150.0,24200.0,276.2,216.75,190.5,237.79999999999995,4.0,0.19890664423885604,USABLE_OHLC,upstox_intraday/NIFTY/NIFTY_2026.parquet,bae9943b2fa99ee9c1214fb7c695b84f9f661a050a5cd04d9c5c2ffc7bc59f73
ITM3_NEXT1_K3M0.5,2026-05-12,2026-04-21,2026-05-06T10:00:00+05:30,2026-05-11T14:00:00+05:30,24140.6,24000.0,24050.0,24900.0,308.0,276.2,15.2,15.900000000000006,0.5,0.04402515723270479,USABLE_OHLC,upstox_intraday/NIFTY/NIFTY_2026.parquet,bae9943b2fa99ee9c1214fb7c695b84f9f661a050a5cd04d9c5c2ffc7bc59f73
ITM3_NEXT1_K3M1,2026-05-12,2026-04-21,2026-05-06T10:00:00+05:30,2026-05-11T14:00:00+05:30,24140.6,24000.0,24050.0,24750.0,308.0,276.2,28.8,31.80000000000001,1.0,0.09433962264150973,USABLE_OHLC,upstox_intraday/NIFTY/NIFTY_2026.parquet,bae9943b2fa99ee9c1214fb7c695b84f9f661a050a5cd04d9c5c2ffc7bc59f73
ITM3_NEXT1_K3M1.5,2026-05-12,2026-04-21,2026-05-06T10:00:00+05:30,2026-05-11T14:00:00+05:30,24140.6,24000.0,24050.0,24600.0,308.0,276.2,52.0,47.70000000000002,1.5,0.09014675052410863,USABLE_OHLC,upstox_intraday/NIFTY/NIFTY_2026.parquet,bae9943b2fa99ee9c1214fb7c695b84f9f661a050a5cd04d9c5c2ffc7bc59f73
ITM3_NEXT1_K3M2,2026-05-12,2026-04-21,2026-05-06T10:00:00+05:30,2026-05-11T14:00:00+05:30,24140.6,24000.0,24050.0,24550.0,308.0,276.2,62.7,63.60000000000002,2.0,0.014150943396226722,USABLE_OHLC,upstox_intraday/NIFTY/NIFTY_2026.parquet,bae9943b2fa99ee9c1214fb7c695b84f9f661a050a5cd04d9c5c2ffc7bc59f73
ITM3_NEXT1_K3M2.5,2026-05-12,2026-04-21,2026-05-06T10:00:00+05:30,2026-05-11T14:00:00+05:30,24140.6,24000.0,24050.0,24500.0,308.0,276.2,75.15,79.50000000000003,2.5,0.05471698113207574,USABLE_OHLC,upstox_intraday/NIFTY/NIFTY_2026.parquet,bae9943b2fa99ee9c1214fb7c695b84f9f661a050a5cd04d9c5c2ffc7bc59f73
ITM3_NEXT1_K3M3,2026-05-12,2026-04-21,2026-05-06T10:00:00+05:30,2026-05-11T14:00:00+05:30,24140.6,24000.0,24050.0,24450.0,308.0,276.2,89.15,95.40000000000003,3.0,0.06551362683438182,USABLE_OHLC,upstox_intraday/NIFTY/NIFTY_2026.parquet,bae9943b2fa99ee9c1214fb7c695b84f9f661a050a5cd04d9c5c2ffc7bc59f73
ITM3_NEXT1_K3M4,2026-05-12,2026-04-21,2026-05-06T10:00:00+05:30,2026-05-11T14:00:00+05:30,24140.6,24000.0,24050.0,24350.0,308.0,276.2,123.3,127.20000000000005,4.0,0.030660377358490934,USABLE_OHLC,upstox_intraday/NIFTY/NIFTY_2026.parquet,bae9943b2fa99ee9c1214fb7c695b84f9f661a050a5cd04d9c5c2ffc7bc59f73
ITM3_NEXT2_K3M0.5,2026-05-12,2026-04-21,2026-05-06T10:00:00+05:30,2026-05-11T14:00:00+05:30,24140.6,24000.0,24100.0,24750.0,308.0,245.7,28.8,31.150000000000006,0.5,0.07544141252006435,USABLE_OHLC,upstox_intraday/NIFTY/NIFTY_2026.parquet,bae9943b2fa99ee9c1214fb7c695b84f9f661a050a5cd04d9c5c2ffc7bc59f73
ITM3_NEXT2_K3M1,2026-05-12,2026-04-21,2026-05-06T10:00:00+05:30,2026-05-11T14:00:00+05:30,24140.6,24000.0,24100.0,24550.0,308.0,245.7,62.7,62.30000000000001,1.0,0.006420545746388305,USABLE_OHLC,upstox_intraday/NIFTY/NIFTY_2026.parquet,bae9943b2fa99ee9c1214fb7c695b84f9f661a050a5cd04d9c5c2ffc7bc59f73
ITM3_NEXT2_K3M1.5,2026-05-12,2026-04-21,2026-05-06T10:00:00+05:30,2026-05-11T14:00:00+05:30,24140.6,24000.0,24100.0,24450.0,308.0,245.7,89.15,93.45000000000002,1.5,0.04601391118245062,USABLE_OHLC,upstox_intraday/NIFTY/NIFTY_2026.parquet,bae9943b2fa99ee9c1214fb7c695b84f9f661a050a5cd04d9c5c2ffc7bc59f73
ITM3_NEXT2_K3M2,2026-05-12,2026-04-21,2026-05-06T10:00:00+05:30,2026-05-11T14:00:00+05:30,24140.6,24000.0,24100.0,24350.0,308.0,245.7,123.3,124.60000000000002,2.0,0.010433386837881423,USABLE_OHLC,upstox_intraday/NIFTY/NIFTY_2026.parquet,bae9943b2fa99ee9c1214fb7c695b84f9f661a050a5cd04d9c5c2ffc7bc59f73
ITM3_NEXT2_K3M2.5,2026-05-12,2026-04-21,2026-05-06T10:00:00+05:30,2026-05-11T14:00:00+05:30,24140.6,24000.0,24100.0,24250.0,308.0,245.7,165.95,155.75000000000003,2.5,0.06548956661316185,USABLE_OHLC,upstox_intraday/NIFTY/NIFTY_2026.parquet,bae9943b2fa99ee9c1214fb7c695b84f9f661a050a5cd04d9c5c2ffc7bc59f73
ITM3_NEXT2_K3M3,2026-05-12,2026-04-21,2026-05-06T10:00:00+05:30,2026-05-11T14:00:00+05:30,24140.6,24000.0,24100.0,24200.0,308.0,245.7,190.5,186.90000000000003,3.0,0.019261637239165144,USABLE_OHLC,upstox_intraday/NIFTY/NIFTY_2026.parquet,bae9943b2fa99ee9c1214fb7c695b84f9f661a050a5cd04d9c5c2ffc7bc59f73
ITM3_NEXT2_K3M4,2026-05-12,2026-04-21,2026-05-06T10:00:00+05:30,2026-05-11T14:00:00+05:30,24140.6,24000.0,24100.0,24150.0,308.0,245.7,216.75,249.20000000000005,4.0,0.13021669341894077,USABLE_OHLC,upstox_intraday/NIFTY/NIFTY_2026.parquet,bae9943b2fa99ee9c1214fb7c695b84f9f661a050a5cd04d9c5c2ffc7bc59f73
ITM3_NEXT3_K3M0.5,2026-05-12,2026-04-21,2026-05-06T10:00:00+05:30,2026-05-11T14:00:00+05:30,24140.6,24000.0,24150.0,24650.0,308.0,216.75,43.0,45.625,0.5,0.057534246575342465,USABLE_OHLC,upstox_intraday/NIFTY/NIFTY_2026.parquet,bae9943b2fa99ee9c1214fb7c695b84f9f661a050a5cd04d9c5c2ffc7bc59f73
ITM3_NEXT3_K3M1,2026-05-12,2026-04-21,2026-05-06T10:00:00+05:30,2026-05-11T14:00:00+05:30,24140.6,24000.0,24150.0,24450.0,308.0,216.75,89.15,91.25,1.0,0.023013698630136924,USABLE_OHLC,upstox_intraday/NIFTY/NIFTY_2026.parquet,bae9943b2fa99ee9c1214fb7c695b84f9f661a050a5cd04d9c5c2ffc7bc59f73
ITM3_NEXT3_K3M1.5,2026-05-12,2026-04-21,2026-05-06T10:00:00+05:30,2026-05-11T14:00:00+05:30,24140.6,24000.0,24150.0,24300.0,308.0,216.75,143.65,136.875,1.5,0.04949771689497721,USABLE_OHLC,upstox_intraday/NIFTY/NIFTY_2026.parquet,bae9943b2fa99ee9c1214fb7c695b84f9f661a050a5cd04d9c5c2ffc7bc59f73
ITM3_NEXT3_K3M2,2026-05-12,2026-04-21,2026-05-06T10:00:00+05:30,2026-05-11T14:00:00+05:30,24140.6,24000.0,24150.0,24200.0,308.0,216.75,190.5,182.5,2.0,0.043835616438356165,USABLE_OHLC,upstox_intraday/NIFTY/NIFTY_2026.parquet,bae9943b2fa99ee9c1214fb7c695b84f9f661a050a5cd04d9c5c2ffc7bc59f73
ITM3_NEXT3_K3M2.5,2026-05-12,2026-04-21,2026-05-06T10:00:00+05:30,2026-05-11T14:00:00+05:30,24140.6,24000.0,24150.0,24200.0,308.0,216.75,190.5,228.125,2.5,0.16493150684931507,USABLE_OHLC,upstox_intraday/NIFTY/NIFTY_2026.parquet,bae9943b2fa99ee9c1214fb7c695b84f9f661a050a5cd04d9c5c2ffc7bc59f73
ITM3_NEXT3_K3M3,2026-05-12,2026-04-21,2026-05-06T10:00:00+05:30,2026-05-11T14:00:00+05:30,24140.6,24000.0,24150.0,24200.0,308.0,216.75,190.5,273.75,3.0,0.3041095890410959,USABLE_OHLC,upstox_intraday/NIFTY/NIFTY_2026.parquet,bae9943b2fa99ee9c1214fb7c695b84f9f661a050a5cd04d9c5c2ffc7bc59f73
ITM3_NEXT3_K3M4,2026-05-12,2026-04-21,2026-05-06T10:00:00+05:30,2026-05-11T14:00:00+05:30,24140.6,24000.0,24150.0,24200.0,308.0,216.75,190.5,365.0,4.0,0.4780821917808219,USABLE_OHLC,upstox_intraday/NIFTY/NIFTY_2026.parquet,bae9943b2fa99ee9c1214fb7c695b84f9f661a050a5cd04d9c5c2ffc7bc59f73
ITM3_MIRROR_GAP_K3M0.5,2026-05-12,2026-04-21,2026-05-06T10:00:00+05:30,2026-05-11T14:00:00+05:30,24140.6,24000.0,24150.0,24650.0,308.0,216.75,43.0,45.625,0.5,0.057534246575342465,USABLE_OHLC,upstox_intraday/NIFTY/NIFTY_2026.parquet,bae9943b2fa99ee9c1214fb7c695b84f9f661a050a5cd04d9c5c2ffc7bc59f73
ITM3_MIRROR_GAP_K3M1,2026-05-12,2026-04-21,2026-05-06T10:00:00+05:30,2026-05-11T14:00:00+05:30,24140.6,24000.0,24150.0,24450.0,308.0,216.75,89.15,91.25,1.0,0.023013698630136924,USABLE_OHLC,upstox_intraday/NIFTY/NIFTY_2026.parquet,bae9943b2fa99ee9c1214fb7c695b84f9f661a050a5cd04d9c5c2ffc7bc59f73
ITM3_MIRROR_GAP_K3M1.5,2026-05-12,2026-04-21,2026-05-06T10:00:00+05:30,2026-05-11T14:00:00+05:30,24140.6,24000.0,24150.0,24300.0,308.0,216.75,143.65,136.875,1.5,0.04949771689497721,USABLE_OHLC,upstox_intraday/NIFTY/NIFTY_2026.parquet,bae9943b2fa99ee9c1214fb7c695b84f9f661a050a5cd04d9c5c2ffc7bc59f73
ITM3_MIRROR_GAP_K3M2,2026-05-12,2026-04-21,2026-05-06T10:00:00+05:30,2026-05-11T14:00:00+05:30,24140.6,24000.0,24150.0,24200.0,308.0,216.75,190.5,182.5,2.0,0.043835616438356165,USABLE_OHLC,upstox_intraday/NIFTY/NIFTY_2026.parquet,bae9943b2fa99ee9c1214fb7c695b84f9f661a050a5cd04d9c5c2ffc7bc59f73
ITM3_MIRROR_GAP_K3M2.5,2026-05-12,2026-04-21,2026-05-06T10:00:00+05:30,2026-05-11T14:00:00+05:30,24140.6,24000.0,24150.0,24200.0,308.0,216.75,190.5,228.125,2.5,0.16493150684931507,USABLE_OHLC,upstox_intraday/NIFTY/NIFTY_2026.parquet,bae9943b2fa99ee9c1214fb7c695b84f9f661a050a5cd04d9c5c2ffc7bc59f73
ITM3_MIRROR_GAP_K3M3,2026-05-12,2026-04-21,2026-05-06T10:00:00+05:30,2026-05-11T14:00:00+05:30,24140.6,24000.0,24150.0,24200.0,308.0,216.75,190.5,273.75,3.0,0.3041095890410959,USABLE_OHLC,upstox_intraday/NIFTY/NIFTY_2026.parquet,bae9943b2fa99ee9c1214fb7c695b84f9f661a050a5cd04d9c5c2ffc7bc59f73
ITM3_MIRROR_GAP_K3M4,2026-05-12,2026-04-21,2026-05-06T10:00:00+05:30,2026-05-11T14:00:00+05:30,24140.6,24000.0,24150.0,24200.0,308.0,216.75,190.5,365.0,4.0,0.4780821917808219,USABLE_OHLC,upstox_intraday/NIFTY/NIFTY_2026.parquet,bae9943b2fa99ee9c1214fb7c695b84f9f661a050a5cd04d9c5c2ffc7bc59f73
