variant_id,training_bootstrap_p_value,valid_rate_all_63,target_error_mean_all,k1_spot_distance_mean_all,k2_k1_distance_mean_all,training_holm_adjusted_p,promotable_to_capital_phase,training.n,training.total_net_rupees,training.mean_net_rupees,training.median_net_rupees,training.win_rate,training.max_drawdown_rupees,training.expected_shortfall_95_rupees,training.annualized_weekly_sharpe,training.mean_cost_rupees,validation.n,validation.total_net_rupees,validation.mean_net_rupees,validation.median_net_rupees,validation.win_rate,validation.max_drawdown_rupees,validation.expected_shortfall_95_rupees,validation.annualized_weekly_sharpe,validation.mean_cost_rupees,holdout.n,holdout.total_net_rupees,holdout.mean_net_rupees,holdout.median_net_rupees,holdout.win_rate,holdout.max_drawdown_rupees,holdout.expected_shortfall_95_rupees,holdout.annualized_weekly_sharpe,holdout.mean_cost_rupees
OTM1_NEXT1_K3M0.5,0.9873375541486171,1.0,0.06755116506767896,23.604761904761997,50.0,1.0,False,37,-149086.50146974224,-4029.364904587628,-2624.952349659999,0.21621621621621623,-161431.20311291734,-50533.9785237975,-2.065179715272032,89.53382350655406,12,-46918.89875963511,-3909.9082299695924,-2147.787129077527,0.08333333333333333,-46204.446957622604,-16388.294838397498,-3.991322268949934,82.09572996958332,14,-31827.44906239289,-2273.3892187423494,-1670.5628427737493,0.21428571428571427,-32769.19981046829,-14935.5438988815,-2.5901184692647625,84.96064731378571
OTM1_NEXT1_K3M1,0.026657780739753417,1.0,0.06674342577425449,23.604761904761997,50.0,1.0,False,37,75492.86694815526,2040.3477553555476,-317.87490610000043,0.43243243243243246,-13485.742021699944,-12800.945918549998,1.9789160246305113,89.44954194175675,12,-28855.51464431761,-2404.6262203598008,-1227.6638742025268,0.3333333333333333,-29185.82671323261,-14930.486614485002,-2.423885153324856,81.50122035979167,14,-15492.684792241385,-1106.620342302956,-668.8109579387497,0.2857142857142857,-22023.942906218792,-14095.400869201001,-1.2976051808222688,84.60248516010714
OTM1_NEXT1_K3M1.5,0.0003332222592469177,1.0,0.06138816344514975,23.604761904761997,50.0,0.16794401866044653,False,37,138953.59658264,3755.502610341621,2298.911728175,0.7027027027027027,-12156.745116599996,-12156.745116599996,4.33433487616467,93.51765992864867,12,-16409.830254072604,-1367.4858545060504,-238.4615375537769,0.3333333333333333,-24131.606724937556,-13771.7512981425,-1.3693391568967541,82.48585450604166,14,-3984.4744365975002,-284.60531689982145,374.9241581342503,0.5714285714285714,-15013.432760947408,-13141.711956388002,-0.3456560809077797,85.81960261410714
OTM1_NEXT1_K3M2,0.0003332222592469177,1.0,0.06417210156828236,23.604761904761997,50.0,0.16794401866044653,False,37,175551.71034297996,4744.64082008054,3164.1082122500006,0.8378378378378378,-10885.846877624997,-10885.846877624997,6.081224841219397,97.41999073027029,12,2448.633194762395,204.05276623019958,666.3349103562232,0.6666666666666666,-15828.7627381675,-9980.21665368,0.21872059639612956,83.44723376979168,14,8156.207539364,582.5862528117143,981.6216700189996,0.7142857142857143,-12239.932736007,-12239.932736007,0.7375099827098381,87.39589004542857
OTM1_NEXT1_K3M2.5,0.0003332222592469177,1.0,0.060838046849577,23.604761904761997,50.0,0.16794401866044653,False,37,217860.5109883576,5888.121918604259,7091.6600942749965,0.9459459459459459,-8597.695459725,-8597.695459724999,7.808943114535408,102.04700031466216,12,30640.306889362495,2553.3589074468746,1827.5186199199993,0.75,-13258.174604537504,-9980.21665368,2.5309628302396585,94.453592553125,14,33511.992016975004,2393.7137154982147,2313.8759302812496,0.7142857142857143,-11694.976515471002,-11694.976515471002,2.666480124195217,101.08985593035716
OTM1_NEXT1_K3M3,0.0003332222592469177,1.0,0.05429259038962824,23.604761904761997,50.0,0.16794401866044653,False,37,264299.36870525253,7143.226181223042,4480.273649075,0.972972972972973,-6280.035541575002,-6280.035541575,9.063741994855846,102.9900349931757,12,38282.812225534995,3190.2343521279163,2461.447964018723,0.75,-9531.1601248175,-7918.599585689998,3.5464997505391094,92.26564787208333,14,70160.52082091548,5011.465772922535,5173.435768065297,0.8571428571428571,-11052.712314750002,-11052.71231475,5.2483334754285,109.99851279174997
OTM1_NEXT1_K3M4,0.0003332222592469177,1.0,0.10831228888648785,23.604761904761997,50.0,0.16794401866044653,False,37,336815.67719862756,9103.126410773717,9586.599244025001,1.0,0.0,2110.230094294998,11.450888111139703,105.25196760466218,12,76255.84561244254,6354.653801036879,6427.115921641277,0.8333333333333334,-5882.575487452501,-5882.575487452501,7.0468691319606425,100.03369896312499,14,102414.5230046981,7315.32307176415,10742.215821067548,0.8571428571428571,-9521.639150506002,-9521.639150506002,7.203774780143439,113.48049966442856
OTM1_NEXT2_K3M0.5,0.9383538820393202,1.0,0.06895936872240337,23.604761904761997,100.0,1.0,False,37,-82345.50324537473,-2225.5541417668846,-2280.333530199999,0.2702702702702703,-97317.81079402489,-45923.6423617275,-1.2272549486282907,86.93927690202703,12,-26262.99711396022,-2188.5830928300184,-1882.3460073137494,0.3333333333333333,-27305.68284857772,-12382.174984965,-2.435008474686937,72.64559283,14,-27082.676495139884,-1934.4768925099918,-2156.715968267499,0.21428571428571427,-28451.34259674629,-13613.8372894505,-2.2880535215057827,81.51260679571429
OTM1_NEXT2_K3M1,0.0003332222592469177,1.0,0.06548738905885668,23.604761904761997,100.0,0.16794401866044653,False,37,101837.42916353,2752.3629503656757,1550.8101236399993,0.5945945945945946,-10716.701308474945,-9542.286168749999,3.4877513279825503,91.55596855324325,12,-3289.6897378926105,-274.1408114910509,-80.0741809937497,0.5,-17769.382821280004,-9941.3257863225,-0.3327714432823411,79.76581149104167,14,-4543.8612036150025,-324.56151454392875,-313.53341361575,0.35714285714285715,-15872.442418008906,-12231.9626878235,-0.42875956032075335,83.79365740107144
OTM1_NEXT2_K3M1.5,0.0003332222592469177,1.0,0.07895738381782694,23.604761904761997,100.0,0.16794401866044653,False,37,166468.16906595754,4499.139704485339,5200.730636775,0.8918918918918919,-5424.815764049999,-5424.81576405,6.931406404287925,100.59002524439188,12,20708.60656826994,1725.717214022495,1270.66897233125,0.5833333333333334,-8658.695818235003,-5568.443298052499,2.46277094656835,83.3452859775,14,32681.173777010496,2334.36955550075,1171.229578580499,0.7857142857142857,-10571.1487349995,-10571.1487349995,2.9089176799871614,97.66615878496428
OTM1_NEXT2_K3M2,0.0003332222592469177,1.0,0.1770746554511237,23.604761904761997,100.0,0.16794401866044653,False,37,226197.49043009,6113.44568729973,5303.998790572498,1.0,0.0,49.329729950000406,8.844863860177858,100.91242080837837,12,26846.844057532442,2237.23700479437,1270.66897233125,0.5833333333333334,-7505.336419505003,-5568.443298052499,2.907158488269168,83.38799520562502,14,46882.22740724159,3348.7305290886848,1638.7601396527507,0.7857142857142857,-9040.075570755502,-9040.075570755502,3.8839573257975606,97.76947091132145
OTM1_NEXT2_K3M2.5,0.0003332222592469177,1.0,0.28479636374942185,23.604761904761997,100.0,0.16794401866044653,False,37,249057.65400635748,6731.28794611777,5303.998790572498,1.0,0.0,49.329729950000406,8.39910610122101,101.31340523358108,12,29498.38261487994,2458.198551239995,1270.66897233125,0.5833333333333334,-7505.336419505003,-5568.443298052499,2.9620895898281767,83.36394876000001,14,65510.1974032486,4679.299814517757,2540.7814533495,0.7857142857142857,-7041.848617123498,-7041.848617123501,4.906196351867157,102.95018548225
OTM1_NEXT2_K3M3,0.0003332222592469177,1.0,0.3738941832053016,23.604761904761997,100.0,0.16794401866044653,False,37,262266.22877769504,7088.276453451217,5514.93406115,1.0,0.0,49.329729950000406,7.7804914263945255,101.58841141364864,12,29498.38261487994,2458.198551239995,1270.66897233125,0.5833333333333334,-7505.336419505003,-5568.443298052499,2.9620895898281767,83.36394876000001,14,80662.58668165159,5761.613334403685,3666.9409102427508,0.7857142857142857,-5688.364164758001,-5688.364164757997,5.217634971330191,104.27952273917859
OTM1_NEXT2_K3M4,0.0003332222592469177,1.0,0.5176044503670475,23.604761904761997,100.0,0.16794401866044653,False,37,266890.05844436004,7213.244822820541,5514.93406115,1.0,0.0,49.329729950000406,7.4861491479346896,101.68760961189189,12,29498.38261487994,2458.198551239995,1270.66897233125,0.5833333333333334,-7505.336419505003,-5568.443298052499,2.9620895898281767,83.36394876000001,14,93889.2549159961,6706.375351142579,3666.9409102427508,0.7857142857142857,-4254.049736574998,-4254.049736574998,5.308589760009833,105.03536314314285
OTM1_NEXT3_K3M0.5,0.9490169943352216,1.0,0.06299484384753445,23.604761904761997,150.0,1.0,False,37,-79282.46783649737,-2142.7694009864153,-2798.2307819500006,0.24324324324324326,-95945.98918114751,-38339.1724694025,-1.3566999985597288,87.46534693236487,12,-21536.148763497607,-1794.6790636248006,-2213.21745122375,0.3333333333333333,-23488.862024980106,-9434.1093923175,-2.396945754530533,75.92906362479168,14,-23258.7552925775,-1661.3396637555359,-2818.603947025999,0.2857142857142857,-27710.75010329991,-12610.491974192502,-1.9468163312798439,78.08966375553572
OTM1_NEXT3_K3M1,0.000999666777740753,1.0,0.13879729225228016,23.604761904761997,150.0,0.26491169610129955,False,37,88805.48316516263,2400.148193653044,675.7509662000546,0.6216216216216216,-6925.559211175001,-4802.644374225001,3.6586369023412737,94.91937391452703,12,412.99595475739716,34.41632956311643,-507.00202423375026,0.5,-11667.7686736475,-6802.458525637499,0.04922515391232795,75.58367043687501,14,11631.189537078008,830.7992526484292,-371.58472054299875,0.42857142857142855,-10894.8637394375,-10151.694298351502,1.0939543925567625,88.93289020871428
OTM1_NEXT3_K3M1.5,0.0003332222592469177,1.0,0.31561100713181994,23.604761904761997,150.0,0.16794401866044653,False,37,138121.3668008951,3733.0099135377054,1537.7729818575021,0.7297297297297297,-6925.559211175001,-4802.644374225001,4.995576275308423,96.14549186770269,12,3803.9799086348976,316.9983257195748,-507.00202423375026,0.5,-11667.7686736475,-6802.458525637499,0.4225981783865535,81.75167428041668,14,33025.6373783916,2358.974098456543,1832.0307367275,0.5714285714285714,-7679.902478152502,-7679.902478152502,2.9762501118039086,97.31161582917856
OTM1_NEXT3_K3M2,0.0003332222592469177,1.0,0.45063377220729983,23.604761904761997,150.0,0.16794401866044653,False,37,153539.18470654008,4149.707694771353,1537.7729818575021,0.7297297297297297,-6925.559211175001,-4802.644374225001,4.8694340816720825,96.40717009351351,12,3803.9799086348976,316.9983257195748,-507.00202423375026,0.5,-11667.7686736475,-6802.458525637499,0.4225981783865535,81.75167428041668,14,47842.9312896231,3417.3522349730783,3495.2898263462516,0.5714285714285714,-5268.90972811,-5268.90972811,3.9306082461506073,97.73705074121428
OTM1_NEXT3_K3M2.5,0.0003332222592469177,1.0,0.553134022559944,23.604761904761997,150.0,0.16794401866044653,False,37,153539.18470654008,4149.707694771353,1537.7729818575021,0.7297297297297297,-6925.559211175001,-4802.644374225001,4.8694340816720825,96.40717009351351,12,3803.9799086348976,316.9983257195748,-507.00202423375026,0.5,-11667.7686736475,-6802.458525637499,0.4225981783865535,81.75167428041668,14,57018.762614608095,4072.7687581862924,4113.535400146002,0.5714285714285714,-5268.90972811,-5268.90972811,4.042053059275981,98.35624181371428
OTM1_NEXT3_K3M3,0.0003332222592469177,1.0,0.6261604383010869,23.604761904761997,150.0,0.16794401866044653,False,37,153539.18470654008,4149.707694771353,1537.7729818575021,0.7297297297297297,-6925.559211175001,-4802.644374225001,4.8694340816720825,96.40717009351351,12,3803.9799086348976,316.9983257195748,-507.00202423375026,0.5,-11667.7686736475,-6802.458525637499,0.4225981783865535,81.75167428041668,14,60013.3475311781,4286.667680798436,4113.535400146002,0.5714285714285714,-5268.90972811,-5268.90972811,3.988967265402405,98.49303348728571
OTM1_NEXT3_K3M4,0.0003332222592469177,1.0,0.7196203287258152,23.604761904761997,150.0,0.16794401866044653,False,37,153539.18470654008,4149.707694771353,1537.7729818575021,0.7297297297297297,-6925.559211175001,-4802.644374225001,4.8694340816720825,96.40717009351351,12,3803.9799086348976,316.9983257195748,-507.00202423375026,0.5,-11667.7686736475,-6802.458525637499,0.4225981783865535,81.75167428041668,14,60013.3475311781,4286.667680798436,4113.535400146002,0.5714285714285714,-5268.90972811,-5268.90972811,3.988967265402405,98.49303348728571
OTM1_MIRROR_GAP_K3M0.5,0.9873375541486171,1.0,0.06755116506767896,23.604761904761997,50.0,1.0,False,37,-149086.50146974224,-4029.364904587628,-2624.952349659999,0.21621621621621623,-161431.20311291734,-50533.9785237975,-2.065179715272032,89.53382350655406,12,-46918.89875963511,-3909.9082299695924,-2147.787129077527,0.08333333333333333,-46204.446957622604,-16388.294838397498,-3.991322268949934,82.09572996958332,14,-31827.44906239289,-2273.3892187423494,-1670.5628427737493,0.21428571428571427,-32769.19981046829,-14935.5438988815,-2.5901184692647625,84.96064731378571
OTM1_MIRROR_GAP_K3M1,0.026657780739753417,1.0,0.06674342577425449,23.604761904761997,50.0,1.0,False,37,75492.86694815526,2040.3477553555476,-317.87490610000043,0.43243243243243246,-13485.742021699944,-12800.945918549998,1.9789160246305113,89.44954194175675,12,-28855.51464431761,-2404.6262203598008,-1227.6638742025268,0.3333333333333333,-29185.82671323261,-14930.486614485002,-2.423885153324856,81.50122035979167,14,-15492.684792241385,-1106.620342302956,-668.8109579387497,0.2857142857142857,-22023.942906218792,-14095.400869201001,-1.2976051808222688,84.60248516010714
OTM1_MIRROR_GAP_K3M1.5,0.0003332222592469177,1.0,0.06138816344514975,23.604761904761997,50.0,0.16794401866044653,False,37,138953.59658264,3755.502610341621,2298.911728175,0.7027027027027027,-12156.745116599996,-12156.745116599996,4.33433487616467,93.51765992864867,12,-16409.830254072604,-1367.4858545060504,-238.4615375537769,0.3333333333333333,-24131.606724937556,-13771.7512981425,-1.3693391568967541,82.48585450604166,14,-3984.4744365975002,-284.60531689982145,374.9241581342503,0.5714285714285714,-15013.432760947408,-13141.711956388002,-0.3456560809077797,85.81960261410714
OTM1_MIRROR_GAP_K3M2,0.0003332222592469177,1.0,0.06417210156828236,23.604761904761997,50.0,0.16794401866044653,False,37,175551.71034297996,4744.64082008054,3164.1082122500006,0.8378378378378378,-10885.846877624997,-10885.846877624997,6.081224841219397,97.41999073027029,12,2448.633194762395,204.05276623019958,666.3349103562232,0.6666666666666666,-15828.7627381675,-9980.21665368,0.21872059639612956,83.44723376979168,14,8156.207539364,582.5862528117143,981.6216700189996,0.7142857142857143,-12239.932736007,-12239.932736007,0.7375099827098381,87.39589004542857
OTM1_MIRROR_GAP_K3M2.5,0.0003332222592469177,1.0,0.060838046849577,23.604761904761997,50.0,0.16794401866044653,False,37,217860.5109883576,5888.121918604259,7091.6600942749965,0.9459459459459459,-8597.695459725,-8597.695459724999,7.808943114535408,102.04700031466216,12,30640.306889362495,2553.3589074468746,1827.5186199199993,0.75,-13258.174604537504,-9980.21665368,2.5309628302396585,94.453592553125,14,33511.992016975004,2393.7137154982147,2313.8759302812496,0.7142857142857143,-11694.976515471002,-11694.976515471002,2.666480124195217,101.08985593035716
OTM1_MIRROR_GAP_K3M3,0.0003332222592469177,1.0,0.05429259038962824,23.604761904761997,50.0,0.16794401866044653,False,37,264299.36870525253,7143.226181223042,4480.273649075,0.972972972972973,-6280.035541575002,-6280.035541575,9.063741994855846,102.9900349931757,12,38282.812225534995,3190.2343521279163,2461.447964018723,0.75,-9531.1601248175,-7918.599585689998,3.5464997505391094,92.26564787208333,14,70160.52082091548,5011.465772922535,5173.435768065297,0.8571428571428571,-11052.712314750002,-11052.71231475,5.2483334754285,109.99851279174997
OTM1_MIRROR_GAP_K3M4,0.0003332222592469177,1.0,0.10831228888648785,23.604761904761997,50.0,0.16794401866044653,False,37,336815.67719862756,9103.126410773717,9586.599244025001,1.0,0.0,2110.230094294998,11.450888111139703,105.25196760466218,12,76255.84561244254,6354.653801036879,6427.115921641277,0.8333333333333334,-5882.575487452501,-5882.575487452501,7.0468691319606425,100.03369896312499,14,102414.5230046981,7315.32307176415,10742.215821067548,0.8571428571428571,-9521.639150506002,-9521.639150506002,7.203774780143439,113.48049966442856
OTM2_NEXT1_K3M0.5,0.9710096634455182,1.0,0.053406325931357426,73.604761904762,50.0,1.0,False,37,-175178.60228138484,-4734.556818415806,-1959.1242363250003,0.21621621621621623,-194227.33846140988,-62633.327392275,-2.1673662696260307,82.12438598337836,12,-46022.46964223772,-3835.2058035198097,-2549.988781225,0.16666666666666666,-44086.5037053477,-14556.88575126,-4.678448362234808,72.70580351979166,14,-53364.6214745158,-3811.7586767511284,-1977.3621693607506,0.14285714285714285,-50741.7860865033,-20324.414849182005,-4.395780185071794,76.93724817971429
OTM2_NEXT1_K3M1,0.2829056981006331,1.0,0.05744547404210921,73.604761904762,50.0,1.0,False,37,34632.297952290166,936.008052764599,-365.7911510500006,0.3783783783783784,-44259.1965552575,-31708.409868705,0.6705507760622644,83.1811364245946,12,-23852.139355055162,-1987.67827958793,-1789.6902076150282,0.16666666666666666,-22784.937640585165,-9874.250695215,-2.9917616253592496,76.11577958791666,14,-13956.496545369391,-996.892610383528,-600.68378069075,0.21428571428571427,-16095.6576435153,-11652.750688919,-1.5241880008744446,74.98189609782143
OTM2_NEXT1_K3M1.5,0.0003332222592469177,1.0,0.06245941143778927,73.604761904762,50.0,0.16794401866044653,False,37,115677.93333891494,3126.430630781485,283.78625060000024,0.6756756756756757,-7183.610264699999,-7183.610264699999,3.8694198485926976,87.52207192121622,12,-5298.694151735157,-441.55784597792973,-630.2542668737777,0.16666666666666666,-14374.716654450054,-7402.3590330525,-0.6607423322454843,76.87034597791667,14,2063.8914728526006,147.42081948947148,106.55979474699905,0.6428571428571429,-12057.960608082501,-11068.859810309,0.22005210318987192,81.81132336767858
OTM2_NEXT1_K3M2,0.0003332222592469177,1.0,0.05769081910676992,73.604761904762,50.0,0.16794401866044653,False,37,150631.55273653244,4071.123046933309,1608.3421056500008,0.8378378378378378,-5796.299974499998,-5796.2999745,5.944560091942413,88.43776387749999,12,7927.105966919837,660.5921639099864,92.46769401872214,0.5,-10087.505092525056,-6142.861299577499,0.9360624364947532,75.97033609,14,12040.261959764499,860.0187114117499,757.2592044417495,0.6428571428571429,-10270.876087291997,-10270.876087291997,1.317185307397533,82.44557430253572
OTM2_NEXT1_K3M2.5,0.0003332222592469177,1.0,0.04983935063358092,73.604761904762,50.0,0.16794401866044653,False,37,212531.4680445575,5744.093730933986,6136.163006675,0.9459459459459459,-1753.571787550056,-1753.5717875500543,8.781308327975356,95.66978257952701,12,21479.22010671745,1789.9350088931208,678.0495448624717,0.6666666666666666,-5729.5812179075,-4237.535974327501,2.6558574667832207,80.37749110687501,14,36453.61736808,2603.8298120057143,1645.1551295202507,0.8571428571428571,-9252.326335188998,-9252.326335188998,3.684969225084773,94.08090228000002
OTM2_NEXT1_K3M3,0.0003332222592469177,1.0,0.06844801481495101,73.604761904762,50.0,0.16794401866044653,False,37,251091.19745714756,6786.248579922907,6136.163006675,0.972972972972973,-727.3214125000522,-727.3214125000552,9.869723001108698,96.11628494195945,12,32653.772010057437,2721.1476675047866,1423.1377300175,0.6666666666666666,-3211.692698259998,-3211.6926982599994,3.568094287525023,79.16483249520833,14,44576.0476555945,3184.003403971036,2399.8740474179986,0.7857142857142857,-8610.062134468,-8610.062134468,4.171238638758575,94.88945317182143
OTM2_NEXT1_K3M4,0.0003332222592469177,1.0,0.1457755061152381,73.604761904762,50.0,0.16794401866044653,False,37,302389.7858801999,8172.696915681079,8325.367486050001,0.972972972972973,-727.3214125000522,-727.3214125000552,10.181856338667881,98.68821945405405,12,40633.42351644494,3386.1186263704117,1716.9447084499725,0.6666666666666666,-2850.3045246924994,-2850.3045246925,4.076694499484911,79.50637362958334,14,62846.95648845959,4489.068320604257,3293.6937129750004,0.7857142857142857,-7078.988970224003,-7078.988970224002,5.219775043388964,95.39596511003573
OTM2_NEXT2_K3M0.5,0.8883705431522826,1.0,0.0570633369699437,73.604761904762,100.0,1.0,False,37,-51200.27315183722,-1383.7911662658707,-2125.0411206925014,0.2972972972972973,-70236.77925146233,-37659.12021666,-0.8765648445540392,80.10873383344595,12,-21299.60749656777,-1774.9672913806473,-2349.80661028375,0.16666666666666666,-20685.583157517776,-7799.431406160001,-2.914931615734873,68.092291380625,14,-21313.033325168395,-1522.359523226314,-1965.3835102787493,0.21428571428571427,-22633.0802686408,-11460.364131036002,-2.194413969538157,74.0202375120357
OTM2_NEXT2_K3M1,0.000999666777740753,1.0,0.05892005325988347,73.604761904762,100.0,0.26491169610129955,False,37,86334.05342146494,2333.3527951747283,93.31727795000043,0.5135135135135135,-6568.154391230055,-5042.82920265,3.410781109645634,83.47152914959459,12,-2326.1929018526625,-193.8494084877219,-868.7146260325003,0.3333333333333333,-9318.196136657556,-4413.1812725025,-0.3893568165571637,70.72440848770833,14,-1318.544313895498,-94.18173670682128,-540.0240570662493,0.21428571428571427,-12923.641966185998,-9851.421650644,-0.1498394724069613,72.68173670682144
OTM2_NEXT2_K3M1.5,0.0003332222592469177,1.0,0.11474766940171013,73.604761904762,100.0,0.16794401866044653,False,37,155490.5403646201,4202.447036881625,3538.9716404325,0.8378378378378378,-1740.1375276750477,-1740.137527675054,7.232386475719518,90.99890906432434,12,15448.068039859838,1287.339003321653,-258.6310359024999,0.4166666666666667,-5090.524571897498,-3201.8179948150005,2.2045888672689182,75.78599667833333,14,25057.680829327004,1789.8343449519289,981.6931015350011,0.7857142857142857,-8190.607697820001,-8190.607697820001,2.7745444720978347,85.75494076235714
OTM2_NEXT2_K3M2,0.0003332222592469177,1.0,0.22533283694885414,73.604761904762,100.0,0.16794401866044653,False,37,196786.33744695008,5318.54966072838,3538.9716404325,0.8918918918918919,-1740.1375276750477,-1740.137527675054,7.876946352070848,91.99087981216216,12,17796.28103827984,1483.0234198566534,-258.6310359024999,0.4166666666666667,-5090.524571897498,-3201.8179948150005,2.351057101938592,75.72658014333332,14,45333.382469808595,3238.0987478434713,2586.5352865427512,0.7857142857142857,-6659.534533576001,-6659.534533576001,4.39505961302737,92.79410929939286
OTM2_NEXT2_K3M2.5,0.0003332222592469177,1.0,0.3316144513550903,73.604761904762,100.0,0.16794401866044653,False,37,214877.18087807263,5807.491375083044,3754.3381459624998,0.8918918918918919,-1740.1375276750477,-1740.137527675054,7.2712170611592155,92.27213843047298,12,20346.377176819842,1695.5314314016534,-258.6310359024999,0.4166666666666667,-5090.524571897498,-3201.8179948150005,2.447998261512925,75.71856859833333,14,57100.9667851851,4078.6404846560786,3433.26190945375,0.7857142857142857,-5604.8551335745,-5604.8551335745005,4.968117676988566,92.84165820107144
OTM2_NEXT2_K3M3,0.0003332222592469177,1.0,0.4184162447883335,73.604761904762,100.0,0.16794401866044653,False,37,226243.7688192301,6114.6964545737865,4239.245694075001,0.8918918918918919,-1740.1375276750477,-1740.137527675054,6.90454508461236,92.46570758837838,12,20346.377176819842,1695.5314314016534,-258.6310359024999,0.4166666666666667,-5090.524571897498,-3201.8179948150005,2.447998261512925,75.71856859833333,14,76184.56732301808,5441.754808787006,4366.12348773225,0.7857142857142857,-3150.308847735003,-3150.308847735,5.677988155056708,96.5844769272857
OTM2_NEXT2_K3M4,0.0003332222592469177,1.0,0.5542186614375446,73.604761904762,100.0,0.16794401866044653,False,37,226243.7688192301,6114.6964545737865,4239.245694075001,0.8918918918918919,-1740.1375276750477,-1740.137527675054,6.90454508461236,92.46570758837838,12,20346.377176819842,1695.5314314016534,-258.6310359024999,0.4166666666666667,-5090.524571897498,-3201.8179948150005,2.447998261512925,75.71856859833333,14,85322.83128115309,6094.487948653792,4812.728472051298,0.7857142857142857,-3150.308847735003,-3150.308847735,5.518604640277616,97.1013370605
OTM2_NEXT3_K3M0.5,0.7757414195268244,1.0,0.06205406474013144,73.604761904762,150.0,1.0,False,37,-19262.586022607436,-520.6104330434442,-2454.153341350001,0.2972972972972973,-71334.45965518244,-31350.778540455,-0.38950890312383074,77.8063789893919,12,-14779.421394547773,-1231.6184495456478,-2639.6145208412504,0.3333333333333333,-16511.223412057556,-6221.714226945,-1.9689108220023595,66.618449545625,14,-17407.689162803388,-1243.4063687716705,-2270.2245958147496,0.21428571428571427,-23937.927756345405,-10275.710296711,-1.7060759333407067,72.78136877167857
OTM2_NEXT3_K3M1,0.03532155948017328,1.0,0.18029624781629774,73.604761904762,150.0,1.0,False,37,67012.69361008513,1811.1538813536522,-115.89304572749744,0.4864864864864865,-24479.539517330057,-21914.1015664725,2.1488245965769335,83.5082808085135,12,-6439.50607463766,-536.6255062198051,-1858.6720908212499,0.3333333333333333,-10369.894900885,-3790.5017075499995,-1.1314551493517884,67.25050621979166,14,7692.810108504996,549.4864363217854,-683.2320205492497,0.35714285714285715,-12374.461151562,-8459.176821591,0.8099449276586259,77.45999224964285
OTM2_NEXT3_K3M1.5,0.0036654448517160947,1.0,0.3618560138270158,73.604761904762,150.0,0.8577140953015662,False,37,104070.69045334263,2812.721363603855,1586.8036812350003,0.5945945945945946,-21914.1015664725,-21914.1015664725,3.0710570529289285,88.05566342317566,12,-2224.5595307876565,-185.37996089897138,-1858.6720908212499,0.3333333333333333,-10369.894900885,-3790.5017075499995,-0.3411668684272944,73.19246089895833,14,36321.64590456859,2594.4032788977565,1784.9833029857496,0.5714285714285714,-6285.839456626,-6285.839456626,3.429835658102737,90.48957824510714
OTM2_NEXT3_K3M2,0.0026657780739753416,1.0,0.4910048994739627,73.604761904762,150.0,0.6451182939020327,False,37,114182.81306528763,3086.0219747375036,1764.372123500055,0.5945945945945946,-21914.1015664725,-21914.1015664725,3.2025833113177016,88.20099823547297,12,-2224.5595307876565,-185.37996089897138,-1858.6720908212499,0.3333333333333333,-10369.894900885,-3790.5017075499995,-0.3411668684272944,73.19246089895833,14,50754.28567882909,3625.3061199163635,3344.3901177405005,0.5714285714285714,-4186.6459033055,-4186.645903305499,4.251475013805816,91.46173722649999
OTM2_NEXT3_K3M2.5,0.0026657780739753416,1.0,0.5878583612564509,73.604761904762,150.0,0.6451182939020327,False,37,114182.81306528763,3086.0219747375036,1764.372123500055,0.5945945945945946,-21914.1015664725,-21914.1015664725,3.2025833113177016,88.20099823547297,12,-2224.5595307876565,-185.37996089897138,-1858.6720908212499,0.3333333333333333,-10369.894900885,-3790.5017075499995,-0.3411668684272944,73.19246089895833,14,55323.192980853084,3951.656641489506,3344.3901177405005,0.5714285714285714,-4186.6459033055,-4186.645903305499,4.160210217920259,91.50407279621427
OTM2_NEXT3_K3M3,0.0026657780739753416,1.0,0.6553522832513193,73.604761904762,150.0,0.6451182939020327,False,37,114182.81306528763,3086.0219747375036,1764.372123500055,0.5945945945945946,-21914.1015664725,-21914.1015664725,3.2025833113177016,88.20099823547297,12,-2224.5595307876565,-185.37996089897138,-1858.6720908212499,0.3333333333333333,-10369.894900885,-3790.5017075499995,-0.3411668684272944,73.19246089895833,14,55323.192980853084,3951.656641489506,3344.3901177405005,0.5714285714285714,-4186.6459033055,-4186.645903305499,4.160210217920259,91.50407279621427
OTM2_NEXT3_K3M4,0.0026657780739753416,1.0,0.7415142124384896,73.604761904762,150.0,0.6451182939020327,False,37,114182.81306528763,3086.0219747375036,1764.372123500055,0.5945945945945946,-21914.1015664725,-21914.1015664725,3.2025833113177016,88.20099823547297,12,-2224.5595307876565,-185.37996089897138,-1858.6720908212499,0.3333333333333333,-10369.894900885,-3790.5017075499995,-0.3411668684272944,73.19246089895833,14,55323.192980853084,3951.656641489506,3344.3901177405005,0.5714285714285714,-4186.6459033055,-4186.645903305499,4.160210217920259,91.50407279621427
OTM2_MIRROR_GAP_K3M0.5,0.9670109963345551,1.0,0.056153112142618616,73.604761904762,69.04761904761905,1.0,False,37,-167727.32437155233,-4533.170928960873,-1964.7568199499995,0.2702702702702703,-183458.6938159274,-62633.327392275,-2.2136295661414005,81.41417220412163,12,-41300.645502612715,-3441.7204585510594,-2451.9186822849997,0.16666666666666666,-39364.679565722705,-14556.88575126,-4.365017852930859,71.72045855104166,14,-21291.64385571989,-1520.831703979992,-1657.8419441059991,0.21428571428571427,-22961.092088338293,-12492.893718599498,-2.073100664205198,73.26027540857142
OTM2_MIRROR_GAP_K3M1,0.06731089636787738,1.0,0.056043586157970116,73.604761904762,69.04761904761905,1.0,False,37,69494.32261812016,1878.2249356248692,-294.6071335749998,0.43243243243243246,-22267.36871105,-21438.141727575,1.706416286976009,82.82236167243242,12,-13508.233444240162,-1125.686120353347,-1391.716585915,0.16666666666666666,-17461.709254022557,-9874.250695215,-1.863833004071694,71.62362035333335,14,-8175.481391093999,-583.9629565067142,-520.3503510239991,0.21428571428571427,-15137.9981259095,-11652.750688919,-0.8348852088567836,74.76652793528572
OTM2_MIRROR_GAP_K3M1.5,0.0003332222592469177,1.0,0.09394449582935839,73.604761904762,69.04761904761905,0.16794401866044653,False,37,135664.3741979051,3666.604708051489,1340.7901997000547,0.7027027027027027,-6194.415766842503,-4877.314328925,4.672536695840445,86.53718384040543,12,1609.0819874898402,134.09016562415334,-425.8749938875001,0.16666666666666666,-10417.571404037553,-7402.3590330525,0.21564135805611379,72.47233437583333,14,5799.130341181494,414.22359579867816,170.12828809250016,0.7857142857142857,-11506.2089159415,-11068.859810309,0.6000903722142592,81.81211848703572
OTM2_MIRROR_GAP_K3M2,0.0003332222592469177,1.0,0.1338694954384374,73.604761904762,69.04761904761905,0.16794401866044653,False,37,166863.47815799512,4509.823733999869,2052.423671450055,0.8108108108108109,-2577.5684390500537,-2577.5684390500546,6.5996106055657044,87.77761735148648,12,9435.074858847336,786.256238237278,-210.75964433877763,0.4166666666666667,-7712.6297487775555,-6142.861299577499,1.1768298375811501,73.11876176270833,14,24382.8451394281,1741.6317956734358,944.15227418825,0.7857142857142857,-10270.876087291997,-10270.876087291997,2.354418439156642,88.60034718371428
OTM2_MIRROR_GAP_K3M2.5,0.0003332222592469177,1.0,0.17433452033783273,73.604761904762,69.04761904761905,0.16794401866044653,False,37,214208.33499922257,5789.414459438448,4449.03065928,0.8918918918918919,-1753.571787550056,-1753.5717875500543,7.491807202086887,95.5517567777703,12,20951.913728609838,1745.9928107174865,186.5080240849997,0.5,-4517.020912430001,-4237.535974327501,2.483805919874664,79.00718928250001,14,43685.5800900866,3120.3985778633287,2436.8957057117505,0.8571428571428571,-9252.326335188998,-9252.326335188998,4.141637519297966,93.17285070810715
OTM2_MIRROR_GAP_K3M3,0.0003332222592469177,1.0,0.21086885791689208,73.604761904762,69.04761904761905,0.16794401866044653,False,37,241974.47695730758,6539.850728575881,4449.03065928,0.918918918918919,-727.3214125000522,-727.3214125000552,8.339187475123035,95.92629845114865,12,30164.25678475983,2513.6880653966523,251.70751716497216,0.5,-2945.7808721349975,-2850.3045246925,3.1281392938354693,77.56193460333333,14,53301.4060261776,3807.2432875841146,2915.3062718127503,0.8571428571428571,-8610.062134468,-8610.062134468,4.748636742717389,94.29242670160714
OTM2_MIRROR_GAP_K3M4,0.0003332222592469177,1.0,0.297422293434033,73.604761904762,69.04761904761905,0.16794401866044653,False,37,287205.46029030747,7762.309737575878,6405.3943053500525,0.918918918918919,-727.3214125000522,-727.3214125000552,9.123029946333329,97.99431647817569,12,35825.95547356983,2985.4962894641526,802.1745029224728,0.5,-2945.780872135001,-2850.3045246925,3.336998591017293,77.62871053583332,14,71169.89712414159,5083.564080295828,3626.3287912634996,0.8571428571428571,-7078.988970224003,-7078.988970224002,5.487182280204048,95.22163398989285
OTM3_NEXT1_K3M0.5,0.9466844385204932,1.0,0.05739305183025778,123.604761904762,50.0,1.0,False,37,-119576.47210411978,-3231.7965433545887,-1492.5123056725001,0.24324324324324326,-154242.744566345,-55066.6866581475,-1.7161371627062516,73.99248930054054,12,-29986.71861323772,-2498.8932177698102,-1988.001897475,0.16666666666666666,-26520.975630820223,-8893.80985566,-5.030725217072573,68.26821776979166,14,-61273.783266061786,-4376.698804718699,-1504.8379437862495,0.07142857142857142,-59430.01005744679,-21032.184454647,-4.6084198381118515,80.09166186157142
OTM3_NEXT1_K3M1,0.664111962679107,1.0,0.06655858713618837,123.604761904762,50.0,1.0,False,37,-1553.1957122373497,-41.978262492901344,-740.6029510525002,0.2972972972972973,-42720.92733156246,-33611.67910767,-0.029205820541174786,75.9309651956081,12,-19550.40867398011,-1629.2007228316759,-1400.0881779925,0.16666666666666666,-17238.289932945,-7599.628398832499,-3.6055590382419425,71.38822283166665,14,-27552.68605347939,-1968.0490038199564,-563.5853089525003,0.14285714285714285,-27496.878554581996,-19742.003110162495,-2.2510000870762967,76.60257524853571
OTM3_NEXT1_K3M1.5,0.0003332222592469177,1.0,0.062124586698075794,123.604761904762,50.0,0.16794401866044653,False,37,110060.95261456745,2974.620340934255,457.1334199250002,0.6756756756756757,-4330.930132425002,-4330.930132425002,4.049343471505175,82.44046987655406,12,-4454.641407147662,-371.22011726230517,-789.706418275,0.25,-10344.076077860052,-3752.8094223999997,-0.8365850629849914,66.22011726229168,14,4849.014194028108,346.3581567162934,387.35160485750026,0.7142857142857143,-8955.1346912905,-8955.1346912905,0.6324899074473568,80.606128998
OTM3_NEXT1_K3M2,0.0003332222592469177,1.0,0.0636738382127626,123.604761904762,50.0,0.16794401866044653,False,37,130767.78042687006,3534.2643358613527,1150.03969505,0.7837837837837838,-2892.438643375004,-2892.438643375,5.866484731648491,81.44512359810811,12,4774.150745192335,397.8458954326946,-192.43101536125002,0.4166666666666667,-7614.209189307554,-3206.087110015,0.7970536038928341,67.15410456729167,14,11384.657867820006,813.189847701429,998.8966158922503,0.7142857142857143,-8585.336657087502,-8585.336657087502,1.5280836707839913,80.86372372714287
OTM3_NEXT1_K3M2.5,0.0003332222592469177,1.0,0.06392955367673794,123.604761904762,50.0,0.16794401866044653,False,37,164863.00479511503,4455.75688635446,2266.3087507249993,0.8918918918918919,-2259.459397450002,-2259.45939745,7.774239911732944,86.81068121310811,12,24168.807546199838,2014.067295516653,652.5953151687497,0.5833333333333334,-4493.761943605054,-2457.152435515,3.1238597883075547,73.43270448333332,14,23125.053482691008,1651.7895344779292,1135.1138080845008,0.7857142857142857,-7683.557436706502,-7683.557436706502,2.8033143635450415,83.08546552207143
OTM3_NEXT1_K3M3,0.0003332222592469177,1.0,0.08687301571573565,123.604761904762,50.0,0.16794401866044653,False,37,210444.8618464701,5687.698968823516,4715.149697075,0.918918918918919,-1435.4627459500043,-1435.4627459499998,8.803132284686184,90.64562577108107,12,29493.73308189484,2457.8110901579034,1179.8619841924997,0.5833333333333334,-1880.303626535053,-1479.7926852925,4.08187960008298,74.06390984208333,14,44197.7967127105,3156.9854794793214,2277.5739805940016,0.8571428571428571,-7138.601216170504,-7138.601216170502,4.827128005094845,90.01452052067857
OTM3_NEXT1_K3M4,0.0003332222592469177,1.0,0.18766748239005923,123.604761904762,50.0,0.16794401866044653,False,37,253753.49846937507,6858.2026613344615,4951.853079995,0.9459459459459459,-1435.4627459500043,-1435.4627459499998,8.96435719551251,91.56085217905405,12,34447.19715734734,2870.5997631122787,1179.8619841924997,0.6666666666666666,-1880.303626535053,-1479.7926852925,4.178524231787976,74.08773688770833,14,59037.67574226411,4216.9768387331505,2676.9302051632512,0.8571428571428571,-5763.238019222499,-5763.2380192225,5.433029442200046,90.68387555257144
OTM3_NEXT2_K3M0.5,0.7374208597134289,1.0,0.061256921032250604,123.604761904762,100.0,1.0,False,37,-15424.108134807335,-416.86778742722527,-1848.7035445824997,0.2702702702702703,-48178.00463400743,-30712.26172605,-0.30085302891959886,72.88130094074326,12,-18288.082096150272,-1524.006841345856,-2061.60182802625,0.16666666666666666,-15686.651811322774,-4388.41136181,-3.796713774323855,62.444341345833344,14,-20959.45927992889,-1497.1042342806352,-1696.0417475464992,0.14285714285714285,-22729.946560930908,-9392.398371715502,-2.6945892406316294,71.35423428064286
OTM3_NEXT2_K3M1,0.010329890036654448,1.0,0.0566554920965832,123.604761904762,100.0,1.0,False,37,74216.26882241754,2005.845103308582,-163.60052695749977,0.43243243243243246,-14785.457154324948,-11909.258711175,2.67955240892722,78.54678858331081,12,-2736.880722747658,-228.07339356230486,-928.1856785724995,0.16666666666666666,-7885.174493450052,-2817.4110725274995,-0.5921112113723279,64.94839356229166,14,-3723.2481666714984,-265.94629761939274,-610.7437208082499,0.21428571428571427,-11782.443448547405,-8211.6415801375,-0.5111453264061837,73.41058333367857
OTM3_NEXT2_K3M1.5,0.0003332222592469177,1.0,0.1403372640421205,123.604761904762,100.0,0.16794401866044653,False,37,104633.38664253504,2827.9293687171635,1290.9511438249997,0.7297297297297297,-13628.763326224944,-11909.258711175,4.511134492787385,83.89495560716216,12,3629.0640105023394,302.42200087519495,-456.9811021937771,0.3333333333333333,-3909.486223330001,-2068.4763980274997,0.867953471922578,65.70299912479167,14,21144.160522312995,1510.297180165214,509.16901556274973,0.6428571428571429,-6764.906139220501,-6764.906139220501,2.674914341084787,81.11353412050002
OTM3_NEXT2_K3M2,0.0003332222592469177,1.0,0.2674359717428197,123.604761904762,100.0,0.16794401866044653,False,37,144053.14025142769,3893.328114903451,2311.9144784224973,0.7837837837837838,-13628.763326224944,-11909.258711175,5.335461037484107,86.33404725871621,12,13555.011778969842,1129.5843149141535,-456.9811021937771,0.3333333333333333,-3909.486223330001,-2068.4763980274997,2.135149414896982,71.04068508583333,14,43876.818235060004,3134.0584453614288,2414.2365685552513,0.7142857142857143,-5340.699321115,-5340.699321114999,4.669736138584735,88.38798321
OTM3_NEXT2_K3M2.5,0.0003332222592469177,1.0,0.37187880068846024,123.604761904762,100.0,0.16794401866044653,False,37,163336.52718537766,4414.500734739937,2640.946194667501,0.7837837837837838,-13628.763326224944,-11909.258711175,5.218690952066726,86.61413012493243,12,13555.011778969842,1129.5843149141535,-456.9811021937771,0.3333333333333333,-3909.486223330001,-2068.4763980274997,2.135149414896982,71.04068508583333,14,55726.24514923558,3980.446082088256,3444.579705098797,0.7142857142857143,-3474.8281544295023,-3474.828154429501,5.277646780852778,89.0896321974643
OTM3_NEXT2_K3M3,0.0003332222592469177,1.0,0.45624627927002936,123.604761904762,100.0,0.16794401866044653,False,37,169948.8287200352,4593.211587027979,2640.946194667501,0.7837837837837838,-13628.763326224944,-11909.258711175,5.156689707300076,86.68706162067568,12,13555.011778969842,1129.5843149141535,-456.9811021937771,0.3333333333333333,-3909.486223330001,-2068.4763980274997,2.135149414896982,71.04068508583333,14,62186.6011744936,4441.900083892399,3611.9001235002975,0.7142857142857143,-2377.276837958998,-2377.2768379589993,5.546628565779117,87.27848753617857
OTM3_NEXT2_K3M4,0.0003332222592469177,1.0,0.584219900757035,123.604761904762,100.0,0.16794401866044653,False,37,169948.8287200352,4593.211587027979,2640.946194667501,0.7837837837837838,-13628.763326224944,-11909.258711175,5.156689707300076,86.68706162067568,12,13555.011778969842,1129.5843149141535,-456.9811021937771,0.3333333333333333,-3909.486223330001,-2068.4763980274997,2.135149414896982,71.04068508583333,14,72267.57759911659,5161.969828508328,3611.9001235002975,0.7142857142857143,-2377.276837958998,-2377.2768379589993,5.10816211523274,87.78017149167856
OTM3_NEXT3_K3M0.5,0.5888037320893036,1.0,0.057875888062019785,123.604761904762,150.0,1.0,False,37,9173.675100920205,247.93716488973527,-2005.3358515,0.35135135135135137,-46344.65028555494,-24266.0842894725,0.2093690323108486,66.25202429945946,12,-13437.160105005272,-1119.7633420837726,-2000.5074255737768,0.16666666666666666,-12499.422436355055,-3291.020179435,-2.6513064537515527,57.57584208375001,14,-18671.798754322394,-1333.699911023028,-2153.6408581775013,0.14285714285714285,-23618.44679382391,-8587.79780919,-2.2707904991760417,67.78919673732142
OTM3_NEXT3_K3M1,0.11462845718093968,1.0,0.2199623209435777,123.604761904762,150.0,1.0,False,37,38700.45065478,1045.9581258048647,-720.5553462925006,0.43243243243243246,-24080.818594172513,-17258.04832491,1.4467234531208222,74.78511743837838,12,-12165.408396807663,-1013.7840330673052,-1606.1855285800007,0.16666666666666666,-12427.104499885165,-2744.2978670500006,-3.5560208714432564,63.159033067291666,14,6225.997405627609,444.7141004019721,-766.1694499747509,0.35714285714285715,-11798.316403749408,-6456.610195888501,0.7502373962950816,78.01804245517857
OTM3_NEXT3_K3M1.5,0.03332222592469177,1.0,0.3989473308663171,123.604761904762,150.0,1.0,False,37,64742.426165797486,1749.7953017783104,-12.77172415750087,0.4864864864864865,-22255.10497966251,-17258.04832491,2.188539603507238,75.13713065412162,12,-11259.197440662665,-938.2664533885554,-1606.1855285800007,0.16666666666666666,-12427.104499885165,-2744.2978670500006,-3.1877427460664527,63.26645338854167,14,32609.399852036702,2329.24284657405,1675.9513240305005,0.5714285714285714,-5032.403377783001,-5032.403377783001,3.470416344802246,86.38215342596428
OTM3_NEXT3_K3M2,0.027990669776741087,1.0,0.5244099721218242,123.604761904762,150.0,1.0,False,37,73162.99506413999,1977.3782449767566,-12.77172415750087,0.4864864864864865,-22255.10497966251,-17258.04832491,2.352417226556956,75.39202529351351,12,-11259.197440662665,-938.2664533885554,-1606.1855285800007,0.16666666666666666,-12427.104499885165,-2744.2978670500006,-3.1877427460664527,63.26645338854167,14,45845.381216855705,3274.6700869182646,1906.9192319350473,0.5714285714285714,-3097.2523674984986,-3097.2523674985005,4.225290474210068,85.31205593889287
OTM3_NEXT3_K3M2.5,0.027990669776741087,1.0,0.6157569762726667,123.604761904762,150.0,1.0,False,37,73162.99506413999,1977.3782449767566,-12.77172415750087,0.4864864864864865,-22255.10497966251,-17258.04832491,2.352417226556956,75.39202529351351,12,-11259.197440662665,-938.2664533885554,-1606.1855285800007,0.16666666666666666,-12427.104499885165,-2744.2978670500006,-3.1877427460664527,63.26645338854167,14,50996.23232923671,3642.5880235169075,1906.9192319350473,0.5714285714285714,-3097.2523674984986,-3097.2523674985005,4.137327973787693,85.57269076882143
OTM3_NEXT3_K3M3,0.027990669776741087,1.0,0.6797974802272225,123.604761904762,150.0,1.0,False,37,73162.99506413999,1977.3782449767566,-12.77172415750087,0.4864864864864865,-22255.10497966251,-17258.04832491,2.352417226556956,75.39202529351351,12,-11259.197440662665,-938.2664533885554,-1606.1855285800007,0.16666666666666666,-12427.104499885165,-2744.2978670500006,-3.1877427460664527,63.26645338854167,14,50996.23232923671,3642.5880235169075,1906.9192319350473,0.5714285714285714,-3097.2523674984986,-3097.2523674985005,4.137327973787693,85.57269076882143
OTM3_NEXT3_K3M4,0.027990669776741087,1.0,0.7598481101704165,123.604761904762,150.0,1.0,False,37,73162.99506413999,1977.3782449767566,-12.77172415750087,0.4864864864864865,-22255.10497966251,-17258.04832491,2.352417226556956,75.39202529351351,12,-11259.197440662665,-938.2664533885554,-1606.1855285800007,0.16666666666666666,-12427.104499885165,-2744.2978670500006,-3.1877427460664527,63.26645338854167,14,50996.23232923671,3642.5880235169075,1906.9192319350473,0.5714285714285714,-3097.2523674984986,-3097.2523674985005,4.137327973787693,85.57269076882143
OTM3_MIRROR_GAP_K3M0.5,0.6687770743085638,1.0,0.05932808456073976,123.604761904762,119.04761904761905,1.0,False,37,-5528.889510032273,-149.42944621708847,-1940.850351175,0.2972972972972973,-41525.246021407496,-24266.0842894725,-0.11834071610008598,70.27404081168919,12,-17173.25331971027,-1431.1044433091893,-1983.0891008950002,0.16666666666666666,-14571.823034882773,-4388.41136181,-3.7340104030998034,60.16694330916666,14,-18335.788664979893,-1309.6991903557066,-1826.3936791850003,0.14285714285714285,-23430.93117529991,-9392.398371715502,-2.1561871892975497,70.84204749857145
OTM3_MIRROR_GAP_K3M1,0.12829056981006332,1.0,0.13691390136426856,123.604761904762,119.04761904761905,1.0,False,37,44901.39450654254,1213.551202879528,-432.3979062400013,0.35135135135135137,-23498.413687432512,-17258.04832491,1.3775543136862998,76.04339171506757,12,-6173.415728390161,-514.4513106991801,-1351.6388213687774,0.16666666666666666,-8096.7546848525535,-2817.4110725274995,-1.4149834644768224,64.13881069916665,14,1836.3004270266094,131.1643162161864,-516.380565288501,0.2857142857142857,-11386.488409665406,-8211.6415801375,0.2173393698748559,73.03211235525
OTM3_MIRROR_GAP_K3M1.5,0.01599466844385205,1.0,0.24086191686255093,123.604761904762,119.04761904761905,1.0,False,37,74941.42459610503,2025.4439080028387,1153.6831228250003,0.5945945945945946,-17258.04832491,-17258.04832491,2.4564138569620466,81.54933524040538,12,-2634.699391377664,-219.55828261480534,-973.4268107462775,0.3333333333333333,-6809.159588522501,-2616.712373695,-0.6196961857433642,64.55828261479166,14,30323.611657669702,2165.9722612621217,1065.7888075995002,0.7142857142857143,-6764.906139220501,-6764.906139220501,3.42069519615644,86.75988159503571
OTM3_MIRROR_GAP_K3M2,0.003332222592469177,1.0,0.35759442240745337,123.604761904762,119.04761904761905,0.7864045318227258,False,37,106200.45879568254,2870.2826701535823,1934.2803289550534,0.6486486486486487,-17258.04832491,-17258.04832491,3.200970232468807,83.70381633290539,12,7291.248377089834,607.6040314241528,-973.4268107462775,0.3333333333333333,-6809.1595885225015,-2616.712373695,1.1054185344130518,69.89596857583332,14,48925.55058128971,3494.6821843778366,2665.870807161047,0.7142857142857143,-5340.699321115,-5340.699321114999,4.6964127652834255,87.76424419360715
OTM3_MIRROR_GAP_K3M2.5,0.001999333555481506,1.0,0.45999813674412204,123.604761904762,119.04761904761905,0.5018327224258581,False,37,116131.94418890004,3138.701194294596,2297.7478727149996,0.6486486486486487,-17258.04832491,-17258.04832491,3.315594738585963,83.86637327297296,12,7291.248377089834,607.6040314241528,-973.4268107462775,0.3333333333333333,-6809.1595885225015,-2616.712373695,1.1054185344130518,69.89596857583332,14,59169.5269260802,4226.3947804343,3340.7365507162986,0.7142857142857143,-3474.8281544295023,-3474.828154429501,5.273288197967135,88.46236242285715
OTM3_MIRROR_GAP_K3M3,0.001999333555481506,1.0,0.5356189751722046,123.604761904762,119.04761904761905,0.5018327224258581,False,37,122744.24572355754,3317.4120465826363,2297.7478727149996,0.6486486486486487,-17258.04832491,-17258.04832491,3.3459699218794525,83.93930476871621,12,7291.248377089834,607.6040314241528,-973.4268107462775,0.3333333333333333,-6809.1595885225015,-2616.712373695,1.1054185344130518,69.89596857583332,14,62786.9334480027,4484.780960571622,3340.7365507162986,0.7142857142857143,-2377.276837958998,-2377.2768379589993,5.386012642959737,87.05832514267857
OTM3_MIRROR_GAP_K3M4,0.001999333555481506,1.0,0.646811779323999,123.604761904762,119.04761904761905,0.5018327224258581,False,37,122744.24572355754,3317.4120465826363,2297.7478727149996,0.6486486486486487,-17258.04832491,-17258.04832491,3.3459699218794525,83.93930476871621,12,7291.248377089834,607.6040314241528,-973.4268107462775,0.3333333333333333,-6809.1595885225015,-2616.712373695,1.1054185344130518,69.89596857583332,14,69713.6862216837,4979.54901583455,3340.7365507162986,0.7142857142857143,-2377.276837958998,-2377.2768379589993,5.010794638255117,87.21884130832143
OTM4_NEXT1_K3M0.5,0.9250249916694435,1.0,0.051126510257971255,173.604761904762,50.0,1.0,False,37,-86085.81385675477,-2326.643617750129,-1182.806791299999,0.24324324324324326,-120599.35049582999,-47687.591939505,-1.464617426805716,70.258482615,12,-23432.190622742717,-1952.6825518952264,-1288.2934659100001,0.16666666666666666,-17376.02786366522,-6056.162759077499,-6.388925108236697,61.12005189520833,14,-31855.617171716985,-2275.4012265512133,-1199.5370269040004,0.14285714285714285,-30664.419489349595,-15447.798836023501,-3.425029947864473,67.99051226549999
OTM4_NEXT1_K3M1,0.5528157280906365,1.0,0.061430318527097995,173.604761904762,50.0,1.0,False,37,11880.030999155133,321.0819188960847,-441.0141070750002,0.32432432432432434,-34656.73401807249,-26965.87036365,0.24897505655843563,73.78294596878378,12,-15867.564098960218,-1322.2970082466848,-923.1878120912501,0.16666666666666666,-11187.616913255217,-4679.947185705,-4.774075275872723,59.79700824666666,14,-24449.423868029487,-1746.3874191449634,-642.70434724125,0.14285714285714285,-24711.159454192097,-15030.290189553,-2.6205914760083844,68.88741914496428
OTM4_NEXT1_K3M1.5,0.05664778407197601,1.0,0.05951690632644756,173.604761904762,50.0,1.0,False,37,57486.54559444511,1553.6904214714893,212.0565752749996,0.6216216216216216,-20078.023156254996,-19896.07463361,1.640721432267674,76.03930825824324,12,-5243.044358705109,-436.9203632254257,-312.7569420887498,0.3333333333333333,-7138.2641379425,-3640.3376616775,-1.3336494629478932,63.17036322541666,14,-16415.314760318986,-1172.5224828799276,-196.74415018150034,0.5,-18270.248002489592,-14556.691880486,-1.761208133353271,69.79034002278571
OTM4_NEXT1_K3M2,0.0003332222592469177,1.0,0.06384296101762547,173.604761904762,50.0,0.16794401866044653,False,37,111516.99453087995,3013.9728251589177,1196.050157375,0.7837837837837838,-2932.8864163974504,-2932.8864163974454,5.667194415336882,79.47312078702703,12,2000.6187765923914,166.7182313826993,119.75283243499985,0.5833333333333334,-5077.154282665002,-3183.487510232499,0.46740076729101443,63.594268617291675,14,-609.6285055124845,-43.54489325089175,488.41220944724984,0.6428571428571429,-13276.229328949,-13276.229328949,-0.06213250717778645,75.79489325089286
OTM4_NEXT1_K3M2.5,0.0003332222592469177,1.0,0.07510805623745803,173.604761904762,50.0,0.16794401866044653,False,37,137115.24820348498,3705.817519013108,1699.5623154500001,0.8918918918918919,-1929.3139525674487,-1929.313952567445,6.955437192833779,77.83112963554053,12,8802.862583552393,733.5718819626994,239.53327006999984,0.5833333333333334,-2939.1817586824995,-2285.0921617224994,1.761156344481474,64.24061803729167,14,14688.784611835901,1049.1989008454216,746.1646050139996,0.7857142857142857,-6287.6105024935,-6287.6105024935,2.2072148094861253,73.9082420117143
OTM4_NEXT1_K3M3,0.0003332222592469177,1.0,0.11178833616077952,173.604761904762,50.0,0.16794401866044653,False,37,172441.67141481754,4660.585713913987,2876.5410541325004,0.8918918918918919,-1929.3139525674342,-1929.313952567445,8.034810916402,83.26563743736487,12,24124.230264634894,2010.352522052908,892.8103954512503,0.75,-2182.7577374374996,-1528.6681404774997,4.0196670402745545,69.64747794708335,14,30700.880906474405,2192.9200647481716,1437.78952092075,0.7857142857142857,-5269.060750390498,-5269.060750390499,3.8313609755847704,79.81207810896429
OTM4_NEXT1_K3M4,0.0003332222592469177,1.0,0.22465913922557842,173.604761904762,50.0,0.16794401866044653,False,37,206821.89795354762,5589.781025771557,3876.3688445899984,0.8918918918918919,-1661.6845825999917,-1447.8992812749998,7.8715701353387475,83.96897422844594,12,25827.39130914489,2152.282609095407,892.8103954512503,0.75,-2182.7577374374996,-1528.6681404774997,3.930446355995465,69.59239090458334,14,54719.74438855691,3908.553170611208,2314.728387815,0.8571428571428571,-3867.6476221585,-3867.647622158498,5.772975380010442,85.9825436745
OTM4_NEXT2_K3M0.5,0.6161279573475508,1.0,0.06198190529570872,173.604761904762,100.0,1.0,False,37,1216.6066374751717,32.88126047230194,-1639.5436859499998,0.2702702702702703,-35688.798344952505,-24163.790849999998,0.02624621717614277,65.12549628445944,12,-18865.30060390272,-1572.1083836585601,-1453.9816660825,0.16666666666666666,-14127.63457555272,-4737.6660283500005,-5.38017605902942,58.04588365854167,14,-30353.11688658699,-2168.0797776133563,-1686.1036910740004,0.14285714285714285,-31059.2232792821,-14497.302352593502,-3.3091289215006316,66.91906332764286
OTM4_NEXT2_K3M1,0.07230923025658113,1.0,0.0719830954843289,173.604761904762,100.0,1.0,False,37,38330.920580404956,1035.9708264974313,-366.0943154499998,0.40540540540540543,-20113.078325062506,-14417.2332341475,1.6523493960959563,75.34674107013512,12,-7729.2795288576135,-644.1066274048011,-733.5415936450003,0.16666666666666666,-7255.159360474999,-3241.2063528775006,-2.307135848632019,61.91912740479166,14,-5123.723999636486,-365.9802856883204,-621.8577191784997,0.14285714285714285,-10536.594715257503,-6407.500247975499,-0.838386656411525,66.15885711689286
OTM4_NEXT2_K3M1.5,0.0016661112962345886,1.0,0.17477763386306072,173.604761904762,100.0,0.4265244918360547,False,37,71002.44516121496,1918.985004357161,833.2508435824991,0.7027027027027027,-14417.233234147498,-14417.2332341475,3.2100707931537396,76.82580645364865,12,-2673.970475982612,-222.83087299855097,-589.74086584,0.16666666666666666,-3933.6340790675004,-2117.8043411275003,-0.9217676389854427,62.51837299854166,14,11371.69772523251,812.2641232308936,-135.30683574350002,0.42857142857142855,-5505.721027594499,-5505.721027594499,1.7159487984022492,72.12873391196429
OTM4_NEXT2_K3M2,0.0003332222592469177,1.0,0.3035037051873577,173.604761904762,100.0,0.16794401866044653,False,37,103025.62848624995,2784.476445574323,1098.9560147074992,0.7297297297297297,-14417.233234147498,-14417.2332341475,3.9933802617599152,79.0032841554054,12,8248.518234469888,687.3765195391574,-492.4942482137501,0.25,-3933.6340790675013,-1848.163331447499,1.6326506931939657,67.62348046083333,14,40652.37478943901,2903.741056388501,1562.015541677249,0.6428571428571429,-4289.202138964001,-4289.202138964001,4.667585327530993,84.09822932578572
OTM4_NEXT2_K3M2.5,0.0003332222592469177,1.0,0.4052242888051586,173.604761904762,100.0,0.16794401866044653,False,37,119221.99566342996,3222.2160990116204,1637.0892466099997,0.7297297297297297,-14417.233234147498,-14417.2332341475,4.114854054863859,79.30417125864864,12,8248.518234469888,687.3765195391574,-492.4942482137501,0.25,-3933.6340790675013,-1848.163331447499,1.6326506931939657,67.62348046083333,14,49616.523056810605,3544.0373612007575,2091.141507419,0.6428571428571429,-2639.859108864497,-2639.8591088644985,5.295510891116053,82.89121022782142
OTM4_NEXT2_K3M3,0.0003332222592469177,1.0,0.48878508234769624,173.604761904762,100.0,0.16794401866044653,False,37,122762.93087544246,3317.917050687634,1637.0892466099997,0.7297297297297297,-14417.233234147498,-14417.2332341475,4.070055265479341,79.38024660966215,12,8248.518234469888,687.3765195391574,-492.4942482137501,0.25,-3933.6340790675013,-1848.163331447499,1.6326506931939657,67.62348046083333,14,58024.1458536111,4144.581846686508,2091.141507419,0.6428571428571429,-1718.6316694464986,-1718.6316694464995,5.318864786660229,83.36458188492857
OTM4_NEXT2_K3M4,0.0003332222592469177,1.0,0.6110197354074924,173.604761904762,100.0,0.16794401866044653,False,37,122762.93087544246,3317.917050687634,1637.0892466099997,0.7297297297297297,-14417.233234147498,-14417.2332341475,4.070055265479341,79.38024660966215,12,8248.518234469888,687.3765195391574,-492.4942482137501,0.25,-3933.6340790675013,-1848.163331447499,1.6326506931939657,67.62348046083333,14,63976.69738515461,4569.764098939615,2091.141507419,0.6428571428571429,-1718.6316694464986,-1718.6316694464995,5.038042380418851,83.23590106039285
OTM4_NEXT3_K3M0.5,0.4708430523158947,1.0,0.06340825056753292,173.604761904762,150.0,1.0,False,37,18931.574447645165,511.66417426068017,-1746.5721635049467,0.2702702702702703,-34346.4633016575,-18164.253569595,0.4718598849150163,63.09933925283784,12,-16813.00625307522,-1401.0838544229348,-1625.9454873850002,0.16666666666666666,-12320.762182032719,-4492.2440710425,-4.423278799481545,57.333854422916666,14,-28753.72397468599,-2053.837426763285,-2228.1600341555004,0.14285714285714285,-30842.023495421094,-12341.695406451501,-3.297074791473789,67.498141049
OTM4_NEXT3_K3M1,0.046317894035321557,1.0,0.24883290872105285,173.604761904762,150.0,1.0,False,37,48311.99688384245,1305.7296455092553,-735.7427726350007,0.35135135135135137,-18239.631974272495,-12178.734780525,1.881135648193645,68.29062476101352,12,-10789.61998743022,-899.1349989525183,-1531.08773433625,0.16666666666666666,-8501.19534208272,-2288.4246453475007,-3.2063196564243426,56.009998952500005,14,-3911.3551424399893,-279.38251017428496,-1074.794111899,0.14285714285714285,-11399.520000616001,-5301.687678386499,-0.6271981273808533,65.36465303142857
OTM4_NEXT3_K3M1.5,0.02732422525824725,1.0,0.42895427128729513,173.604761904762,150.0,1.0,False,37,57433.54862839244,1552.2580710376335,-579.2674123749996,0.40540540540540543,-17305.663584724996,-12178.734780525,2.2282457847488306,70.07301004344595,12,-10063.15335316522,-838.5961127637684,-1531.08773433625,0.16666666666666666,-8501.195342082718,-2273.3021571625,-3.042798641951168,56.09611276375,14,20387.905146092013,1456.2789390065723,-221.519052430251,0.42857142857142855,-3862.8720119740005,-3227.302855494499,2.7374088450353673,74.95320385057143
OTM4_NEXT3_K3M2,0.025324891702765744,1.0,0.5539319580509674,173.604761904762,150.0,1.0,False,37,60607.38581239994,1638.0374543891876,-579.2674123749996,0.40540540540540543,-17305.663584724996,-12178.734780525,2.288381763276803,70.13822128648648,12,-10063.15335316522,-838.5961127637684,-1531.08773433625,0.16666666666666666,-8501.195342082718,-2273.3021571625,-3.042798641951168,56.09611276375,14,37550.042355382015,2682.1458825272866,561.2471610197499,0.5,-3862.8720119740005,-2435.8257596565,3.8687210481728616,80.83626032985714
OTM4_NEXT3_K3M2.5,0.025324891702765744,1.0,0.6401286020792715,173.604761904762,150.0,1.0,False,37,60607.38581239994,1638.0374543891876,-579.2674123749996,0.40540540540540543,-17305.663584724996,-12178.734780525,2.288381763276803,70.13822128648648,12,-10063.15335316522,-838.5961127637684,-1531.08773433625,0.16666666666666666,-8501.195342082718,-2273.3021571625,-3.042798641951168,56.09611276375,14,40251.74622684601,2875.1247304890007,561.2471610197499,0.5,-3862.8720119740005,-2435.8257596565,3.8017854508022615,81.00026951099998
OTM4_NEXT3_K3M3,0.025324891702765744,1.0,0.7001071683993934,173.604761904762,150.0,1.0,False,37,60607.38581239994,1638.0374543891876,-579.2674123749996,0.40540540540540543,-17305.663584724996,-12178.734780525,2.288381763276803,70.13822128648648,12,-10063.15335316522,-838.5961127637684,-1531.08773433625,0.16666666666666666,-8501.195342082718,-2273.3021571625,-3.042798641951168,56.09611276375,14,40251.74622684601,2875.1247304890007,561.2471610197499,0.5,-3862.8720119740005,-2435.8257596565,3.8017854508022615,81.00026951099998
OTM4_NEXT3_K3M4,0.025324891702765744,1.0,0.7750803762995448,173.604761904762,150.0,1.0,False,37,60607.38581239994,1638.0374543891876,-579.2674123749996,0.40540540540540543,-17305.663584724996,-12178.734780525,2.288381763276803,70.13822128648648,12,-10063.15335316522,-838.5961127637684,-1531.08773433625,0.16666666666666666,-8501.195342082718,-2273.3021571625,-3.042798641951168,56.09611276375,14,40251.74622684601,2875.1247304890007,561.2471610197499,0.5,-3862.8720119740005,-2435.8257596565,3.8017854508022615,81.00026951099998
OTM4_MIRROR_GAP_K3M0.5,0.44585138287237586,1.0,0.1201758998526961,173.604761904762,169.04761904761904,1.0,False,37,19997.384914460174,540.4698625529777,-2092.591400890001,0.2702702702702703,-32002.060793842506,-15570.438213637502,0.5142720622813584,62.77338069027027,12,-19301.425028262718,-1608.45208568856,-2164.1646764275,0.16666666666666666,-14809.180957220218,-4492.2440710425,-5.194810255610314,56.889585688541665,14,-19593.929840442484,-1399.5664171744631,-2228.1600341555004,0.14285714285714285,-22261.812837366997,-7157.155811580499,-2.8786556725479286,64.74498860303571
OTM4_MIRROR_GAP_K3M1,0.07864045318227257,1.0,0.3238517848817574,173.604761904762,169.04761904761904,1.0,False,37,43083.10039613495,1164.408118814458,-933.9683895475009,0.35135135135135137,-16356.389934630002,-10295.4927408825,1.6285487185013041,67.82161091527027,12,-15053.01394118272,-1254.4178284318934,-2046.3977604775005,0.16666666666666666,-12764.589295835221,-2672.15811172,-4.351448116931437,55.355328431875,14,-3011.825879231987,-215.13041994514194,-865.4280423232506,0.14285714285714285,-11772.708711803502,-5301.687678386499,-0.4615584236428564,65.00541994514286
OTM4_MIRROR_GAP_K3M1.5,0.0583138953682106,1.0,0.49397698190380523,173.604761904762,169.04761904761904,1.0,False,37,47395.73348569245,1280.9657698835797,-579.2674123749996,0.40540540540540543,-15422.4215450825,-10295.4927408825,1.8339250053923686,69.74368957587838,12,-14326.54730691772,-1193.8789422431435,-1972.0155732437504,0.16666666666666666,-12764.58929583522,-2672.15811172,-4.186541933864534,55.441442243125,14,18847.812699996015,1346.272335714001,309.6075725012488,0.5,-3862.8720119740005,-3227.302855494499,2.5756962722564998,74.28123571457142
OTM4_MIRROR_GAP_K3M2,0.05364878373875375,1.0,0.6098509689701844,173.604761904762,169.04761904761904,1.0,False,37,50569.57066969995,1366.7451532351338,-579.2674123749996,0.40540540540540543,-15422.4215450825,-10295.4927408825,1.9028757513906613,69.80890081891891,12,-14326.54730691772,-1193.8789422431435,-1972.0155732437504,0.16666666666666666,-12764.58929583522,-2672.15811172,-4.186541933864534,55.441442243125,14,25480.384003835014,1820.0274288453581,309.6075725012488,0.5,-3862.8720119740005,-2435.8257596565,2.852736813809499,74.56185686892857
OTM4_MIRROR_GAP_K3M2.5,0.05364878373875375,1.0,0.6848638108146452,173.604761904762,169.04761904761904,1.0,False,37,50569.57066969995,1366.7451532351338,-579.2674123749996,0.40540540540540543,-15422.4215450825,-10295.4927408825,1.9028757513906613,69.80890081891891,12,-14326.54730691772,-1193.8789422431435,-1972.0155732437504,0.16666666666666666,-12764.58929583522,-2672.15811172,-4.186541933864534,55.441442243125,14,28182.08787529901,2013.0062768070723,309.6075725012488,0.5,-3862.8720119740005,-2435.8257596565,2.832133386948651,74.72586605007143
OTM4_MIRROR_GAP_K3M3,0.05364878373875375,1.0,0.7373865090122047,173.604761904762,169.04761904761904,1.0,False,37,50569.57066969995,1366.7451532351338,-579.2674123749996,0.40540540540540543,-15422.4215450825,-10295.4927408825,1.9028757513906613,69.80890081891891,12,-14326.54730691772,-1193.8789422431435,-1972.0155732437504,0.16666666666666666,-12764.58929583522,-2672.15811172,-4.186541933864534,55.441442243125,14,28182.08787529901,2013.0062768070723,309.6075725012488,0.5,-3862.8720119740005,-2435.8257596565,2.832133386948651,74.72586605007143
OTM4_MIRROR_GAP_K3M4,0.05364878373875375,1.0,0.8030398817591536,173.604761904762,169.04761904761904,1.0,False,37,50569.57066969995,1366.7451532351338,-579.2674123749996,0.40540540540540543,-15422.4215450825,-10295.4927408825,1.9028757513906613,69.80890081891891,12,-14326.54730691772,-1193.8789422431435,-1972.0155732437504,0.16666666666666666,-12764.58929583522,-2672.15811172,-4.186541933864534,55.441442243125,14,28182.08787529901,2013.0062768070723,309.6075725012488,0.5,-3862.8720119740005,-2435.8257596565,2.832133386948651,74.72586605007143
OTM5_NEXT1_K3M0.5,0.9243585471509497,1.0,0.054571004566720746,223.604761904762,50.0,1.0,False,37,-68346.09986055986,-1847.1918881232393,-952.4512201,0.21621621621621623,-94741.51493466002,-40282.77923146501,-1.416411258528159,65.63783406918918,12,-18454.49431924511,-1537.8745266037593,-924.6137784362502,0.0,-14657.85730566511,-3796.6370135800007,-10.357413025643853,54.749526603750006,14,-26842.30810569539,-1917.3077218353849,-1027.601395921,0.14285714285714285,-25797.99720878539,-11488.1226349065,-3.989723266729846,65.08272183538571
OTM5_NEXT1_K3M1,0.461512829056981,1.0,0.06318282575993447,223.604761904762,50.0,1.0,False,37,18763.88371707506,507.13199235338,-423.5863642749998,0.2702702702702703,-23899.363409702495,-20841.564320467496,0.4540040551573056,65.90854818716215,12,-12916.12240131761,-1076.3435334431342,-515.7322817012497,0.08333333333333333,-9718.633127337609,-3197.4892739800007,-7.536322101570667,55.40603344312499,14,-19484.165674731987,-1391.7261196237134,-529.2156707437498,0.14285714285714285,-19266.283201889597,-10888.022518349002,-2.917599465672253,65.92254819514287
OTM5_NEXT1_K3M1.5,0.0939686771076308,1.0,0.06382313086568736,223.604761904762,50.0,1.0,False,37,36441.55206485256,984.9068125635828,177.88320957499937,0.5945945945945946,-15422.328375975001,-14130.813015615,1.520059127296506,72.49183608506758,12,-8119.1958111451095,-676.5996509287592,-226.29182838250017,0.25,-5438.471462570109,-2680.7243485750005,-5.048125937299919,55.97465092875,14,-11815.369020677488,-843.954930048392,-34.719893633249704,0.35714285714285715,-13406.163786752599,-10508.5027633775,-1.7351940832101984,66.77635861982144
OTM5_NEXT1_K3M2,0.000999666777740753,1.0,0.05500115972082525,223.604761904762,50.0,0.26491169610129955,False,37,83695.38966116744,2262.037558409931,850.7131143424983,0.8108108108108109,-14112.555700395002,-14112.555700395,3.1492016509977643,72.18541456304054,12,1804.7495475624978,150.39579563020814,182.11610489000014,0.5833333333333334,-2044.3758212950006,-1890.5982669775008,0.6605963312200129,60.54170436979167,14,-290.94291796648395,-20.781636997605997,364.96157765825023,0.6428571428571429,-9289.52475901,-9289.52475901,-0.04132220109394725,72.03163699760714
OTM5_NEXT1_K3M2.5,0.0003332222592469177,1.0,0.07655486412867941,223.604761904762,50.0,0.16794401866044653,False,37,108424.80063059235,2930.4000170430363,1431.1374870799984,0.8648648648648649,-3751.9675317999936,-3751.9675318,6.2081308438381155,74.87025322722972,12,7797.903831062498,649.8253192552082,272.7249201050001,0.5833333333333334,-1477.4226703625,-1385.0673616900008,2.2025878247421273,61.112180744791665,14,6500.828075229512,464.34486251639373,859.6636089955,0.8571428571428571,-8559.6838538725,-8559.6838538725,0.9760882572236255,72.2265660550357
OTM5_NEXT1_K3M3,0.0003332222592469177,1.0,0.12190185350371952,223.604761904762,50.0,0.16794401866044653,False,37,125136.80638285483,3382.075848185266,2149.0097649049994,0.8918918918918919,-3205.2452194149955,-3205.2452194150005,6.910238692695702,75.12009776067566,12,9614.070416724999,801.1725347270832,478.18032911,0.6666666666666666,-870.7855840174992,-767.1962552275006,2.86133380819466,61.32746527291667,14,21501.062284782507,1535.7901631987504,1059.27477387075,0.8571428571428571,-7210.303471412,-7210.303471412001,2.7313011786678216,77.9241225155357
OTM5_NEXT1_K3M4,0.0003332222592469177,1.0,0.25288728563548335,223.604761904762,50.0,0.16794401866044653,False,37,168471.59356321234,4553.2863125192525,2927.388701900001,0.8918918918918919,-2523.7146656200057,-2523.714665620001,6.978110649589211,78.57179558885134,12,22114.138185019998,1842.8448487516664,516.7829226124998,0.75,-870.785584017498,-745.1667279624988,3.6123435962352883,65.90515124833333,14,50846.193096667506,3631.8709354762505,2409.75532295525,0.9285714285714286,-2880.112811924002,-2880.1128119240025,5.973457911153233,80.41477880946427
OTM5_NEXT2_K3M0.5,0.3478840386537821,1.0,0.06564313818679406,223.604761904762,100.0,1.0,False,37,34983.17138078256,945.4911183995285,-1336.0533877674993,0.2702702702702703,-27058.767251399986,-17878.765537335,0.7829789949595775,62.24536808695946,12,-16926.837757747606,-1410.5698131456338,-1191.5028723587502,0.08333333333333333,-13558.728179547608,-3368.1095782000007,-9.33463191483085,54.007313145625,14,-25875.52871186599,-1848.2520508475707,-1379.2740878575005,0.14285714285714285,-25759.1610736686,-10592.616850844002,-3.983226985499391,64.19847941900001
OTM5_NEXT2_K3M1,0.3068977007664112,1.0,0.08446029012387828,223.604761904762,100.0,1.0,False,37,29296.275643007557,791.7912335947989,-446.52752702499976,0.32432432432432434,-18056.1859521325,-16814.66119656,0.9802447649480671,64.62768532412161,12,-7186.942315875112,-598.9118596562594,-541.5731602937501,0.08333333333333333,-5125.723744677611,-2061.2185711975008,-4.401129406805704,55.161859656249995,14,-11804.954021446487,-843.211001531892,-554.5157080062497,0.14285714285714285,-13942.879753494097,-8650.280681018,-1.952096247918107,65.63957296046429
OTM5_NEXT2_K3M1.5,0.006997667444185272,1.0,0.20073602707814342,223.604761904762,100.0,1.0,False,37,55296.851056927335,1494.509488025063,475.327303775,0.6756756756756757,-10298.393893267497,-10298.393893267497,2.787815529918562,69.44321467763514,12,-4224.905678227611,-352.0754731856343,-454.0784704,0.08333333333333333,-3287.0891187801103,-1170.3055536774996,-3.1905349990252128,55.51297318562499,14,2032.6283809100132,145.18774149357236,129.58606842000057,0.5714285714285714,-6914.897803907001,-6914.897803907001,0.3468450468374705,70.65154422071427
OTM5_NEXT2_K3M2,0.0023325558147284237,1.0,0.33094273960686094,223.604761904762,100.0,0.566811062979007,False,37,72516.73076339233,1959.9116422538468,592.2429264200009,0.6756756756756757,-10298.393893267501,-10298.393893267497,3.253526437677937,69.5478172056081,12,-3498.4390439626104,-291.5365869968842,-390.7741885937497,0.08333333333333333,-3287.08911878011,-1170.3055536774996,-2.7144603664075517,55.599086996875,14,21473.091393782015,1533.792242413001,437.87391753925,0.5714285714285714,-3318.343663437001,-3318.3436634370005,3.1486632400139003,73.04704330128571
OTM5_NEXT2_K3M2.5,0.0026657780739753416,1.0,0.4299145801099058,223.604761904762,100.0,0.6451182939020327,False,37,83683.84665152233,2261.7255851762793,592.2429264200009,0.6756756756756757,-10298.393893267494,-10298.393893267497,3.345204061227931,69.86225266155405,12,-3498.4390439626104,-291.5365869968842,-390.7741885937497,0.08333333333333333,-3287.08911878011,-1170.3055536774996,-2.7144603664075517,55.599086996875,14,45182.79567141952,3227.342547958537,1731.7741687997498,0.6428571428571429,-1949.4775386680012,-1949.4775386680008,5.0676360891471095,79.01459489860716
OTM5_NEXT2_K3M3,0.0013328890369876708,1.0,0.5136028099175376,223.604761904762,100.0,0.3465511496167944,False,37,86857.68383552984,2347.5049685278336,592.2429264200009,0.6756756756756757,-10298.393893267494,-10298.393893267497,3.328154532654332,69.92746390459459,12,-3498.4390439626104,-291.5365869968842,-390.7741885937497,0.08333333333333333,-3287.08911878011,-1170.3055536774996,-2.7144603664075517,55.599086996875,14,50840.0541512405,3631.432439374322,1731.7741687997498,0.6428571428571429,-1158.0004428300017,-1158.0004428300015,5.152439199102156,79.31756062567858
OTM5_NEXT2_K3M4,0.0013328890369876708,1.0,0.6320710178946681,223.604761904762,100.0,0.3465511496167944,False,37,86857.68383552984,2347.5049685278336,592.2429264200009,0.6756756756756757,-10298.393893267494,-10298.393893267497,3.328154532654332,69.92746390459459,12,-3498.4390439626104,-291.5365869968842,-390.7741885937497,0.08333333333333333,-3287.08911878011,-1170.3055536774996,-2.7144603664075517,55.599086996875,14,55057.236301330515,3932.6597358093227,1731.7741687997498,0.6428571428571429,-1158.0004428300017,-1158.0004428300015,4.881349186652728,79.41169276210715
OTM5_NEXT3_K3M0.5,0.6621126291236255,1.0,0.06831451671701165,223.604761904762,150.0,1.0,False,37,-6907.904832822441,-186.70013061682272,-1592.7077515750002,0.24324324324324326,-46798.226432272495,-12862.325641155,-0.2430275157272685,62.84877926547297,12,-15852.428729220112,-1321.0357274350092,-1320.3748868575,0.08333333333333333,-12683.888313297612,-3168.5404159225,-7.839564313060018,53.53572743499999,14,-25750.90623341949,-1839.3504452442492,-1784.2385801315002,0.14285714285714285,-26108.9352064871,-9214.8427448175,-4.2048407841489155,63.279016672821434
OTM5_NEXT3_K3M1,0.10429856714428523,1.0,0.2755314181550553,223.604761904762,150.0,1.0,False,37,33104.33103350744,894.7116495542552,-871.3858888900005,0.32432432432432434,-13833.834012929998,-8471.3765167125,1.470078350952198,66.90997206736486,12,-11898.05364786011,-991.5044706550092,-1186.0928270725003,0.08333333333333333,-10025.17021882261,-1872.8834290375003,-6.595815537084531,54.004470655,14,-9375.59411013149,-669.6852935808207,-817.8683292815001,0.14285714285714285,-10396.4302701316,-5919.868872978501,-1.7718414999742063,64.82815072367858
OTM5_NEXT3_K3M1.5,0.03632122625791403,1.0,0.4512579897735486,223.604761904762,150.0,1.0,False,37,49318.94538296744,1332.9444698099308,-725.5242971949998,0.40540540540540543,-13224.601583337499,-8471.3765167125,2.091357135055516,66.81904370358109,12,-11280.18254139761,-940.0152117831341,-1186.0928270725003,0.08333333333333333,-10025.170218822612,-1637.2391414199997,-6.440158099637242,54.077711783125004,14,15273.730346378516,1090.9807390270369,-522.5528940387501,0.42857142857142855,-3183.0759065115003,-2556.838450774001,2.3637017709921473,72.16211811582143
OTM5_NEXT3_K3M2,0.027990669776741087,1.0,0.5753397179180648,223.604761904762,150.0,1.0,False,37,52324.184965212444,1414.167161221958,-725.5242971949998,0.40540540540540543,-13224.601583337499,-8471.3765167125,2.1662499990893793,66.88013607533783,12,-11280.18254139761,-940.0152117831341,-1186.0928270725003,0.08333333333333333,-10025.170218822612,-1637.2391414199997,-6.440158099637242,54.077711783125004,14,30402.984327481012,2171.641737677215,352.6746332132501,0.5,-3183.0759065115003,-1830.236526726,3.7381784418502226,77.69754803707143
OTM5_NEXT3_K3M2.5,0.027990669776741087,1.0,0.6585159444304738,223.604761904762,150.0,1.0,False,37,52324.184965212444,1414.167161221958,-725.5242971949998,0.40540540540540543,-13224.601583337499,-8471.3765167125,2.1662499990893793,66.88013607533783,12,-11280.18254139761,-940.0152117831341,-1186.0928270725003,0.08333333333333333,-10025.170218822612,-1637.2391414199997,-6.440158099637242,54.077711783125004,14,32387.907294982513,2313.421949641608,352.6746332132501,0.5,-3183.0759065115003,-1830.236526726,3.668809433992797,77.75662178696429
OTM5_NEXT3_K3M3,0.027990669776741087,1.0,0.7154299536920615,223.604761904762,150.0,1.0,False,37,52324.184965212444,1414.167161221958,-725.5242971949998,0.40540540540540543,-13224.601583337499,-8471.3765167125,2.1662499990893793,66.88013607533783,12,-11280.18254139761,-940.0152117831341,-1186.0928270725003,0.08333333333333333,-10025.170218822612,-1637.2391414199997,-6.440158099637242,54.077711783125004,14,32387.907294982513,2313.421949641608,352.6746332132501,0.5,-3183.0759065115003,-1830.236526726,3.668809433992797,77.75662178696429
OTM5_NEXT3_K3M4,0.027990669776741087,1.0,0.7865724652690461,223.604761904762,150.0,1.0,False,37,52324.184965212444,1414.167161221958,-725.5242971949998,0.40540540540540543,-13224.601583337499,-8471.3765167125,2.1662499990893793,66.88013607533783,12,-11280.18254139761,-940.0152117831341,-1186.0928270725003,0.08333333333333333,-10025.170218822612,-1637.2391414199997,-6.440158099637242,54.077711783125004,14,32387.907294982513,2313.421949641608,352.6746332132501,0.5,-3183.0759065115003,-1830.236526726,3.668809433992797,77.75662178696429
OTM5_MIRROR_GAP_K3M0.5,0.30489836721092967,1.0,0.23989021931162205,223.604761904762,219.04761904761904,1.0,False,37,32636.71017887744,882.0732480777687,-2100.983743825,0.2702702702702703,-27032.7500525925,-7986.109341517501,0.868040506287869,59.278103273581074,12,-21539.37913239011,-1794.9482610325092,-2058.52017178375,0.08333333333333333,-18442.85746416511,-3096.521668225,-9.286618034842443,52.4482610325,14,-27617.332596541986,-1972.6666140387133,-2228.9155262955,0.14285714285714285,-26441.988851019596,-7156.8433866625,-4.9734146455173125,63.791614038714286
OTM5_MIRROR_GAP_K3M1,0.4605131622792403,1.0,0.5154978731206956,223.604761904762,219.04761904761904,1.0,False,37,9836.901030579837,265.8621900156713,-2050.4051452000003,0.2702702702702703,-22988.5028102925,-7326.3673609125,0.3407298732490697,63.124296470810805,12,-20576.998075657608,-1714.749839638134,-2058.52017178375,0.08333333333333333,-18442.857464165107,-2628.1884656425,-9.236864984269221,52.562339638125,14,-11498.765046552486,-821.3403604680346,-1358.0848495502491,0.14285714285714285,-11647.384968812501,-3135.4447388715007,-2.7891528111200565,59.947503325178566
OTM5_MIRROR_GAP_K3M1.5,0.43985338220593134,1.0,0.6674053821587893,223.604761904762,219.04761904761904,1.0,False,37,12347.483615154837,333.71577338256316,-2050.4051452000003,0.2702702702702703,-22988.5028102925,-7326.3673609125,0.4264211617783281,63.17611850932432,12,-20576.998075657608,-1714.749839638134,-2058.52017178375,0.08333333333333333,-18442.857464165107,-2628.1884656425,-9.236864984269221,52.562339638125,14,-842.6608929079866,-60.1900637791419,-1320.8108514382502,0.21428571428571427,-5772.6305571295,-2493.1805381505023,-0.13255332272468576,65.10077806485714
OTM5_MIRROR_GAP_K3M2,0.43985338220593134,1.0,0.749509088560656,223.604761904762,219.04761904761904,1.0,False,37,12347.483615154837,333.71577338256316,-2050.4051452000003,0.2702702702702703,-22988.5028102925,-7326.3673609125,0.4264211617783281,63.17611850932432,12,-20576.998075657608,-1714.749839638134,-2058.52017178375,0.08333333333333333,-18442.857464165107,-2628.1884656425,-9.236864984269221,52.562339638125,14,-842.6608929079866,-60.1900637791419,-1320.8108514382502,0.21428571428571427,-5772.6305571295,-2493.1805381505023,-0.13255332272468576,65.10077806485714
OTM5_MIRROR_GAP_K3M2.5,0.43985338220593134,1.0,0.7996072708485251,223.604761904762,219.04761904761904,1.0,False,37,12347.483615154837,333.71577338256316,-2050.4051452000003,0.2702702702702703,-22988.5028102925,-7326.3673609125,0.4264211617783281,63.17611850932432,12,-20576.998075657608,-1714.749839638134,-2058.52017178375,0.08333333333333333,-18442.857464165107,-2628.1884656425,-9.236864984269221,52.562339638125,14,-842.6608929079866,-60.1900637791419,-1320.8108514382502,0.21428571428571427,-5772.6305571295,-2493.1805381505023,-0.13255332272468576,65.10077806485714
OTM5_MIRROR_GAP_K3M3,0.43985338220593134,1.0,0.8330060590404373,223.604761904762,219.04761904761904,1.0,False,37,12347.483615154837,333.71577338256316,-2050.4051452000003,0.2702702702702703,-22988.5028102925,-7326.3673609125,0.4264211617783281,63.17611850932432,12,-20576.998075657608,-1714.749839638134,-2058.52017178375,0.08333333333333333,-18442.857464165107,-2628.1884656425,-9.236864984269221,52.562339638125,14,-842.6608929079866,-60.1900637791419,-1320.8108514382502,0.21428571428571427,-5772.6305571295,-2493.1805381505023,-0.13255332272468576,65.10077806485714
OTM5_MIRROR_GAP_K3M4,0.43985338220593134,1.0,0.8747545442803283,223.604761904762,219.04761904761904,1.0,False,37,12347.483615154837,333.71577338256316,-2050.4051452000003,0.2702702702702703,-22988.5028102925,-7326.3673609125,0.4264211617783281,63.17611850932432,12,-20576.998075657608,-1714.749839638134,-2058.52017178375,0.08333333333333333,-18442.857464165107,-2628.1884656425,-9.236864984269221,52.562339638125,14,-842.6608929079866,-60.1900637791419,-1320.8108514382502,0.21428571428571427,-5772.6305571295,-2493.1805381505023,-0.13255332272468576,65.10077806485714
OTM6_NEXT1_K3M0.5,0.8653782072642453,1.0,0.05092161279878974,273.604761904762,50.0,1.0,False,37,-37500.66443478495,-1013.5314712104041,-850.7554782251094,0.1891891891891892,-68125.904975985,-33245.919185385,-0.9388430444733153,62.349038777972964,12,-15275.76826698011,-1272.9806889150093,-1061.655667915,0.0,-12456.689184560111,-2819.07908242,-12.653757531974932,52.980688914999995,14,-25446.24669878898,-1817.5890499134985,-844.7571391254999,0.07142857142857142,-24632.25513145148,-9680.203394019,-4.918036146597717,62.856907056357144
OTM6_NEXT1_K3M1,0.24991669443518827,1.0,0.05564515385852864,273.604761904762,50.0,1.0,False,37,39658.62403619005,1071.8547036808122,-382.8577506925,0.21621621621621623,-16670.813022599992,-15468.41274978,1.0125273791823288,60.64529631918919,12,-11066.755396290111,-922.2296163575093,-731.0194297225003,0.0,-8738.228525667611,-2328.5268706225006,-9.761707669241147,53.4796163575,14,-18987.776348524483,-1356.2697391803201,-435.3567254629997,0.07142857142857142,-18473.358650986982,-8656.784188775502,-3.9054241028844165,63.48402489460714
OTM6_NEXT1_K3M1.5,0.1922692435854715,1.0,0.060174398627949856,273.604761904762,50.0,1.0,False,37,38671.49855019504,1045.1756364917578,29.422763149891175,0.5675675675675675,-15484.112625940004,-15022.7202309525,1.2544789083061911,64.82436350824324,12,-6206.16935878511,-517.1807798987592,-371.5307859625,0.3333333333333333,-4589.130428937611,-1624.9496955326094,-5.781384378431904,54.05577989875,14,-11563.849504965987,-825.9892503547134,-74.58754563424978,0.35714285714285715,-11491.303265383487,-6728.224956481,-2.7642068817490135,64.00710749757143
OTM6_NEXT1_K3M2,0.001999333555481506,1.0,0.06185613004242121,273.604761904762,50.0,0.5018327224258581,False,37,75695.15472126755,2045.8149924666905,564.5937228350002,0.7837837837837838,-9997.522878457501,-9997.5228784575,3.0515387883421443,66.9552778035811,12,-2319.19839813011,-193.26653317750916,-86.93560965249995,0.5,-2051.9270436776087,-1347.8438659676092,-2.147304279908716,54.5165331775,14,599.2686959710181,42.80490685507272,268.02732945275,0.7857142857142857,-5893.8751835035,-5893.8751835035,0.11923697320790924,69.14152171635713
OTM6_NEXT1_K3M2.5,0.0003332222592469177,1.0,0.08981273390172685,273.604761904762,50.0,0.16794401866044653,False,37,72344.87742032734,1955.2669573061441,1035.7059467000001,0.8648648648648649,-8858.333084677499,-8858.3330846775,4.134166965084221,70.13844809925675,12,7526.9701847275,627.2475153939583,249.83242669249992,0.8333333333333334,-243.638339185,-826.9128482500005,2.8601122152239453,58.68998460604167,14,7450.486504530018,532.1776074664298,583.2226318918051,0.8571428571428571,-5091.0737883090005,-5091.0737883090005,1.3856664254725972,69.73310681928572
OTM6_NEXT1_K3M3,0.0003332222592469177,1.0,0.14648361512271,273.604761904762,50.0,0.16794401866044653,False,37,95480.99834468731,2580.5675228293867,1574.635803500001,0.8648648648648649,-8858.333084677499,-8858.3330846775,4.837981920642617,69.87166635979729,12,8545.5213420475,712.1267785039582,335.6520909387499,0.8333333333333334,-243.63833918499995,-321.3819429625005,3.3481745035089876,58.81072149604167,14,19805.572391628513,1414.6837422591796,712.4137785649998,0.8571428571428571,-4028.2503552935013,-4028.2503552935004,2.9863483625429885,72.85197202653572
OTM6_NEXT1_K3M4,0.0003332222592469177,1.0,0.27748396606790643,273.604761904762,50.0,0.16794401866044653,False,37,112247.69709781483,3033.7215431841846,1732.35766115,0.8648648648648649,-8858.333084677499,-8858.3330846775,4.984182673177801,71.78521357256757,12,19086.700936775,1590.5584113979166,458.6159415462498,0.9166666666666666,-243.6383391849995,-243.638339185,3.6958119085605774,63.191588602083336,14,39489.22716592501,2820.659083280358,1309.2662455532504,0.9285714285714286,-2196.5886143145,-2196.5886143144994,5.31711056591443,75.75163100535714
OTM6_NEXT2_K3M0.5,0.2502499166944352,1.0,0.05486038500626517,273.604761904762,100.0,1.0,False,37,42675.677516720054,1153.3966896410825,-1165.424327995,0.21621621621621623,-20934.1303503075,-12723.3738249675,0.9923203650026671,59.272229277837845,12,-14680.677430132611,-1223.3897858443843,-1083.3118571875546,0.0,-12034.954796382612,-2645.72263375,-16.63308979011904,52.452285844375005,14,-25042.368283333482,-1788.7405916666773,-1239.2752485954998,0.14285714285714285,-24037.517641833485,-8504.4660492955,-5.485880774749284,62.02630595239285
OTM6_NEXT2_K3M1,0.5038320559813395,1.0,0.08715570806582702,273.604761904762,100.0,1.0,False,37,8564.657293102548,231.4772241379067,-447.9372224499998,0.1891891891891892,-20555.232058472502,-11246.5998098475,0.4301281249509234,61.326829916148654,12,-7329.883599915108,-610.823633326259,-500.26248536125007,0.0,-5728.924837092609,-1600.9587628224995,-11.28732760076594,53.32363332624999,14,-13038.297448985482,-931.3069606418202,-452.12475472674976,0.14285714285714285,-12628.308907730592,-5906.988732088,-3.5044148147436536,63.02124635610714
OTM6_NEXT2_K3M1.5,0.004665111629456847,1.0,0.2176083781774834,273.604761904762,100.0,1.0,False,37,51854.79797847495,1401.4810264452688,324.95567426000025,0.6216216216216216,-7112.929640962502,-7112.9296409625,2.839728720685645,65.47843301418919,12,-4966.994701867609,-413.9162251556341,-401.35487359749993,0.0,-4328.416995777609,-710.5719269275003,-15.23678249874996,53.603725155625,14,-3083.003589357483,-220.21454209696307,31.250177038999787,0.5714285714285714,-3837.981005910593,-3723.575424675,-1.0144358011942534,62.25025638267857
OTM6_NEXT2_K3M2,0.0026657780739753416,1.0,0.3492253034388054,273.604761904762,100.0,0.6451182939020327,False,37,63564.760730929935,1717.9665062413496,335.6601880249998,0.6216216216216216,-7112.929640962502,-7112.9296409625,3.203850674601374,65.41187213702702,12,-4349.123595405109,-362.4269662837591,-370.1346507175001,0.0,-4328.41699577761,-710.5719269275003,-12.327050279060916,53.676966283750005,14,18913.996761216018,1350.999768658287,329.0732753795546,0.5714285714285714,-2551.2832774359995,-2551.2832774359995,2.969899769200886,70.30380277028571
OTM6_NEXT2_K3M2.5,0.001999333555481506,1.0,0.4523845537736898,273.604761904762,100.0,0.5018327224258581,False,37,75569.65867166744,2042.4232073423632,335.6601880249998,0.6216216216216216,-7112.929640962502,-7112.9296409625,3.3241462649993956,65.68490076574324,12,-4349.123595405109,-362.4269662837591,-370.1346507175001,0.0,-4328.41699577761,-710.5719269275003,-12.327050279060916,53.676966283750005,14,33845.144715752016,2417.51033683943,649.8821113083051,0.6428571428571429,-1435.0834016515,-1435.0834016515003,4.589657822490949,75.36466316057142
OTM6_NEXT2_K3M3,0.001999333555481506,1.0,0.533653411184029,273.604761904762,100.0,0.5018327224258581,False,37,75569.65867166744,2042.4232073423632,335.6601880249998,0.6216216216216216,-7112.929640962502,-7112.9296409625,3.3241462649993956,65.68490076574324,12,-4349.123595405109,-362.4269662837591,-370.1346507175001,0.0,-4328.41699577761,-710.5719269275003,-12.327050279060916,53.676966283750005,14,41212.027795399015,2943.7162710999296,649.8821113083051,0.6428571428571429,-708.4814776034982,-708.4814776034991,4.526825229961694,75.65872890007142
OTM6_NEXT2_K3M4,0.001999333555481506,1.0,0.6477161880480596,273.604761904762,100.0,0.5018327224258581,False,37,75569.65867166744,2042.4232073423632,335.6601880249998,0.6216216216216216,-7112.929640962502,-7112.9296409625,3.3241462649993956,65.68490076574324,12,-4349.123595405109,-362.4269662837591,-370.1346507175001,0.0,-4328.41699577761,-710.5719269275003,-12.327050279060916,53.676966283750005,14,43731.88300085101,3123.705928632215,649.8821113083051,0.6428571428571429,-708.4814776034982,-708.4814776034991,4.348989190374226,75.81192851064286
OTM6_NEXT3_K3M0.5,0.2299233588803732,1.0,0.07606632175564204,273.604761904762,150.0,1.0,False,37,38700.93273393495,1045.971154971215,-1309.2496109425,0.21621621621621623,-20798.019697335,-8706.4099981425,1.05861264416388,58.454520704459455,12,-14754.909676815107,-1229.575806401259,-1084.60341746875,0.0,-12278.567298447608,-2476.3423783675,-18.334278078803482,52.07580640125,14,-24372.44852161149,-1740.8891801151065,-1471.02376619525,0.14285714285714285,-23154.21463967399,-6192.9526350985,-6.801267100507161,61.17489440082142
OTM6_NEXT3_K3M1,0.18060646451182938,1.0,0.28936217010685905,273.604761904762,150.0,1.0,False,37,34391.07537988994,929.4885237808091,-889.8852826,0.21621621621621623,-12859.268488342499,-7064.4548776875,1.3848352770879044,58.788503246216216,12,-11470.83112913261,-955.9025940943842,-922.8151071775002,0.0,-10065.46533530011,-1405.3657938325002,-29.39683311120694,52.465094094375,14,-11239.018098062483,-802.787007004463,-725.2746207072499,0.14285714285714285,-10264.187985337483,-3944.5595158274996,-3.73056588660225,62.465578433035716
OTM6_NEXT3_K3M1.5,0.046317894035321557,1.0,0.4670407195893842,273.604761904762,150.0,1.0,False,37,44037.090868799845,1190.1916451026984,-873.2906946549999,0.2972972972972973,-11548.632807967497,-5173.6539271575,2.003546696711056,61.193490032432436,12,-10965.30022384511,-913.7750186537592,-895.835908195,0.0,-10065.46533530011,-1219.2090718825004,-35.237713905171056,52.52501865375,14,-2521.697280158486,-180.12123429703473,-449.41852342424994,0.42857142857142855,-3106.3575953263908,-2289.0472013209996,-0.9289455586976544,60.08552001132143
OTM6_NEXT3_K3M2,0.05131622792402533,1.0,0.5895538270030427,273.604761904762,150.0,1.0,False,37,42397.28443627734,1145.87255233182,-873.2906946549999,0.2972972972972973,-11548.632807967497,-5173.6539271575,1.961853743740061,62.843663884391894,12,-10965.30022384511,-913.7750186537592,-895.835908195,0.0,-10065.46533530011,-1219.2090718825004,-35.237713905171056,52.52501865375,14,8387.86381816851,599.1331298691792,-449.41852342424994,0.42857142857142855,-3106.3575953263908,-1601.370380347,1.4770146294623958,65.00972727367858
OTM6_NEXT3_K3M2.5,0.05131622792402533,1.0,0.6700515272108996,273.604761904762,150.0,1.0,False,37,42397.28443627734,1145.87255233182,-873.2906946549999,0.2972972972972973,-11548.632807967497,-5173.6539271575,1.961853743740061,62.843663884391894,12,-10965.30022384511,-913.7750186537592,-895.835908195,0.0,-10065.46533530011,-1219.2090718825004,-35.237713905171056,52.52501865375,14,10389.070216944516,742.0764440674654,-449.41852342424994,0.42857142857142855,-3106.3575953263908,-1601.370380347,1.5683392920590844,65.06641307539287
OTM6_NEXT3_K3M3,0.05131622792402533,1.0,0.7250429393424164,273.604761904762,150.0,1.0,False,37,42397.28443627734,1145.87255233182,-873.2906946549999,0.2972972972972973,-11548.632807967497,-5173.6539271575,1.961853743740061,62.843663884391894,12,-10965.30022384511,-913.7750186537592,-895.835908195,0.0,-10065.46533530011,-1219.2090718825004,-35.237713905171056,52.52501865375,14,10389.070216944516,742.0764440674654,-449.41852342424994,0.42857142857142855,-3106.3575953263908,-1601.370380347,1.5683392920590844,65.06641307539287
OTM6_NEXT3_K3M4,0.05131622792402533,1.0,0.7937822045068124,273.604761904762,150.0,1.0,False,37,42397.28443627734,1145.87255233182,-873.2906946549999,0.2972972972972973,-11548.632807967497,-5173.6539271575,1.961853743740061,62.843663884391894,12,-10965.30022384511,-913.7750186537592,-895.835908195,0.0,-10065.46533530011,-1219.2090718825004,-35.237713905171056,52.52501865375,14,10389.070216944516,742.0764440674654,-449.41852342424994,0.42857142857142855,-3106.3575953263908,-1601.370380347,1.5683392920590844,65.06641307539287
OTM6_MIRROR_GAP_K3M0.5,0.3125624791736088,1.0,0.3844530459581003,273.604761904762,269.04761904761904,1.0,False,37,27506.861738995056,743.428695648515,-2316.51763786,0.1891891891891892,-25218.142089797497,-4459.49293302,0.752036258697915,56.23346651364865,12,-22299.624986535113,-1858.3020822112594,-1850.7188626299999,0.0,-19831.74012910261,-2467.8848574325,-25.36789665794407,50.802082211249996,14,-29673.833081209883,-2119.559505800706,-2122.42517054125,0.07142857142857142,-27410.947580424883,-4921.5777985485,-9.898584625673083,61.35236294356429
OTM6_MIRROR_GAP_K3M1,0.3595468177274242,1.0,0.6523390428317346,273.604761904762,269.04761904761904,1.0,False,37,19870.65230824756,537.0446569796638,-2094.575950825,0.1891891891891892,-24735.079224745,-4459.49293302,0.6071811980519801,56.3675051825,12,-22299.624986535113,-1858.3020822112594,-1850.7188626299999,0.0,-19831.74012910261,-2467.8848574325,-25.36789665794407,50.802082211249996,14,-22111.75176168638,-1579.4108401204558,-1634.5140293432496,0.07142857142857142,-19848.86626090138,-3358.760305551999,-10.206619926103228,58.61441154902858
OTM6_MIRROR_GAP_K3M1.5,0.3595468177274242,1.0,0.7667922182034819,273.604761904762,269.04761904761904,1.0,False,37,19870.65230824756,537.0446569796638,-2094.575950825,0.1891891891891892,-24735.079224745,-4459.49293302,0.6071811980519801,56.3675051825,12,-22299.624986535113,-1858.3020822112594,-1850.7188626299999,0.0,-19831.74012910261,-2467.8848574325,-25.36789665794407,50.802082211249996,14,-21352.332001743376,-1525.1665715530983,-1634.5140293432496,0.07142857142857142,-19089.446500958384,-3358.760305551999,-9.41994731144038,58.69157155310001
OTM6_MIRROR_GAP_K3M2,0.3595468177274242,1.0,0.8250941636526112,273.604761904762,269.04761904761904,1.0,False,37,19870.65230824756,537.0446569796638,-2094.575950825,0.1891891891891892,-24735.079224745,-4459.49293302,0.6071811980519801,56.3675051825,12,-22299.624986535113,-1858.3020822112594,-1850.7188626299999,0.0,-19831.74012910261,-2467.8848574325,-25.36789665794407,50.802082211249996,14,-21352.332001743376,-1525.1665715530983,-1634.5140293432496,0.07142857142857142,-19089.446500958384,-3358.760305551999,-9.41994731144038,58.69157155310001
OTM6_MIRROR_GAP_K3M2.5,0.3595468177274242,1.0,0.8600753309220888,273.604761904762,269.04761904761904,1.0,False,37,19870.65230824756,537.0446569796638,-2094.575950825,0.1891891891891892,-24735.079224745,-4459.49293302,0.6071811980519801,56.3675051825,12,-22299.624986535113,-1858.3020822112594,-1850.7188626299999,0.0,-19831.74012910261,-2467.8848574325,-25.36789665794407,50.802082211249996,14,-21352.332001743376,-1525.1665715530983,-1634.5140293432496,0.07142857142857142,-19089.446500958384,-3358.760305551999,-9.41994731144038,58.69157155310001
OTM6_MIRROR_GAP_K3M3,0.3595468177274242,1.0,0.8833961091017408,273.604761904762,269.04761904761904,1.0,False,37,19870.65230824756,537.0446569796638,-2094.575950825,0.1891891891891892,-24735.079224745,-4459.49293302,0.6071811980519801,56.3675051825,12,-22299.624986535113,-1858.3020822112594,-1850.7188626299999,0.0,-19831.74012910261,-2467.8848574325,-25.36789665794407,50.802082211249996,14,-21352.332001743376,-1525.1665715530983,-1634.5140293432496,0.07142857142857142,-19089.446500958384,-3358.760305551999,-9.41994731144038,58.69157155310001
OTM6_MIRROR_GAP_K3M4,0.3595468177274242,1.0,0.9125470818263054,273.604761904762,269.04761904761904,1.0,False,37,19870.65230824756,537.0446569796638,-2094.575950825,0.1891891891891892,-24735.079224745,-4459.49293302,0.6071811980519801,56.3675051825,12,-22299.624986535113,-1858.3020822112594,-1850.7188626299999,0.0,-19831.74012910261,-2467.8848574325,-25.36789665794407,50.802082211249996,14,-21352.332001743376,-1525.1665715530983,-1634.5140293432496,0.07142857142857142,-19089.446500958384,-3358.760305551999,-9.41994731144038,58.69157155310001
OTM7_NEXT1_K3M0.5,0.5988003998667111,1.0,0.04189113940152312,323.604761904762,50.0,1.0,False,37,1974.0299557352246,53.35216096581688,-711.6779128749997,0.1891891891891892,-20296.420853065,-11378.3920866225,0.08784086704865327,59.65459579094593,12,-11768.426138947498,-980.7021782456249,-749.0938392474998,0.0,-9678.8725599725,-2271.321974455,-11.448722119787226,51.639678245625,14,-23358.672055617593,-1668.4765754012567,-907.4821161745,0.0,-22665.962297485094,-6973.8877685315,-6.447272568239556,60.780146829821426
OTM7_NEXT1_K3M1,0.46951016327890704,1.0,0.06005994622649205,323.604761904762,50.0,1.0,False,37,9378.877861860221,253.48318545568165,-347.8535408500006,0.1891891891891892,-19483.54615894,-10985.16137001,0.460126492406447,59.69249022,12,-8398.2201036975,-699.851675308125,-487.87788142375,0.0,-6799.218736520001,-1986.726798145,-8.82526282551398,52.03917530812499,14,-17669.317604763593,-1262.0941146259709,-483.72775867074984,0.0,-17249.969002823593,-6200.767030661499,-5.177946968364216,61.361971768821434
OTM7_NEXT1_K3M1.5,0.2772409196934355,1.0,0.058431591047086555,323.604761904762,50.0,1.0,False,37,19793.282180072718,534.9535724343978,13.431159349999675,0.5405405405405406,-14632.541231552503,-10352.170744537501,1.0405438869350367,60.8910221602027,12,-5159.077636484999,-429.9231363737499,-282.4329960512501,0.16666666666666666,-3990.7137071449997,-1848.1738833625,-5.484694319137322,52.42313637375,14,-11836.923233852094,-845.494516703721,-273.0726806374996,0.14285714285714285,-11743.361215319594,-4828.7879059635,-4.03788358413602,61.815945275142845
OTM7_NEXT1_K3M2,0.00433188937020993,1.0,0.06841000464176596,323.604761904762,50.0,0.9876707764078639,False,37,44172.000645035216,1193.837855271222,373.9234980500002,0.7567567567567568,-5972.0568275775,-5972.0568275775,2.970009277691332,63.12160418824324,12,-2107.168837897499,-175.59740315812493,-66.60212701749988,0.5,-2033.0769761499996,-1653.4508679924998,-2.164697514817686,52.78490315812501,14,-5722.222834887595,-408.73020249197106,106.8037369877501,0.6428571428571429,-7026.032516684595,-3847.5078192415003,-2.155277393968936,60.71234534910714
OTM7_NEXT1_K3M2.5,0.0006664445184938354,1.0,0.09905087269876552,323.604761904762,50.0,0.17994001999333556,False,37,63741.57263275011,1722.7452062905436,760.2797418500007,0.8108108108108109,-5972.0568275775,-5972.0568275775,4.176798148704621,66.00479370945946,12,903.5485535925015,75.29571279937512,156.18051360500024,0.8333333333333334,-1376.3450384274995,-1376.3450384274995,1.0750446141219194,53.141787200625004,14,4250.476113040904,303.60543664577887,355.07558158450024,0.7142857142857143,-3340.849632908499,-3340.8496329084996,1.0388556477204958,65.28742049707144
OTM7_NEXT1_K3M3,0.0003332222592469177,1.0,0.15355790385649604,323.604761904762,50.0,0.16794401866044653,False,37,78392.72530893261,2118.7223056468274,1164.0182728250002,0.8378378378378378,-5972.0568275775,-5972.0568275775,4.6743139224609,66.31147813695947,12,1611.2918209950012,134.2743184162501,222.6322314274999,0.8333333333333334,-1376.3450384274995,-1376.3450384274995,1.8513399185963728,53.22568158375,14,9473.154123166905,676.6538659404932,506.0092596759529,0.7857142857142857,-2953.9791855634994,-2953.9791855634994,2.0738566906509415,64.13184834521428
OTM7_NEXT1_K3M4,0.0003332222592469177,1.0,0.29075238310625323,323.604761904762,50.0,0.16794401866044653,False,37,91184.1857814776,2464.437453553449,1167.0264714499995,0.8378378378378378,-5972.0568275775,-5972.0568275775,4.65396186030842,66.10308698709458,12,2734.693832745001,227.8911527287501,286.9257346887501,0.9166666666666666,-1376.3450384274995,-1376.3450384274995,2.8546981738616837,53.35884727125,14,24007.361817044402,1714.8115583603144,584.2185991309998,0.7857142857142857,-1967.8765743555014,-1967.8765743555005,3.58966169281726,68.99201306825
OTM7_NEXT2_K3M0.5,0.5838053982005998,1.0,0.05092843239489062,323.604761904762,100.0,1.0,False,37,918.7009215977178,24.829754637776155,-988.14174775,0.1891891891891892,-23267.283100802495,-8814.73914615,0.04270709066277042,58.785110227094606,12,-11977.46662704,-998.1222189199999,-849.7194410874998,0.0,-9959.931795762497,-2017.5348312775,-16.02968627633494,51.24721892,14,-23541.071458695995,-1681.505104192571,-1174.9604175304999,0.0,-22709.871927575994,-5814.344399391499,-8.127613407207313,60.06581847827857
OTM7_NEXT2_K3M1,0.12029323558813729,1.0,0.08768732585328497,323.604761904762,100.0,1.0,False,37,42084.520592930116,1137.4194754845978,-372.06382194999975,0.21621621621621623,-7930.700762662502,-6496.187592915,1.5903557920578093,57.71565965054054,12,-6244.3716937425,-520.3643078118749,-380.9196625149999,0.0,-5095.601084885,-1281.3881949100003,-10.579336465280134,51.926807811874994,14,-12605.421327087093,-900.3872376490781,-399.36437094800004,0.0,-12343.412148587093,-3893.4335866289994,-5.498670577714588,61.065809077642875
OTM7_NEXT2_K3M1.5,0.004998333888703766,1.0,0.22694319980313107,323.604761904762,100.0,1.0,False,37,50877.93848077251,1375.079418399257,154.6721262800003,0.5675675675675675,-4043.7454161900023,-4043.7454161900005,3.2003400454119664,63.09625727641893,12,-4387.0137009825,-365.58447508187504,-300.17766509125,0.0,-4028.3691737225004,-1281.3881949100003,-8.510367307293759,52.146975081875006,14,-4364.886261450594,-311.7775901036139,-80.9626127345,0.5,-4121.319257166595,-2691.7431094484996,-2.1576248283166946,58.616875817892875
OTM7_NEXT2_K3M2,0.001999333555481506,1.0,0.3587513227679965,323.604761904762,100.0,0.5018327224258581,False,37,61805.176338440004,1670.4101713091893,154.6721262800003,0.5675675675675675,-4043.7454161899987,-4043.7454161900005,3.584682829650888,63.00199085297298,12,-3881.482795695,-323.45689964125,-292.21124700624995,0.08333333333333333,-4028.3691737225,-1281.3881949100003,-6.793197784320495,52.206899641250004,14,7443.320984132406,531.6657845808861,-80.9626127345,0.5,-1705.6404982405002,-1705.6404982405004,1.8135803622755653,63.42350113339286
OTM7_NEXT2_K3M2.5,0.0016661112962345886,1.0,0.46425833170374564,323.604761904762,100.0,0.4265244918360547,False,37,67681.06952495,1829.218095268919,154.6721262800003,0.5675675675675675,-4043.7454161900023,-4043.7454161900005,3.597595146475958,63.011634460810825,12,-3881.482795695,-323.45689964125,-292.21124700624995,0.08333333333333333,-4028.3691737225,-1281.3881949100003,-6.793197784320495,52.206899641250004,14,19762.137226151906,1411.581230439422,-80.9626127345,0.5,-1523.3930800795,-1118.5201935409996,2.982023521784531,68.20448384628573
OTM7_NEXT2_K3M3,0.0016661112962345886,1.0,0.5439123668440455,323.604761904762,100.0,0.4265244918360547,False,37,67681.06952495,1829.218095268919,154.6721262800003,0.5675675675675675,-4043.7454161900023,-4043.7454161900005,3.597595146475958,63.011634460810825,12,-3881.482795695,-323.45689964125,-292.21124700624995,0.08333333333333333,-4028.3691737225,-1281.3881949100003,-6.793197784320495,52.206899641250004,14,32810.4497079684,2343.6035505691716,282.1608564382498,0.5714285714285714,-1523.3930800795,-845.92565743,3.997220790523508,72.8785922879643
OTM7_NEXT2_K3M4,0.0016661112962345886,1.0,0.6563536057250668,323.604761904762,100.0,0.4265244918360547,False,37,67681.06952495,1829.218095268919,154.6721262800003,0.5675675675675675,-4043.7454161900023,-4043.7454161900005,3.597595146475958,63.011634460810825,12,-3881.482795695,-323.45689964125,-292.21124700624995,0.08333333333333333,-4028.3691737225,-1281.3881949100003,-6.793197784320495,52.206899641250004,14,34963.51645961591,2497.3940328297076,282.1608564382498,0.5714285714285714,-1523.3930800795,-845.92565743,3.8761497178858817,72.99882431314286
OTM7_NEXT3_K3M0.5,0.19060313228923692,1.0,0.0687960147699973,323.604761904762,150.0,1.0,False,37,40690.0752815126,1099.7317643652054,-1075.478839525,0.1891891891891892,-16018.241852155,-5597.3665658475,1.1473712286787148,55.97769509425675,12,-12701.260258649998,-1058.4383548874998,-988.2513086049998,0.0,-10721.740437252498,-1979.5198213974995,-21.127395510442632,50.9383548875,14,-23715.8181113471,-1693.9870079533644,-1316.1113760082972,0.0,-22708.682073514596,-4726.751786505501,-10.108297518636233,59.487007953357136
OTM7_NEXT3_K3M1,0.10863045651449517,1.0,0.29346498031951035,323.604761904762,150.0,1.0,False,37,42382.15885903011,1145.4637529467598,-780.9437074749999,0.21621621621621623,-9663.500500922499,-4191.4292814,1.733472076888494,56.25922002621621,12,-9319.8202032825,-776.6516836068749,-723.3994216112499,0.0,-8647.191388887497,-1257.9940750149997,-29.986419772313443,51.339183606875004,14,-12504.539230844599,-893.1813736317571,-607.26426937175,0.0,-11695.8708817546,-2624.8799648405,-8.765862286347678,57.27065934603571
OTM7_NEXT3_K3M1.5,0.10996334555148284,1.0,0.47570669803761334,323.604761904762,150.0,1.0,False,37,35445.612414395,957.9895247133784,-780.9437074749999,0.2702702702702703,-9083.076128185,-3642.90722437,1.7149548498122509,58.76723204337838,12,-9319.8202032825,-776.6516836068749,-723.3994216112499,0.0,-8647.191388887497,-1257.9940750149997,-29.986419772313443,51.339183606875004,14,-5223.356081006595,-373.09686292904246,-548.9446498967501,0.2857142857142857,-4414.687731916595,-1638.7773536324992,-3.2266925180739134,58.11472007189286
OTM7_NEXT3_K3M2,0.10996334555148284,1.0,0.596177042766713,323.604761904762,150.0,1.0,False,37,35445.612414395,957.9895247133784,-780.9437074749999,0.2702702702702703,-9083.076128185,-3642.90722437,1.7149548498122509,58.76723204337838,12,-9319.8202032825,-776.6516836068749,-723.3994216112499,0.0,-8647.191388887497,-1257.9940750149997,-29.986419772313443,51.339183606875004,14,5670.334803987407,405.0239145705291,-548.9446498967501,0.2857142857142857,-3806.8805886759997,-1051.6570489330002,0.9966997186021489,62.779656858035715
OTM7_NEXT3_K3M2.5,0.10996334555148284,1.0,0.6759629511537623,323.604761904762,150.0,1.0,False,37,35445.612414395,957.9895247133784,-780.9437074749999,0.2702702702702703,-9083.076128185,-3642.90722437,1.7149548498122509,58.76723204337838,12,-9319.8202032825,-776.6516836068749,-723.3994216112499,0.0,-8647.191388887497,-1257.9940750149997,-29.986419772313443,51.339183606875004,14,5670.334803987407,405.0239145705291,-548.9446498967501,0.2857142857142857,-3806.8805886759997,-1051.6570489330002,0.9966997186021489,62.779656858035715
OTM7_NEXT3_K3M3,0.10996334555148284,1.0,0.7299691259614686,323.604761904762,150.0,1.0,False,37,35445.612414395,957.9895247133784,-780.9437074749999,0.2702702702702703,-9083.076128185,-3642.90722437,1.7149548498122509,58.76723204337838,12,-9319.8202032825,-776.6516836068749,-723.3994216112499,0.0,-8647.191388887497,-1257.9940750149997,-29.986419772313443,51.339183606875004,14,5670.334803987407,405.0239145705291,-548.9446498967501,0.2857142857142857,-3806.8805886759997,-1051.6570489330002,0.9966997186021489,62.779656858035715
OTM7_NEXT3_K3M4,0.10996334555148284,1.0,0.797476844471101,323.604761904762,150.0,1.0,False,37,35445.612414395,957.9895247133784,-780.9437074749999,0.2702702702702703,-9083.076128185,-3642.90722437,1.7149548498122509,58.76723204337838,12,-9319.8202032825,-776.6516836068749,-723.3994216112499,0.0,-8647.191388887497,-1257.9940750149997,-29.986419772313443,51.339183606875004,14,5670.334803987407,405.0239145705291,-548.9446498967501,0.2857142857142857,-3806.8805886759997,-1051.6570489330002,0.9966997186021489,62.779656858035715
OTM7_MIRROR_GAP_K3M0.5,0.3255581472842386,1.0,0.4864477595286792,323.604761904762,319.04761904761904,1.0,False,37,22859.26269475533,617.8179106690629,-2086.7174741575,0.1891891891891892,-24048.79321855,-3337.952270485,0.6471252639919398,54.242900141756756,12,-20625.2680052625,-1718.772333771875,-1592.97396373375,0.0,-18054.966760384996,-2570.3012448775,-31.259992804990535,49.709833771875,14,-30788.451986884596,-2199.1751419203283,-1984.7614175095473,0.0,-28860.217504232096,-3453.4665557295007,-19.898679947097595,57.83585620603571
OTM7_MIRROR_GAP_K3M1,0.34221926024658444,1.0,0.7322976551256257,323.604761904762,319.04761904761904,1.0,False,37,19727.173630747835,533.1668548850766,-2086.7174741575,0.1891891891891892,-24048.79321855,-3337.952270485,0.583381575615817,54.26557754736486,12,-20625.2680052625,-1718.772333771875,-1592.97396373375,0.0,-18054.966760384996,-2570.3012448775,-31.259992804990535,49.709833771875,14,-28696.095584685096,-2049.7211131917925,-1893.9864131537497,0.0,-26767.861102032595,-3354.2912193719994,-21.695293585302583,56.256827477499996
OTM7_MIRROR_GAP_K3M1.5,0.34221926024658444,1.0,0.8215317700837504,323.604761904762,319.04761904761904,1.0,False,37,19727.173630747835,533.1668548850766,-2086.7174741575,0.1891891891891892,-24048.79321855,-3337.952270485,0.583381575615817,54.26557754736486,12,-20625.2680052625,-1718.772333771875,-1592.97396373375,0.0,-18054.966760384996,-2570.3012448775,-31.259992804990535,49.709833771875,14,-28696.095584685096,-2049.7211131917925,-1893.9864131537497,0.0,-26767.861102032595,-3354.2912193719994,-21.695293585302583,56.256827477499996
OTM7_MIRROR_GAP_K3M2,0.34221926024658444,1.0,0.8661488275628126,323.604761904762,319.04761904761904,1.0,False,37,19727.173630747835,533.1668548850766,-2086.7174741575,0.1891891891891892,-24048.79321855,-3337.952270485,0.583381575615817,54.26557754736486,12,-20625.2680052625,-1718.772333771875,-1592.97396373375,0.0,-18054.966760384996,-2570.3012448775,-31.259992804990535,49.709833771875,14,-28696.095584685096,-2049.7211131917925,-1893.9864131537497,0.0,-26767.861102032595,-3354.2912193719994,-21.695293585302583,56.256827477499996
OTM7_MIRROR_GAP_K3M2.5,0.34221926024658444,1.0,0.8929190620502502,323.604761904762,319.04761904761904,1.0,False,37,19727.173630747835,533.1668548850766,-2086.7174741575,0.1891891891891892,-24048.79321855,-3337.952270485,0.583381575615817,54.26557754736486,12,-20625.2680052625,-1718.772333771875,-1592.97396373375,0.0,-18054.966760384996,-2570.3012448775,-31.259992804990535,49.709833771875,14,-28696.095584685096,-2049.7211131917925,-1893.9864131537497,0.0,-26767.861102032595,-3354.2912193719994,-21.695293585302583,56.256827477499996
OTM7_MIRROR_GAP_K3M3,0.34221926024658444,1.0,0.9107658850418754,323.604761904762,319.04761904761904,1.0,False,37,19727.173630747835,533.1668548850766,-2086.7174741575,0.1891891891891892,-24048.79321855,-3337.952270485,0.583381575615817,54.26557754736486,12,-20625.2680052625,-1718.772333771875,-1592.97396373375,0.0,-18054.966760384996,-2570.3012448775,-31.259992804990535,49.709833771875,14,-28696.095584685096,-2049.7211131917925,-1893.9864131537497,0.0,-26767.861102032595,-3354.2912193719994,-21.695293585302583,56.256827477499996
OTM7_MIRROR_GAP_K3M4,0.34221926024658444,1.0,0.9330744137814067,323.604761904762,319.04761904761904,1.0,False,37,19727.173630747835,533.1668548850766,-2086.7174741575,0.1891891891891892,-24048.79321855,-3337.952270485,0.583381575615817,54.26557754736486,12,-20625.2680052625,-1718.772333771875,-1592.97396373375,0.0,-18054.966760384996,-2570.3012448775,-31.259992804990535,49.709833771875,14,-28696.095584685096,-2049.7211131917925,-1893.9864131537497,0.0,-26767.861102032595,-3354.2912193719994,-21.695293585302583,56.256827477499996
OTM8_NEXT1_K3M0.5,0.789736754415195,1.0,0.04177696160269933,373.604761904762,50.0,1.0,False,37,-15611.120394584781,-421.9221728266157,-618.9388114824998,0.16216216216216217,-29821.394560169996,-21005.075002005,-0.6073402701941606,57.76676742121622,12,-8696.0892015975,-724.6741001331251,-564.26483479,0.0,-7129.61298773,-1566.4762138675005,-12.858319991731449,50.611600133125,14,-19355.845153708502,-1382.560368122036,-769.6459102737499,0.0,-18772.8323969135,-4710.2938220020005,-7.287075046024999,59.04251097917857
OTM8_NEXT1_K3M1,0.7624125291569477,1.0,0.05059991870729307,373.604761904762,50.0,1.0,False,37,-12088.762088894786,-326.72329969985907,-332.7036460749998,0.16216216216216217,-29117.99988862,-19714.992376485,-0.5336136552411999,57.534110510675674,12,-6400.604424254999,-533.3837020212499,-406.2378673599999,0.0,-5159.914793794998,-1332.929636995,-10.114241410888381,50.88370202125001,14,-14362.299771771,-1025.8785551265,-445.7835152174998,0.0,-13985.2440504635,-4002.068444064,-5.919870830208957,57.84284084078571
OTM8_NEXT1_K3M1.5,0.10663112295901367,1.0,0.058120697115369636,373.604761904762,50.0,1.0,False,37,46412.144976335105,1254.3822966577056,-29.418484104999894,0.43243243243243246,-6971.8496223549955,-6671.6763633225,1.6165062544329638,57.10418982878378,12,-3805.545777112499,-317.1288147593749,-235.85522891124998,0.0,-3047.9190117049993,-1141.9512949974999,-7.057045959799498,51.191314759375,14,-9510.307888635001,-679.3077063310715,-171.64083158724992,0.14285714285714285,-9361.677243050002,-3214.9049940055,-4.336844818123907,56.629134902500006
OTM8_NEXT1_K3M2,0.05731422859046984,1.0,0.06923088937766005,373.604761904762,50.0,1.0,False,37,46904.43674966511,1267.6874797206788,264.8812777324996,0.7837837837837838,-5925.424414950001,-5925.424414949999,2.1098679891145604,59.609817576621616,12,-1236.6998435774992,-103.05832029812494,-9.79008484749993,0.5,-1016.2819834799999,-1003.398380215,-2.1423617451388814,51.49582029812499,14,-5328.485376444,-380.6060983174286,39.32675521875012,0.6428571428571429,-6662.075123913002,-2747.8037571175,-2.520436510683482,57.106098317428575
OTM8_NEXT1_K3M2.5,0.01866044651782739,1.0,0.09809616502463057,373.604761904762,50.0,1.0,False,37,56678.04564949249,1531.839071607905,612.81858305,0.8108108108108109,-5486.786274127502,-5486.7862741275,2.846011246986823,61.10011758128378,12,583.2114154574997,48.600951288124975,137.35715809250019,0.75,-808.6753648450001,-808.6753648450001,1.1348524857224562,51.711548711875004,14,-1734.4969587355001,-123.89263990967858,262.29023022599984,0.7142857142857143,-5367.8154467025015,-2442.8904497045,-0.8183123208677231,57.517639909678564
OTM8_NEXT1_K3M3,0.0003332222592469177,1.0,0.1632207435206641,373.604761904762,50.0,0.16794401866044653,False,37,74760.73449652999,2020.5603917981077,976.2920452025,0.8378378378378378,-3457.0311326200026,-3457.0311326200003,4.210342211902545,62.007175769459465,12,1721.5921206974997,143.46601005812497,172.9096379675,0.8333333333333334,-808.6753648450001,-808.6753648450001,3.1207649221850278,51.84648994187501,14,7503.843375046999,535.988812503357,317.6210612227501,0.7142857142857143,-2404.6055413060003,-1709.8010084775,2.0603933526543745,61.79690178235715
OTM8_NEXT1_K3M4,0.0003332222592469177,1.0,0.29822394812713865,373.604761904762,50.0,0.16794401866044653,False,37,77857.4238961775,2104.254699896689,976.2920452025,0.8378378378378378,-3457.0311326200026,-3457.0311326200003,4.806833776157253,61.82638118439189,12,2683.973177429999,223.6644314524999,224.25200093375005,0.8333333333333334,-808.6753648450001,-808.6753648450001,3.8213185535501375,51.960568547499996,14,15244.363552865998,1088.8831109189998,317.6210612227501,0.7857142857142857,-1200.5309099260012,-1200.5309099260005,3.338440258433825,62.33117479528572
OTM8_NEXT2_K3M0.5,0.1792735754748417,1.0,0.05412280179589774,373.604761904762,100.0,1.0,False,37,44103.89598816283,1191.9971888692658,-730.4712354249999,0.1891891891891892,-12083.018627350002,-5048.5572121125,1.1961645536267898,55.33389221182432,12,-9131.542983525,-760.9619152937499,-665.1956219724998,0.0,-7576.869065929999,-1554.6739175950001,-17.846954766943597,50.33691529375,14,-19809.0425112145,-1414.9316079438927,-1011.5295992362505,0.0,-19057.582594452,-3808.2041791255,-9.358138285135325,56.77089365817857
OTM8_NEXT2_K3M1,0.10196601132955681,1.0,0.07459747691946862,373.604761904762,100.0,1.0,False,37,46583.0573631801,1259.001550356219,-322.19767870000044,0.21621621621621623,-5413.502855160001,-3799.806041475,1.6937064539373483,56.64034153567567,12,-4458.190614644999,-371.5158845537499,-288.36835306375013,0.0,-3622.493984569999,-835.6966300750001,-12.628459049443162,50.89088455375,14,-11347.3022027625,-810.5215859116071,-412.1005959300004,0.0,-11093.883844542499,-2920.9787481325006,-6.474813225309555,56.00372876874999
OTM8_NEXT2_K3M1.5,0.040986337887370876,1.0,0.22060532295407018,373.604761904762,100.0,1.0,False,37,47812.1611142951,1292.2205706566244,-30.074081650000316,0.4864864864864865,-3237.0021758349976,-3237.002175835,2.355136055852141,56.05645637040541,12,-3211.2143816024995,-267.60119846687496,-244.83455369499998,0.0,-2989.6441846174994,-785.2812449499997,-10.738738697297507,51.038698466875,14,-4335.546015853003,-309.6818582752145,-171.5681053647499,0.35714285714285715,-4584.1122935475005,-2032.1888946095005,-2.7076698325152386,56.824715418071435
OTM8_NEXT2_K3M2,0.003332222592469177,1.0,0.3577323777453112,373.604761904762,100.0,0.7864045318227258,False,37,62057.23210106249,1677.2224892179051,47.641111842499896,0.5135135135135135,-2657.1215523924984,-2657.1215523925,3.4368106296682788,59.027510782094595,12,-2754.3642301574996,-229.53035251312497,-244.83455369499998,0.08333333333333333,-2989.6441846174994,-785.2812449499997,-7.155473465948386,51.092852513124996,14,5525.593406373497,394.68524331239263,-171.5681053647499,0.35714285714285715,-1603.574210531001,-1133.6677653180009,1.737336684823554,61.18975668760714
OTM8_NEXT2_K3M2.5,0.003998667110963012,1.0,0.4641165335312168,373.604761904762,100.0,0.9276907697434188,False,37,56533.83025257749,1527.94135817777,47.641111842499896,0.5135135135135135,-2657.1215523924984,-2657.1215523925,3.450738089112652,59.018101281689184,12,-2754.3642301574996,-229.53035251312497,-244.83455369499998,0.08333333333333333,-2989.6441846174994,-785.2812449499997,-7.155473465948386,51.092852513124996,14,17260.805198106995,1232.9146570076425,-78.4060053954999,0.35714285714285715,-996.4048007290003,-504.42446777800006,3.0570131764477098,65.87105727807143
OTM8_NEXT2_K3M3,0.003998667110963012,1.0,0.5466924259415147,373.604761904762,100.0,0.9276907697434188,False,37,56533.83025257749,1527.94135817777,47.641111842499896,0.5135135135135135,-2657.1215523924984,-2657.1215523925,3.450738089112652,59.018101281689184,12,-2754.3642301574996,-229.53035251312497,-244.83455369499998,0.08333333333333333,-2989.6441846174994,-785.2812449499997,-7.155473465948386,51.092852513124996,14,18756.005399341997,1339.7146713815712,-78.4060053954999,0.35714285714285715,-996.4048007290003,-504.42446777800006,2.9724864172882133,65.85675718985713
OTM8_NEXT2_K3M4,0.003998667110963012,1.0,0.6585087454380092,373.604761904762,100.0,0.9276907697434188,False,37,56533.83025257749,1527.94135817777,47.641111842499896,0.5135135135135135,-2657.1215523924984,-2657.1215523925,3.450738089112652,59.018101281689184,12,-2754.3642301574996,-229.53035251312497,-244.83455369499998,0.08333333333333333,-2989.6441846174994,-785.2812449499997,-7.155473465948386,51.092852513124996,14,20357.675630899495,1454.1196879213926,-78.4060053954999,0.35714285714285715,-996.4048007290003,-504.42446777800006,2.8891792636916054,65.89816922146429
OTM8_NEXT3_K3M0.5,0.16794401866044653,1.0,0.06144973950421188,373.604761904762,150.0,1.0,False,37,44202.46564551021,1194.661233662438,-925.8196183975003,0.21621621621621623,-12882.047772182501,-3481.9897658799996,1.2392126980883191,54.291469040270265,12,-9912.5380317075,-826.044835975625,-777.4446183325,0.0,-8354.519338774997,-1558.0186929325002,-22.23061473561603,50.107335975625006,14,-20735.8596862035,-1481.1328347288215,-1217.5567342805,0.0,-19924.506042746,-3302.970059157,-11.235683803432337,56.293549014535714
OTM8_NEXT3_K3M1,0.1036321226257914,1.0,0.28564511466062137,373.604761904762,150.0,1.0,False,37,41150.18199717021,1112.1670810046003,-645.0813675399999,0.21621621621621623,-7804.235445257502,-2856.6293126725,1.7256119638449765,54.386973049459456,12,-7471.0109928375,-622.584249403125,-614.8810671137501,0.0,-6624.48024068,-846.5307521575003,-34.304024255423634,50.396749403125,14,-10545.735398419401,-753.2668141728144,-516.6564659817502,0.0,-9861.700649626902,-2043.5612221995,-8.52473786186114,55.80967131567143
OTM8_NEXT3_K3M1.5,0.10596467844051982,1.0,0.4721795207551945,373.604761904762,150.0,1.0,False,37,32896.21899899272,889.0869999727762,-645.0813675399999,0.2702702702702703,-7321.172580205002,-2545.8214227549997,1.7141542762778443,54.29137840560811,12,-7137.735062685,-594.81125522375,-580.05648596125,0.0,-6624.48024068,-825.9254231574998,-37.89120670735872,50.43625522375,14,-4364.573160421899,-311.75522574442135,-414.239949809,0.21428571428571427,-3680.5384116293994,-1187.8173118275006,-3.341416226760901,56.53022574442143
OTM8_NEXT3_K3M2,0.10596467844051982,1.0,0.5947114261616485,373.604761904762,150.0,1.0,False,37,32896.21899899272,889.0869999727762,-645.0813675399999,0.2702702702702703,-7321.172580205002,-2545.8214227549997,1.7141542762778443,54.29137840560811,12,-7137.735062685,-594.81125522375,-580.05648596125,0.0,-6624.48024068,-825.9254231574998,-37.89120670735872,50.43625522375,14,4485.909126258099,320.42208044700703,-414.239949809,0.21428571428571427,-2757.6521322899002,-1187.8173118275006,0.8743608612359263,60.88863383870714
OTM8_NEXT3_K3M2.5,0.10596467844051982,1.0,0.6755539135954474,373.604761904762,150.0,1.0,False,37,32896.21899899272,889.0869999727762,-645.0813675399999,0.2702702702702703,-7321.172580205002,-2545.8214227549997,1.7141542762778443,54.29137840560811,12,-7137.735062685,-594.81125522375,-580.05648596125,0.0,-6624.48024068,-825.9254231574998,-37.89120670735872,50.43625522375,14,4485.909126258099,320.42208044700703,-414.239949809,0.21428571428571427,-2757.6521322899002,-1187.8173118275006,0.8743608612359263,60.88863383870714
OTM8_NEXT3_K3M3,0.10596467844051982,1.0,0.7296282613295393,373.604761904762,150.0,1.0,False,37,32896.21899899272,889.0869999727762,-645.0813675399999,0.2702702702702703,-7321.172580205002,-2545.8214227549997,1.7141542762778443,54.29137840560811,12,-7137.735062685,-594.81125522375,-580.05648596125,0.0,-6624.48024068,-825.9254231574998,-37.89120670735872,50.43625522375,14,4485.909126258099,320.42208044700703,-414.239949809,0.21428571428571427,-2757.6521322899002,-1187.8173118275006,0.8743608612359263,60.88863383870714
OTM8_NEXT3_K3M4,0.10596467844051982,1.0,0.7972211959971546,373.604761904762,150.0,1.0,False,37,32896.21899899272,889.0869999727762,-645.0813675399999,0.2702702702702703,-7321.172580205002,-2545.8214227549997,1.7141542762778443,54.29137840560811,12,-7137.735062685,-594.81125522375,-580.05648596125,0.0,-6624.48024068,-825.9254231574998,-37.89120670735872,50.43625522375,14,4485.909126258099,320.42208044700703,-414.239949809,0.21428571428571427,-2757.6521322899002,-1187.8173118275006,0.8743608612359263,60.88863383870714
OTM8_MIRROR_GAP_K3M0.5,0.20059980006664446,1.0,0.5568597656460427,373.604761904762,369.04761904761904,1.0,False,37,44428.52502964283,1200.7709467471034,-1801.163905075,0.21621621621621623,-21831.3656275525,-3133.2300078775,1.115863681530798,50.3101343339865,12,-17376.9682379775,-1448.080686498125,-1397.2266481337501,0.0,-14890.97913992,-2485.9890980574996,-24.27172582682241,49.018186498125,14,,,,0.0,,-3863.5413999865,,
OTM8_MIRROR_GAP_K3M1,0.19926691102965677,1.0,0.7743291358964256,373.604761904762,369.04761904761904,1.0,False,37,44645.76051049282,1206.6421759592654,-1801.163905075,0.21621621621621623,-21831.365627552503,-3133.2300078775,1.121297810979447,50.317283500202706,12,-17376.9682379775,-1448.080686498125,-1397.2266481337501,0.0,-14890.97913992,-2485.9890980574996,-24.27172582682241,49.018186498125,14,,,,0.0,,-3863.5413999865,,
OTM8_MIRROR_GAP_K3M1.5,0.19926691102965677,1.0,0.8495527572642836,373.604761904762,369.04761904761904,1.0,False,37,44645.76051049282,1206.6421759592654,-1801.163905075,0.21621621621621623,-21831.365627552503,-3133.2300078775,1.121297810979447,50.317283500202706,12,-17376.9682379775,-1448.080686498125,-1397.2266481337501,0.0,-14890.97913992,-2485.9890980574996,-24.27172582682241,49.018186498125,14,,,,0.0,,-3863.5413999865,,
OTM8_MIRROR_GAP_K3M2,0.19926691102965677,1.0,0.8871645679482127,373.604761904762,369.04761904761904,1.0,False,37,44645.76051049282,1206.6421759592654,-1801.163905075,0.21621621621621623,-21831.365627552503,-3133.2300078775,1.121297810979447,50.317283500202706,12,-17376.9682379775,-1448.080686498125,-1397.2266481337501,0.0,-14890.97913992,-2485.9890980574996,-24.27172582682241,49.018186498125,14,,,,0.0,,-3863.5413999865,,
OTM8_MIRROR_GAP_K3M2.5,0.19926691102965677,1.0,0.9097316543585704,373.604761904762,369.04761904761904,1.0,False,37,44645.76051049282,1206.6421759592654,-1801.163905075,0.21621621621621623,-21831.365627552503,-3133.2300078775,1.121297810979447,50.317283500202706,12,-17376.9682379775,-1448.080686498125,-1397.2266481337501,0.0,-14890.97913992,-2485.9890980574996,-24.27172582682241,49.018186498125,14,,,,0.0,,-3863.5413999865,,
OTM8_MIRROR_GAP_K3M3,0.19926691102965677,1.0,0.9247763786321417,373.604761904762,369.04761904761904,1.0,False,37,44645.76051049282,1206.6421759592654,-1801.163905075,0.21621621621621623,-21831.365627552503,-3133.2300078775,1.121297810979447,50.317283500202706,12,-17376.9682379775,-1448.080686498125,-1397.2266481337501,0.0,-14890.97913992,-2485.9890980574996,-24.27172582682241,49.018186498125,14,,,,0.0,,-3863.5413999865,,
OTM8_MIRROR_GAP_K3M4,0.19926691102965677,1.0,0.9435822839741065,373.604761904762,369.04761904761904,1.0,False,37,44645.76051049282,1206.6421759592654,-1801.163905075,0.21621621621621623,-21831.365627552503,-3133.2300078775,1.121297810979447,50.317283500202706,12,-17376.9682379775,-1448.080686498125,-1397.2266481337501,0.0,-14890.97913992,-2485.9890980574996,-24.27172582682241,49.018186498125,14,,,,0.0,,-3863.5413999865,,
ATM_NEAREST_NEXT1_K3M0.5,0.9926691102965678,1.0,0.057651094307349174,12.257142857142812,50.0,1.0,False,37,-177824.7604052897,-4806.0746055483705,-2677.3760370775008,0.24324324324324326,-182870.09785658974,-57957.776255595,-2.2522739492504877,91.91920014297298,12,-59917.2793052951,-4993.106608774592,-2264.938398385027,0.16666666666666666,-59202.8275032826,-20002.7289806475,-4.044080326572986,85.29410877458334,14,-32280.849475016388,-2305.7749625011706,-1650.9308651552506,0.21428571428571427,-32548.144749156792,-14935.5438988815,-2.5460570751211447,88.39996250117858
ATM_NEAREST_NEXT1_K3M1,0.04565144951682772,1.0,0.059761442281556304,12.257142857142812,50.0,1.0,False,37,69916.69597469528,1889.640431748521,-366.9211970499445,0.43243243243243246,-20389.922336524996,-17067.98692245,1.7255321491798135,91.47443311635135,12,-40113.87790249761,-3342.8231585414674,-1227.6638742025268,0.4166666666666667,-40444.18997141261,-17932.1882651625,-2.7202283800382703,86.57315854145834,14,-15277.381243671387,-1091.241517405099,-668.8109579387497,0.2857142857142857,-22072.504327727296,-14095.400869201001,-1.2369419833137287,87.9379459765357
ATM_NEAREST_NEXT1_K3M1.5,0.0003332222592469177,1.0,0.05759289138669575,12.257142857142812,50.0,0.16794401866044653,False,37,108324.84424081512,2927.698492995003,677.1166155500008,0.6756756756756757,-16404.999536925003,-16404.999536925003,3.2453279408839713,96.32177727527028,12,-23303.933002082613,-1941.9944168402178,-315.8359079987771,0.4166666666666667,-28415.92241456005,-15431.526928365,-1.6119853432790114,87.61941684020833,14,-5381.968139617004,-384.4262956869289,374.9241581342503,0.6428571428571429,-17980.676693760914,-13141.711956388002,-0.4591139899953649,87.69415282978571
ATM_NEAREST_NEXT1_K3M2,0.0003332222592469177,1.0,0.058617068535690466,12.257142857142812,50.0,0.16794401866044653,False,37,174296.7871873825,4710.723978037365,4254.372214549999,0.8108108108108109,-15945.217315650001,-15945.217315650001,5.400423837956641,99.71521115182433,12,1809.4776035600044,150.78980029666704,1218.4724344174738,0.6666666666666666,-21770.3619050875,-13808.329994302501,0.13138575404921782,91.39769970333333,14,6802.111007682503,485.8650719773217,774.6966757722503,0.6428571428571429,-12239.932736007,-12239.932736007,0.5977216043510206,89.24207087982141
ATM_NEAREST_NEXT1_K3M2.5,0.0003332222592469177,1.0,0.052566390509224376,12.257142857142812,50.0,0.16794401866044653,False,37,219927.38129031006,5943.983278116488,5138.875075400002,0.9459459459459459,-13589.8972116,-13589.897211600002,6.9346907258485,104.25996512675677,12,31743.130085584944,2645.260840465412,2827.7061604887767,0.75,-18850.759915014998,-10404.910963439997,2.4742414828873835,95.67665953458334,14,43105.838156519494,3078.9884397513924,2389.9873719375,0.7857142857142857,-11694.976515471002,-11694.976515471002,3.265378635127387,106.97584596289286
ATM_NEAREST_NEXT1_K3M3,0.0003332222592469177,1.0,0.05489386295269838,12.257142857142812,50.0,0.16794401866044653,False,37,280443.45595717756,7579.552863707501,10232.515013625,0.972972972972973,-11692.64473755,-11692.64473755,8.597879791987985,106.7309200762838,12,56415.62991129,4701.3024926075,5525.696753318778,0.8333333333333334,-14460.401292662498,-8076.169409077498,4.718160917828719,100.57250739250001,14,72679.83600967059,5191.416857833613,5163.864539876047,0.8571428571428571,-11052.712314750002,-11052.71231475,5.291099943139538,112.94028502353571
ATM_NEAREST_NEXT1_K3M4,0.0003332222592469177,1.0,0.09222382284172599,12.257142857142812,50.0,0.16794401866044653,False,37,366355.1153407176,9901.489603803178,11151.695775937502,1.0,0.0,526.6087949749983,11.660190947871977,110.60499079141893,12,80403.48769282753,6700.290641068961,6591.956705262499,0.8333333333333334,-8413.236638934999,-5882.575487452501,6.6174784366248725,105.64685893104166,14,106337.0306839511,7595.502191710793,10169.373772671548,0.8571428571428571,-9521.639150506002,-9521.639150506002,7.1724571358714355,116.26566543207142
ATM_NEAREST_NEXT2_K3M0.5,0.9586804398533822,1.0,0.059712619396025644,12.257142857142812,100.0,1.0,False,37,-104333.60598556724,-2819.8271887991145,-2191.6074133,0.24324324324324326,-113681.0299483924,-52330.0342153575,-1.422520447354351,89.42178339371621,12,-36156.05197273272,-3013.00433106106,-1409.9417818187778,0.4166666666666667,-37198.737707350214,-16014.375523912498,-2.653808675625865,77.37933106104167,14,-26319.201677107383,-1879.9429769362416,-2160.1908717190004,0.2857142857142857,-28223.64137022529,-13613.8372894505,-2.1272057662077444,84.88940550767857
ATM_NEAREST_NEXT2_K3M1,0.006664445184938354,1.0,0.05937602654577404,12.257142857142812,100.0,1.0,False,37,74014.31782914011,2000.3869683551382,1264.9658602925551,0.5135135135135135,-15347.859359674947,-13978.484589975,2.5349655224979526,94.1400586718919,12,-2302.6446956175623,-191.8870579681302,144.50721953747245,0.5,-21594.941323255003,-10185.6602266875,-0.22472249605903444,80.324557968125,14,-2316.061846228001,-165.43298901628577,-154.543813408,0.35714285714285715,-15626.517114408405,-12231.9626878235,-0.20707008056844342,85.48656044485715
ATM_NEAREST_NEXT2_K3M1.5,0.0003332222592469177,1.0,0.0673973360956852,12.257142857142812,100.0,0.16794401866044653,False,37,175421.83978035755,4741.130804874529,5671.683559905002,0.8918918918918919,-9571.830332100002,-9571.830332100002,6.626260607506413,102.55162755790539,12,19682.110462982433,1640.1758719152028,1851.6022304112769,0.5833333333333334,-11356.270306217499,-6255.8678315025,2.2423151518265936,87.94912808479167,14,26428.503794327997,1887.7502710234282,1060.8523408597496,0.6428571428571429,-10571.1487349995,-10571.1487349995,2.285687313171642,98.37472897657143
ATM_NEAREST_NEXT2_K3M2,0.0003332222592469177,1.0,0.15696539869274911,12.257142857142812,100.0,0.16794401866044653,False,37,230718.83018945748,6235.644059174527,5671.683559905002,1.0,0.0,254.1644659249996,9.087036465909062,102.86945433898649,12,29854.416566864937,2487.8680472387446,1851.6022304112769,0.5833333333333334,-8808.837020480001,-5568.443298052499,3.2485958705497966,86.19445276124999,14,50954.36147306459,3639.5972480760424,2648.1588310804996,0.7142857142857143,-9040.075570755504,-9040.075570755502,4.181224292180525,104.79560906682143
ATM_NEAREST_NEXT2_K3M2.5,0.0003332222592469177,1.0,0.26410852174830046,12.257142857142812,100.0,0.16794401866044653,False,37,258569.67536075,6988.369604344594,5671.683559905002,1.0,0.0,254.1644659249996,8.303840122064969,103.38715241216217,12,32505.95512421244,2708.82959368437,1851.6022304112769,0.5833333333333334,-8808.837020480001,-5568.443298052499,3.283352481702309,86.17040631562499,14,76293.5760587186,5449.541147051328,6930.827810846749,0.7142857142857143,-7041.848617123498,-7041.848617123501,5.429534252575392,110.20885294867858
ATM_NEAREST_NEXT2_K3M3,0.0003332222592469177,1.0,0.3559381287345369,12.257142857142812,100.0,0.16794401866044653,False,37,259855.24551125002,7023.114743547298,5671.683559905002,1.0,0.0,254.1644659249996,8.520143785526686,102.69606726351351,12,32505.95512421244,2708.82959368437,1851.6022304112769,0.5833333333333334,-8808.837020480001,-5568.443298052499,3.283352481702309,86.17040631562499,14,85692.71709997611,6120.908364284008,5963.746032253499,0.7142857142857143,-5735.2021014594975,-5688.364164757997,5.531279054974799,111.35949285885717
ATM_NEAREST_NEXT2_K3M4,0.0003332222592469177,1.0,0.5014644134704528,12.257142857142812,100.0,0.16794401866044653,False,37,264479.075177915,7148.083112916621,5671.683559905002,1.0,0.0,254.1644659249996,8.10283393457351,102.79526546175676,12,32505.95512421244,2708.82959368437,1851.6022304112769,0.5833333333333334,-8808.837020480001,-5568.443298052499,3.283352481702309,86.17040631562499,14,102073.0187759416,7290.929912567257,7210.588183904498,0.7142857142857143,-5735.2021014594975,-4254.049736574998,5.665020558918703,112.03437314703574
ATM_NEAREST_NEXT3_K3M0.5,0.7994001999333555,1.0,0.06462081154460701,12.257142857142812,150.0,1.0,False,37,-54947.92483792233,-1485.0790496735765,-2798.2307819500006,0.24324324324324326,-82930.49560479255,-37448.7769572975,-1.0218715858557745,90.58580643033785,12,-31062.89422087761,-2588.5745184064676,-2213.21745122375,0.4166666666666667,-33015.60748236011,-14165.9518031925,-2.5816053731978283,80.44951840645834,14,-23728.024233490505,-1694.8588738207504,-2872.2409654187495,0.2857142857142857,-28113.10756610641,-12610.491974192502,-1.9078995929410068,81.21601667789287
ATM_NEAREST_NEXT3_K3M1,0.0013328890369876708,1.0,0.1201137064274461,12.257142857142812,150.0,0.3465511496167944,False,37,84032.50177172512,2271.1486965331114,1408.9718862,0.6216216216216216,-10990.322313100003,-9084.688412625002,3.3707855690284823,96.7229250885135,12,2948.994488274948,245.749540689579,-203.60484103750014,0.5,-15402.4155009325,-7009.0588617075,0.3317032185046527,79.87545931041667,14,11708.436204134996,836.3168717239283,-514.4157941587509,0.42857142857142855,-11180.525886669006,-10151.694298351502,1.0469852968083908,90.70098541892858
ATM_NEAREST_NEXT3_K3M1.5,0.0003332222592469177,1.0,0.2960164144911187,12.257142857142812,150.0,0.16794401866044653,False,37,144417.0720634751,3903.164109823651,1717.1709497299992,0.7297297297297297,-8590.486301050001,-6684.852400575,4.985477384736258,98.08589017635136,12,8781.716551579948,731.8097126316624,-203.60484103750014,0.5,-12960.677391505,-6802.458525637499,0.9732073831609086,86.00278736833336,14,33322.82032848909,2380.2014520349353,2157.61338356575,0.5714285714285714,-7679.902478152502,-7679.902478152502,2.9021865727963068,99.38783367935717
ATM_NEAREST_NEXT3_K3M2,0.0003332222592469177,1.0,0.4322367506596151,12.257142857142812,150.0,0.16794401866044653,False,37,160220.96598898762,4330.296378080747,1958.3418756299982,0.7297297297297297,-8590.486301050001,-6684.852400575,4.833493557958971,98.3522705679054,12,8781.716551579948,731.8097126316624,-203.60484103750014,0.5,-12960.677391505,-6802.458525637499,0.9732073831609086,86.00278736833336,14,47282.04657722959,3377.2890412306847,2753.1412722390005,0.5714285714285714,-5642.553703840499,-5268.90972811,3.758652931558704,100.28238734074999
ATM_NEAREST_NEXT3_K3M2.5,0.0003332222592469177,1.0,0.5379645366329342,12.257142857142812,150.0,0.16794401866044653,False,37,160220.96598898762,4330.296378080747,1958.3418756299982,0.7297297297297297,-8590.486301050001,-6684.852400575,4.833493557958971,98.3522705679054,12,8781.716551579948,731.8097126316624,-203.60484103750014,0.5,-12960.677391505,-6802.458525637499,0.9732073831609086,86.00278736833336,14,56440.700391422586,4031.4785993873274,2753.1412722390005,0.5714285714285714,-5642.553703840499,-5268.90972811,3.8629551251045395,100.73568632696428
ATM_NEAREST_NEXT3_K3M3,0.0003332222592469177,1.0,0.6135192000285786,12.257142857142812,150.0,0.16794401866044653,False,37,160220.96598898762,4330.296378080747,1958.3418756299982,0.7297297297297297,-8590.486301050001,-6684.852400575,4.833493557958971,98.3522705679054,12,8781.716551579948,731.8097126316624,-203.60484103750014,0.5,-12960.677391505,-6802.458525637499,0.9732073831609086,86.00278736833336,14,59435.28530799259,4245.37752199947,2753.1412722390005,0.5714285714285714,-5642.553703840499,-5268.90972811,3.8293355608030124,100.87247800053571
ATM_NEAREST_NEXT3_K3M4,0.0003332222592469177,1.0,0.7101394000214339,12.257142857142812,150.0,0.16794401866044653,False,37,160220.96598898762,4330.296378080747,1958.3418756299982,0.7297297297297297,-8590.486301050001,-6684.852400575,4.833493557958971,98.3522705679054,12,8781.716551579948,731.8097126316624,-203.60484103750014,0.5,-12960.677391505,-6802.458525637499,0.9732073831609086,86.00278736833336,14,59435.28530799259,4245.37752199947,2753.1412722390005,0.5714285714285714,-5642.553703840499,-5268.90972811,3.8293355608030124,100.87247800053571
ATM_NEAREST_MIRROR_GAP_K3M0.5,0.9926691102965678,1.0,0.057651094307349174,12.257142857142812,50.0,1.0,False,37,-177824.7604052897,-4806.0746055483705,-2677.3760370775008,0.24324324324324326,-182870.09785658974,-57957.776255595,-2.2522739492504877,91.91920014297298,12,-59917.2793052951,-4993.106608774592,-2264.938398385027,0.16666666666666666,-59202.8275032826,-20002.7289806475,-4.044080326572986,85.29410877458334,14,-32280.849475016388,-2305.7749625011706,-1650.9308651552506,0.21428571428571427,-32548.144749156792,-14935.5438988815,-2.5460570751211447,88.39996250117858
ATM_NEAREST_MIRROR_GAP_K3M1,0.04565144951682772,1.0,0.059761442281556304,12.257142857142812,50.0,1.0,False,37,69916.69597469528,1889.640431748521,-366.9211970499445,0.43243243243243246,-20389.922336524996,-17067.98692245,1.7255321491798135,91.47443311635135,12,-40113.87790249761,-3342.8231585414674,-1227.6638742025268,0.4166666666666667,-40444.18997141261,-17932.1882651625,-2.7202283800382703,86.57315854145834,14,-15277.381243671387,-1091.241517405099,-668.8109579387497,0.2857142857142857,-22072.504327727296,-14095.400869201001,-1.2369419833137287,87.9379459765357
ATM_NEAREST_MIRROR_GAP_K3M1.5,0.0003332222592469177,1.0,0.05759289138669575,12.257142857142812,50.0,0.16794401866044653,False,37,108324.84424081512,2927.698492995003,677.1166155500008,0.6756756756756757,-16404.999536925003,-16404.999536925003,3.2453279408839713,96.32177727527028,12,-23303.933002082613,-1941.9944168402178,-315.8359079987771,0.4166666666666667,-28415.92241456005,-15431.526928365,-1.6119853432790114,87.61941684020833,14,-5381.968139617004,-384.4262956869289,374.9241581342503,0.6428571428571429,-17980.676693760914,-13141.711956388002,-0.4591139899953649,87.69415282978571
ATM_NEAREST_MIRROR_GAP_K3M2,0.0003332222592469177,1.0,0.058617068535690466,12.257142857142812,50.0,0.16794401866044653,False,37,174296.7871873825,4710.723978037365,4254.372214549999,0.8108108108108109,-15945.217315650001,-15945.217315650001,5.400423837956641,99.71521115182433,12,1809.4776035600044,150.78980029666704,1218.4724344174738,0.6666666666666666,-21770.3619050875,-13808.329994302501,0.13138575404921782,91.39769970333333,14,6802.111007682503,485.8650719773217,774.6966757722503,0.6428571428571429,-12239.932736007,-12239.932736007,0.5977216043510206,89.24207087982141
ATM_NEAREST_MIRROR_GAP_K3M2.5,0.0003332222592469177,1.0,0.052566390509224376,12.257142857142812,50.0,0.16794401866044653,False,37,219927.38129031006,5943.983278116488,5138.875075400002,0.9459459459459459,-13589.8972116,-13589.897211600002,6.9346907258485,104.25996512675677,12,31743.130085584944,2645.260840465412,2827.7061604887767,0.75,-18850.759915014998,-10404.910963439997,2.4742414828873835,95.67665953458334,14,43105.838156519494,3078.9884397513924,2389.9873719375,0.7857142857142857,-11694.976515471002,-11694.976515471002,3.265378635127387,106.97584596289286
ATM_NEAREST_MIRROR_GAP_K3M3,0.0003332222592469177,1.0,0.05489386295269838,12.257142857142812,50.0,0.16794401866044653,False,37,280443.45595717756,7579.552863707501,10232.515013625,0.972972972972973,-11692.64473755,-11692.64473755,8.597879791987985,106.7309200762838,12,56415.62991129,4701.3024926075,5525.696753318778,0.8333333333333334,-14460.401292662498,-8076.169409077498,4.718160917828719,100.57250739250001,14,72679.83600967059,5191.416857833613,5163.864539876047,0.8571428571428571,-11052.712314750002,-11052.71231475,5.291099943139538,112.94028502353571
ATM_NEAREST_MIRROR_GAP_K3M4,0.0003332222592469177,1.0,0.09222382284172599,12.257142857142812,50.0,0.16794401866044653,False,37,366355.1153407176,9901.489603803178,11151.695775937502,1.0,0.0,526.6087949749983,11.660190947871977,110.60499079141893,12,80403.48769282753,6700.290641068961,6591.956705262499,0.8333333333333334,-8413.236638934999,-5882.575487452501,6.6174784366248725,105.64685893104166,14,106337.0306839511,7595.502191710793,10169.373772671548,0.8571428571428571,-9521.639150506002,-9521.639150506002,7.1724571358714355,116.26566543207142
ATM_UP_NEXT1_K3M0.5,0.9873375541486171,1.0,0.06755116506767896,23.604761904761997,50.0,1.0,False,37,-149086.50146974224,-4029.364904587628,-2624.952349659999,0.21621621621621623,-161431.20311291734,-50533.9785237975,-2.065179715272032,89.53382350655406,12,-46918.89875963511,-3909.9082299695924,-2147.787129077527,0.08333333333333333,-46204.446957622604,-16388.294838397498,-3.991322268949934,82.09572996958332,14,-31827.44906239289,-2273.3892187423494,-1670.5628427737493,0.21428571428571427,-32769.19981046829,-14935.5438988815,-2.5901184692647625,84.96064731378571
ATM_UP_NEXT1_K3M1,0.026657780739753417,1.0,0.06674342577425449,23.604761904761997,50.0,1.0,False,37,75492.86694815526,2040.3477553555476,-317.87490610000043,0.43243243243243246,-13485.742021699944,-12800.945918549998,1.9789160246305113,89.44954194175675,12,-28855.51464431761,-2404.6262203598008,-1227.6638742025268,0.3333333333333333,-29185.82671323261,-14930.486614485002,-2.423885153324856,81.50122035979167,14,-15492.684792241385,-1106.620342302956,-668.8109579387497,0.2857142857142857,-22023.942906218792,-14095.400869201001,-1.2976051808222688,84.60248516010714
ATM_UP_NEXT1_K3M1.5,0.0003332222592469177,1.0,0.06138816344514975,23.604761904761997,50.0,0.16794401866044653,False,37,138953.59658264,3755.502610341621,2298.911728175,0.7027027027027027,-12156.745116599996,-12156.745116599996,4.33433487616467,93.51765992864867,12,-16409.830254072604,-1367.4858545060504,-238.4615375537769,0.3333333333333333,-24131.606724937556,-13771.7512981425,-1.3693391568967541,82.48585450604166,14,-3984.4744365975002,-284.60531689982145,374.9241581342503,0.5714285714285714,-15013.432760947408,-13141.711956388002,-0.3456560809077797,85.81960261410714
ATM_UP_NEXT1_K3M2,0.0003332222592469177,1.0,0.06417210156828236,23.604761904761997,50.0,0.16794401866044653,False,37,175551.71034297996,4744.64082008054,3164.1082122500006,0.8378378378378378,-10885.846877624997,-10885.846877624997,6.081224841219397,97.41999073027029,12,2448.633194762395,204.05276623019958,666.3349103562232,0.6666666666666666,-15828.7627381675,-9980.21665368,0.21872059639612956,83.44723376979168,14,8156.207539364,582.5862528117143,981.6216700189996,0.7142857142857143,-12239.932736007,-12239.932736007,0.7375099827098381,87.39589004542857
ATM_UP_NEXT1_K3M2.5,0.0003332222592469177,1.0,0.060838046849577,23.604761904761997,50.0,0.16794401866044653,False,37,217860.5109883576,5888.121918604259,7091.6600942749965,0.9459459459459459,-8597.695459725,-8597.695459724999,7.808943114535408,102.04700031466216,12,30640.306889362495,2553.3589074468746,1827.5186199199993,0.75,-13258.174604537504,-9980.21665368,2.5309628302396585,94.453592553125,14,33511.992016975004,2393.7137154982147,2313.8759302812496,0.7142857142857143,-11694.976515471002,-11694.976515471002,2.666480124195217,101.08985593035716
ATM_UP_NEXT1_K3M3,0.0003332222592469177,1.0,0.05429259038962824,23.604761904761997,50.0,0.16794401866044653,False,37,264299.36870525253,7143.226181223042,4480.273649075,0.972972972972973,-6280.035541575002,-6280.035541575,9.063741994855846,102.9900349931757,12,38282.812225534995,3190.2343521279163,2461.447964018723,0.75,-9531.1601248175,-7918.599585689998,3.5464997505391094,92.26564787208333,14,70160.52082091548,5011.465772922535,5173.435768065297,0.8571428571428571,-11052.712314750002,-11052.71231475,5.2483334754285,109.99851279174997
ATM_UP_NEXT1_K3M4,0.0003332222592469177,1.0,0.10831228888648785,23.604761904761997,50.0,0.16794401866044653,False,37,336815.67719862756,9103.126410773717,9586.599244025001,1.0,0.0,2110.230094294998,11.450888111139703,105.25196760466218,12,76255.84561244254,6354.653801036879,6427.115921641277,0.8333333333333334,-5882.575487452501,-5882.575487452501,7.0468691319606425,100.03369896312499,14,102414.5230046981,7315.32307176415,10742.215821067548,0.8571428571428571,-9521.639150506002,-9521.639150506002,7.203774780143439,113.48049966442856
ATM_UP_NEXT2_K3M0.5,0.9383538820393202,1.0,0.06895936872240337,23.604761904761997,100.0,1.0,False,37,-82345.50324537473,-2225.5541417668846,-2280.333530199999,0.2702702702702703,-97317.81079402489,-45923.6423617275,-1.2272549486282907,86.93927690202703,12,-26262.99711396022,-2188.5830928300184,-1882.3460073137494,0.3333333333333333,-27305.68284857772,-12382.174984965,-2.435008474686937,72.64559283,14,-27082.676495139884,-1934.4768925099918,-2156.715968267499,0.21428571428571427,-28451.34259674629,-13613.8372894505,-2.2880535215057827,81.51260679571429
ATM_UP_NEXT2_K3M1,0.0003332222592469177,1.0,0.06548738905885668,23.604761904761997,100.0,0.16794401866044653,False,37,101837.42916353,2752.3629503656757,1550.8101236399993,0.5945945945945946,-10716.701308474945,-9542.286168749999,3.4877513279825503,91.55596855324325,12,-3289.6897378926105,-274.1408114910509,-80.0741809937497,0.5,-17769.382821280004,-9941.3257863225,-0.3327714432823411,79.76581149104167,14,-4543.8612036150025,-324.56151454392875,-313.53341361575,0.35714285714285715,-15872.442418008906,-12231.9626878235,-0.42875956032075335,83.79365740107144
ATM_UP_NEXT2_K3M1.5,0.0003332222592469177,1.0,0.07895738381782694,23.604761904761997,100.0,0.16794401866044653,False,37,166468.16906595754,4499.139704485339,5200.730636775,0.8918918918918919,-5424.815764049999,-5424.81576405,6.931406404287925,100.59002524439188,12,20708.60656826994,1725.717214022495,1270.66897233125,0.5833333333333334,-8658.695818235003,-5568.443298052499,2.46277094656835,83.3452859775,14,32681.173777010496,2334.36955550075,1171.229578580499,0.7857142857142857,-10571.1487349995,-10571.1487349995,2.9089176799871614,97.66615878496428
ATM_UP_NEXT2_K3M2,0.0003332222592469177,1.0,0.1770746554511237,23.604761904761997,100.0,0.16794401866044653,False,37,226197.49043009,6113.44568729973,5303.998790572498,1.0,0.0,49.329729950000406,8.844863860177858,100.91242080837837,12,26846.844057532442,2237.23700479437,1270.66897233125,0.5833333333333334,-7505.336419505003,-5568.443298052499,2.907158488269168,83.38799520562502,14,46882.22740724159,3348.7305290886848,1638.7601396527507,0.7857142857142857,-9040.075570755502,-9040.075570755502,3.8839573257975606,97.76947091132145
ATM_UP_NEXT2_K3M2.5,0.0003332222592469177,1.0,0.28479636374942185,23.604761904761997,100.0,0.16794401866044653,False,37,249057.65400635748,6731.28794611777,5303.998790572498,1.0,0.0,49.329729950000406,8.39910610122101,101.31340523358108,12,29498.38261487994,2458.198551239995,1270.66897233125,0.5833333333333334,-7505.336419505003,-5568.443298052499,2.9620895898281767,83.36394876000001,14,65510.1974032486,4679.299814517757,2540.7814533495,0.7857142857142857,-7041.848617123498,-7041.848617123501,4.906196351867157,102.95018548225
ATM_UP_NEXT2_K3M3,0.0003332222592469177,1.0,0.3738941832053016,23.604761904761997,100.0,0.16794401866044653,False,37,262266.22877769504,7088.276453451217,5514.93406115,1.0,0.0,49.329729950000406,7.7804914263945255,101.58841141364864,12,29498.38261487994,2458.198551239995,1270.66897233125,0.5833333333333334,-7505.336419505003,-5568.443298052499,2.9620895898281767,83.36394876000001,14,80662.58668165159,5761.613334403685,3666.9409102427508,0.7857142857142857,-5688.364164758001,-5688.364164757997,5.217634971330191,104.27952273917859
ATM_UP_NEXT2_K3M4,0.0003332222592469177,1.0,0.5176044503670475,23.604761904761997,100.0,0.16794401866044653,False,37,266890.05844436004,7213.244822820541,5514.93406115,1.0,0.0,49.329729950000406,7.4861491479346896,101.68760961189189,12,29498.38261487994,2458.198551239995,1270.66897233125,0.5833333333333334,-7505.336419505003,-5568.443298052499,2.9620895898281767,83.36394876000001,14,93889.2549159961,6706.375351142579,3666.9409102427508,0.7857142857142857,-4254.049736574998,-4254.049736574998,5.308589760009833,105.03536314314285
ATM_UP_NEXT3_K3M0.5,0.9490169943352216,1.0,0.06299484384753445,23.604761904761997,150.0,1.0,False,37,-79282.46783649737,-2142.7694009864153,-2798.2307819500006,0.24324324324324326,-95945.98918114751,-38339.1724694025,-1.3566999985597288,87.46534693236487,12,-21536.148763497607,-1794.6790636248006,-2213.21745122375,0.3333333333333333,-23488.862024980106,-9434.1093923175,-2.396945754530533,75.92906362479168,14,-23258.7552925775,-1661.3396637555359,-2818.603947025999,0.2857142857142857,-27710.75010329991,-12610.491974192502,-1.9468163312798439,78.08966375553572
ATM_UP_NEXT3_K3M1,0.000999666777740753,1.0,0.13879729225228016,23.604761904761997,150.0,0.26491169610129955,False,37,88805.48316516263,2400.148193653044,675.7509662000546,0.6216216216216216,-6925.559211175001,-4802.644374225001,3.6586369023412737,94.91937391452703,12,412.99595475739716,34.41632956311643,-507.00202423375026,0.5,-11667.7686736475,-6802.458525637499,0.04922515391232795,75.58367043687501,14,11631.189537078008,830.7992526484292,-371.58472054299875,0.42857142857142855,-10894.8637394375,-10151.694298351502,1.0939543925567625,88.93289020871428
ATM_UP_NEXT3_K3M1.5,0.0003332222592469177,1.0,0.31561100713181994,23.604761904761997,150.0,0.16794401866044653,False,37,138121.3668008951,3733.0099135377054,1537.7729818575021,0.7297297297297297,-6925.559211175001,-4802.644374225001,4.995576275308423,96.14549186770269,12,3803.9799086348976,316.9983257195748,-507.00202423375026,0.5,-11667.7686736475,-6802.458525637499,0.4225981783865535,81.75167428041668,14,33025.6373783916,2358.974098456543,1832.0307367275,0.5714285714285714,-7679.902478152502,-7679.902478152502,2.9762501118039086,97.31161582917856
ATM_UP_NEXT3_K3M2,0.0003332222592469177,1.0,0.45063377220729983,23.604761904761997,150.0,0.16794401866044653,False,37,153539.18470654008,4149.707694771353,1537.7729818575021,0.7297297297297297,-6925.559211175001,-4802.644374225001,4.8694340816720825,96.40717009351351,12,3803.9799086348976,316.9983257195748,-507.00202423375026,0.5,-11667.7686736475,-6802.458525637499,0.4225981783865535,81.75167428041668,14,47842.9312896231,3417.3522349730783,3495.2898263462516,0.5714285714285714,-5268.90972811,-5268.90972811,3.9306082461506073,97.73705074121428
ATM_UP_NEXT3_K3M2.5,0.0003332222592469177,1.0,0.553134022559944,23.604761904761997,150.0,0.16794401866044653,False,37,153539.18470654008,4149.707694771353,1537.7729818575021,0.7297297297297297,-6925.559211175001,-4802.644374225001,4.8694340816720825,96.40717009351351,12,3803.9799086348976,316.9983257195748,-507.00202423375026,0.5,-11667.7686736475,-6802.458525637499,0.4225981783865535,81.75167428041668,14,57018.762614608095,4072.7687581862924,4113.535400146002,0.5714285714285714,-5268.90972811,-5268.90972811,4.042053059275981,98.35624181371428
ATM_UP_NEXT3_K3M3,0.0003332222592469177,1.0,0.6261604383010869,23.604761904761997,150.0,0.16794401866044653,False,37,153539.18470654008,4149.707694771353,1537.7729818575021,0.7297297297297297,-6925.559211175001,-4802.644374225001,4.8694340816720825,96.40717009351351,12,3803.9799086348976,316.9983257195748,-507.00202423375026,0.5,-11667.7686736475,-6802.458525637499,0.4225981783865535,81.75167428041668,14,60013.3475311781,4286.667680798436,4113.535400146002,0.5714285714285714,-5268.90972811,-5268.90972811,3.988967265402405,98.49303348728571
ATM_UP_NEXT3_K3M4,0.0003332222592469177,1.0,0.7196203287258152,23.604761904761997,150.0,0.16794401866044653,False,37,153539.18470654008,4149.707694771353,1537.7729818575021,0.7297297297297297,-6925.559211175001,-4802.644374225001,4.8694340816720825,96.40717009351351,12,3803.9799086348976,316.9983257195748,-507.00202423375026,0.5,-11667.7686736475,-6802.458525637499,0.4225981783865535,81.75167428041668,14,60013.3475311781,4286.667680798436,4113.535400146002,0.5714285714285714,-5268.90972811,-5268.90972811,3.988967265402405,98.49303348728571
ATM_UP_MIRROR_GAP_K3M0.5,0.9873375541486171,1.0,0.06755116506767896,23.604761904761997,50.0,1.0,False,37,-149086.50146974224,-4029.364904587628,-2624.952349659999,0.21621621621621623,-161431.20311291734,-50533.9785237975,-2.065179715272032,89.53382350655406,12,-46918.89875963511,-3909.9082299695924,-2147.787129077527,0.08333333333333333,-46204.446957622604,-16388.294838397498,-3.991322268949934,82.09572996958332,14,-31827.44906239289,-2273.3892187423494,-1670.5628427737493,0.21428571428571427,-32769.19981046829,-14935.5438988815,-2.5901184692647625,84.96064731378571
ATM_UP_MIRROR_GAP_K3M1,0.026657780739753417,1.0,0.06674342577425449,23.604761904761997,50.0,1.0,False,37,75492.86694815526,2040.3477553555476,-317.87490610000043,0.43243243243243246,-13485.742021699944,-12800.945918549998,1.9789160246305113,89.44954194175675,12,-28855.51464431761,-2404.6262203598008,-1227.6638742025268,0.3333333333333333,-29185.82671323261,-14930.486614485002,-2.423885153324856,81.50122035979167,14,-15492.684792241385,-1106.620342302956,-668.8109579387497,0.2857142857142857,-22023.942906218792,-14095.400869201001,-1.2976051808222688,84.60248516010714
ATM_UP_MIRROR_GAP_K3M1.5,0.0003332222592469177,1.0,0.06138816344514975,23.604761904761997,50.0,0.16794401866044653,False,37,138953.59658264,3755.502610341621,2298.911728175,0.7027027027027027,-12156.745116599996,-12156.745116599996,4.33433487616467,93.51765992864867,12,-16409.830254072604,-1367.4858545060504,-238.4615375537769,0.3333333333333333,-24131.606724937556,-13771.7512981425,-1.3693391568967541,82.48585450604166,14,-3984.4744365975002,-284.60531689982145,374.9241581342503,0.5714285714285714,-15013.432760947408,-13141.711956388002,-0.3456560809077797,85.81960261410714
ATM_UP_MIRROR_GAP_K3M2,0.0003332222592469177,1.0,0.06417210156828236,23.604761904761997,50.0,0.16794401866044653,False,37,175551.71034297996,4744.64082008054,3164.1082122500006,0.8378378378378378,-10885.846877624997,-10885.846877624997,6.081224841219397,97.41999073027029,12,2448.633194762395,204.05276623019958,666.3349103562232,0.6666666666666666,-15828.7627381675,-9980.21665368,0.21872059639612956,83.44723376979168,14,8156.207539364,582.5862528117143,981.6216700189996,0.7142857142857143,-12239.932736007,-12239.932736007,0.7375099827098381,87.39589004542857
ATM_UP_MIRROR_GAP_K3M2.5,0.0003332222592469177,1.0,0.060838046849577,23.604761904761997,50.0,0.16794401866044653,False,37,217860.5109883576,5888.121918604259,7091.6600942749965,0.9459459459459459,-8597.695459725,-8597.695459724999,7.808943114535408,102.04700031466216,12,30640.306889362495,2553.3589074468746,1827.5186199199993,0.75,-13258.174604537504,-9980.21665368,2.5309628302396585,94.453592553125,14,33511.992016975004,2393.7137154982147,2313.8759302812496,0.7142857142857143,-11694.976515471002,-11694.976515471002,2.666480124195217,101.08985593035716
ATM_UP_MIRROR_GAP_K3M3,0.0003332222592469177,1.0,0.05429259038962824,23.604761904761997,50.0,0.16794401866044653,False,37,264299.36870525253,7143.226181223042,4480.273649075,0.972972972972973,-6280.035541575002,-6280.035541575,9.063741994855846,102.9900349931757,12,38282.812225534995,3190.2343521279163,2461.447964018723,0.75,-9531.1601248175,-7918.599585689998,3.5464997505391094,92.26564787208333,14,70160.52082091548,5011.465772922535,5173.435768065297,0.8571428571428571,-11052.712314750002,-11052.71231475,5.2483334754285,109.99851279174997
ATM_UP_MIRROR_GAP_K3M4,0.0003332222592469177,1.0,0.10831228888648785,23.604761904761997,50.0,0.16794401866044653,False,37,336815.67719862756,9103.126410773717,9586.599244025001,1.0,0.0,2110.230094294998,11.450888111139703,105.25196760466218,12,76255.84561244254,6354.653801036879,6427.115921641277,0.8333333333333334,-5882.575487452501,-5882.575487452501,7.0468691319606425,100.03369896312499,14,102414.5230046981,7315.32307176415,10742.215821067548,0.8571428571428571,-9521.639150506002,-9521.639150506002,7.203774780143439,113.48049966442856
ITM1_NEXT1_K3M0.5,0.9950016661112963,1.0,0.05746293477380156,26.395238095238003,50.0,1.0,False,37,-258893.9571017923,-6997.133975724117,-2906.919535584944,0.2702702702702703,-264551.25024734245,-77805.40546284,-2.5267939055025384,96.72857031871622,12,-69653.62851138017,-5804.469042615015,-3285.7618144974986,0.3333333333333333,-69706.64525500267,-23298.3330875775,-4.2393951909752285,91.34404261500002,14,-42983.96482173338,-3070.2832015523845,-1722.6371142470007,0.21428571428571427,-41433.5658443513,-19882.3930102125,-2.818469079742336,87.87248726667859
ITM1_NEXT1_K3M1,0.03865378207264245,1.0,0.06026023598472188,26.395238095238003,50.0,1.0,False,37,74158.43700368029,2004.2820811805482,-175.71223420000126,0.4864864864864865,-17734.24558165,-17067.98692245,1.793355844476376,95.51521611675675,12,-44824.26881100261,-3735.355734250217,-1332.8208190450275,0.4166666666666667,-45922.04942555262,-21776.6843109975,-2.7000488332863117,89.73073425020834,14,-26579.62161510089,-1898.5444010786348,-768.3031678727505,0.21428571428571427,-29658.193004663302,-17058.611702595,-1.820369138046171,87.33011536435713
ITM1_NEXT1_K3M1.5,0.0003332222592469177,1.0,0.05383098800498307,26.395238095238003,50.0,0.16794401866044653,False,37,109934.6439687151,2971.2065937490565,3389.1757304750004,0.7027027027027027,-16404.999536925003,-16404.999536925003,3.2281278058146556,100.04340625094596,12,-21647.310255970122,-1803.9425213308434,-236.43482485002744,0.5,-34330.704438797504,-18922.700073045,-1.3123358962594982,91.13002133083334,14,-10094.303460388493,-721.0216757420352,161.2666164750004,0.6428571428571429,-24323.4339652029,-15851.589522991999,-0.7071655678281007,91.70024717060713
ITM1_NEXT1_K3M2,0.0003332222592469177,1.0,0.054904022467078754,26.395238095238003,50.0,0.16794401866044653,False,37,184255.09886064494,4979.867536774187,6873.505066274996,0.7837837837837838,-15945.21731565,-15945.217315650001,5.545334601527463,105.74057133391891,12,8370.811666042497,697.5676388368747,2548.4523506187234,0.5833333333333334,-29700.57109027,-16916.5492050075,0.4993596955350045,101.49486116312501,14,9883.80773075001,705.9862664821436,1107.5486238079993,0.7142857142857143,-14949.810302610998,-14949.810302610998,0.6762704505201547,99.10301923214286
ITM1_NEXT1_K3M2.5,0.0003332222592469177,1.0,0.049165994062281906,26.395238095238003,50.0,0.16794401866044653,False,37,235843.40042746504,6374.145957499055,5932.156155500055,0.8918918918918919,-13589.8972116,-13589.897211600002,7.073215820794269,108.48917763608108,12,29083.83735052994,2423.6531125441616,3615.6842617812226,0.75,-24580.327773684996,-14715.907878495,2.081080351154884,98.53438745583333,14,39552.252137453004,2825.160866960929,2126.57399571475,0.7857142857142857,-13762.589881353999,-13762.589881353999,2.6032687801581065,110.89270446764286
ITM1_NEXT1_K3M3,0.0003332222592469177,1.0,0.05220071531256525,26.395238095238003,50.0,0.16794401866044653,False,37,302435.4239564825,8173.9303772022295,10751.992139977501,0.918918918918919,-11692.64473755,-11692.64473755,9.077391780200841,112.6574606356081,12,54865.12156785,4572.0934639875,5848.639040821249,0.8333333333333334,-17584.592074164997,-11378.272780575,4.26509369287992,104.1565360125,14,74242.5285495661,5303.037753540435,5993.387575421797,0.8571428571428571,-13029.490885127001,-13029.490885127,4.809693813040555,117.08724645957145
ITM1_NEXT1_K3M4,0.0003332222592469177,1.0,0.06980180688745226,26.395238095238003,50.0,0.16794401866044653,False,37,399887.74856104254,10807.776988136286,11972.797632675,1.0,0.0,526.6087949749983,11.753347183381518,115.26355240425679,12,97892.29131515994,8157.690942929995,8230.547079320026,0.8333333333333334,-5394.387900824997,-5394.387900824998,7.866833565020898,107.93405707000001,14,120585.3578005056,8613.239842893257,11645.152601251499,0.8571428571428571,-11290.798061155001,-11290.798061154997,7.3806797940774755,126.47444282103571
ITM1_NEXT2_K3M0.5,0.9183605464845052,1.0,0.06296981448715648,26.395238095238003,100.0,1.0,False,37,-73277.74721187472,-1980.4796543749926,-1941.6207024249998,0.32432432432432434,-108588.75213402495,-52330.0342153575,-1.016248076775371,95.85127599662162,12,-52345.24048294517,-4362.103373578764,-3475.2142297824985,0.3333333333333333,-54302.09650569517,-19025.373777067503,-3.5999427817056953,87.72837357875,14,-36340.50331492539,-2595.750236780385,-2455.788336999,0.2857142857142857,-38199.62023712779,-16866.561831645,-2.4217131313078006,85.83952249467858
ITM1_NEXT2_K3M1,0.004665111629456847,1.0,0.05135040535685527,26.395238095238003,100.0,1.0,False,37,75993.72020494753,2053.884329863447,2182.7322184249456,0.5675675675675675,-14483.475765100002,-13978.484589975,2.595315696557048,99.42648094736487,12,-1597.5872847675573,-133.13227373062978,858.8881655299992,0.5,-25564.197402737496,-13767.237190357499,-0.13788353261317018,83.444773730625,14,-6563.592800112996,-468.82805715092826,-540.9907135589992,0.35714285714285715,-21355.515712007902,-14503.696907714997,-0.49604374677930596,89.31020000807145
ITM1_NEXT2_K3M1.5,0.0003332222592469177,1.0,0.06403935670525135,26.395238095238003,100.0,0.16794401866044653,False,37,193941.44952555004,5241.660797987839,6275.310018649999,0.8648648648648649,-9571.830332100002,-9571.830332100002,7.003457743844993,106.34595876891892,12,33118.54519338733,2759.8787661156107,2475.6539670349994,0.5833333333333334,-7499.72115384511,-6255.8678315025,3.4469100729326434,89.49623388437499,14,24081.982223991,1720.1415874279285,1137.2496066259987,0.7142857142857143,-12583.377490231,-12583.377490231,1.8519138267866555,103.66198400064287
ITM1_NEXT2_K3M2,0.0003332222592469177,1.0,0.13531756068836964,26.395238095238003,100.0,0.16794401866044653,False,37,265562.13848088,7177.355094077838,7065.53121786,1.0,0.0,731.0038021249983,10.216487796786902,108.79355457081081,12,39681.18896188988,3306.7657468241564,2031.0840473374983,0.5833333333333334,-4952.287868107611,-3708.4345457650006,4.245800883691345,87.92175317583333,14,68308.9888832081,4879.2134916577215,3880.4993776287506,0.8571428571428571,-8472.003880247497,-6579.321723007498,6.178367117494364,112.197222628
ITM1_NEXT2_K3M2.5,0.0003332222592469177,1.0,0.23286243509280624,26.395238095238003,100.0,0.16794401866044653,False,37,298909.49249513244,8078.634932300876,7065.53121786,1.0,0.0,731.0038021249983,9.582926307782587,109.64209472614866,12,45803.00507230238,3816.917089358532,2031.0840473374983,0.5833333333333334,-4952.287868107613,-3708.4345457650006,4.199084262275516,88.08291064145833,14,77289.816761641,5520.701197260072,6930.827810846749,0.7857142857142857,-9787.176368581997,-9787.176368581999,4.839404105108766,116.29880273992858
ITM1_NEXT2_K3M3,0.0003332222592469177,1.0,0.32827822534912526,26.395238095238003,100.0,0.16794401866044653,False,37,304653.92590599746,8233.889889351283,7065.53121786,1.0,0.0,731.0038021249983,9.412001614906188,109.04929983790541,12,45803.00507230238,3816.917089358532,2031.0840473374983,0.5833333333333334,-4952.287868107613,-3708.4345457650006,4.199084262275516,88.08291064145833,14,108207.242376496,7729.088741178285,7549.073384646498,0.8571428571428571,-8472.003880247497,-6579.321723007498,6.8261718949471595,119.30411596457141
ITM1_NEXT2_K3M4,0.0003332222592469177,1.0,0.4762886291101316,26.395238095238003,100.0,0.16794401866044653,False,37,314623.3503259875,8503.333792594256,7065.53121786,1.0,0.0,731.0038021249983,8.866372466414228,109.30134254087838,12,45803.00507230238,3816.917089358532,2031.0840473374983,0.5833333333333334,-4952.287868107613,-3708.4345457650006,4.199084262275516,88.08291064145833,14,126178.59190726047,9012.75656480432,8957.569862489498,0.8571428571428571,-8472.003880247497,-6579.321723007498,6.751054267066728,120.0827209099643
ITM1_NEXT3_K3M0.5,0.7270909696767744,1.0,0.06337686669303295,26.395238095238003,150.0,1.0,False,37,-34312.24636948727,-927.3580099861425,-2858.3948496250005,0.2972972972972973,-77559.98438906,-37448.7769572975,-0.6766100395727236,94.9593613375,12,-40346.88812327766,-3362.2406769398053,-4112.0655847624985,0.3333333333333333,-43978.498868462666,-14165.9518031925,-3.101686983547182,87.55317693979167,14,-30555.4900473875,-2182.5350033848213,-3026.927935583751,0.2857142857142857,-34578.211639106405,-14923.912548345497,-2.163319949420038,85.64214624196428
ITM1_NEXT3_K3M1,0.0006664445184938354,1.0,0.10100200180403386,26.395238095238003,150.0,0.17994001999333556,False,37,105012.9673228351,2838.1883060225705,2636.8425266249974,0.6216216216216216,-10990.322313100003,-9084.688412625002,3.8237379325166647,98.16304532878377,12,15017.007144722333,1251.4172620601944,1185.518733049972,0.5,-10961.62651471261,-7009.0588617075,1.7145750567168305,87.33273793979167,14,8301.717119829002,592.9797942735001,-371.7868789605019,0.42857142857142855,-13578.4866646285,-12834.912906707497,0.6511845911081697,94.21663429792856
ITM1_NEXT3_K3M1.5,0.0003332222592469177,1.0,0.2632163531662841,26.395238095238003,150.0,0.16794401866044653,False,37,157465.37181816256,4255.82085995034,3119.0622966425003,0.7297297297297297,-8590.486301050001,-6684.852400575,5.524884260045786,101.88184275236485,12,22919.427329784827,1909.952277482069,1185.518733049972,0.5,-8519.88840528511,-4567.32075228,2.513815023136964,87.23522251791667,14,31968.588017143105,2283.4705726530788,1902.682809050249,0.5714285714285714,-10363.121086508496,-10363.121086508496,2.391373437116292,103.01157020407143
ITM1_NEXT3_K3M2,0.0003332222592469177,1.0,0.40463856193040865,26.395238095238003,150.0,0.16794401866044653,False,37,177984.65657835256,4810.396123739259,3196.7086454749447,0.7567567567567568,-8590.486301050001,-6684.852400575,5.4896043573238575,102.20522761209459,12,22919.427329784827,1909.952277482069,1185.518733049972,0.5,-8519.88840528511,-4567.32075228,2.513815023136964,87.23522251791667,14,56382.7453815921,4027.3389558280073,3552.8836063862495,0.5714285714285714,-8176.621170815501,-8157.279250648496,3.6908987823490325,108.57175845771428
ITM1_NEXT3_K3M2.5,0.0003332222592469177,1.0,0.513591736923695,26.395238095238003,150.0,0.16794401866044653,False,37,183685.72667167755,4964.479099234528,3196.7086454749447,0.7567567567567568,-8590.486301050001,-6684.852400575,5.337403769823351,102.37900887358107,12,22919.427329784827,1909.952277482069,1185.518733049972,0.5,-8519.88840528511,-4567.32075228,2.513815023136964,87.23522251791667,14,67178.8221592861,4798.487297091864,4218.187242233749,0.5714285714285714,-8176.621170815501,-7587.032311687498,4.036208564312901,109.06627433671429
ITM1_NEXT3_K3M3,0.0003332222592469177,1.0,0.5924892732484653,26.395238095238003,150.0,0.16794401866044653,False,37,183685.72667167755,4964.479099234528,3196.7086454749447,0.7567567567567568,-8590.486301050001,-6684.852400575,5.337403769823351,102.37900887358107,12,22919.427329784827,1909.952277482069,1185.518733049972,0.5,-8519.88840528511,-4567.32075228,2.513815023136964,87.23522251791667,14,70507.08997602359,5036.220712573114,4218.187242233749,0.5714285714285714,-8176.621170815501,-7587.032311687498,4.009421743845752,109.27928742689286
ITM1_NEXT3_K3M4,0.0003332222592469177,1.0,0.694366954936349,26.395238095238003,150.0,0.16794401866044653,False,37,183685.72667167755,4964.479099234528,3196.7086454749447,0.7567567567567568,-8590.486301050001,-6684.852400575,5.337403769823351,102.37900887358107,12,22919.427329784827,1909.952277482069,1185.518733049972,0.5,-8519.88840528511,-4567.32075228,2.513815023136964,87.23522251791667,14,70507.08997602359,5036.220712573114,4218.187242233749,0.5714285714285714,-8176.621170815501,-7587.032311687498,4.009421743845752,109.27928742689286
ITM1_MIRROR_GAP_K3M0.5,0.9950016661112963,1.0,0.05746293477380156,26.395238095238003,50.0,1.0,False,37,-258893.9571017923,-6997.133975724117,-2906.919535584944,0.2702702702702703,-264551.25024734245,-77805.40546284,-2.5267939055025384,96.72857031871622,12,-69653.62851138017,-5804.469042615015,-3285.7618144974986,0.3333333333333333,-69706.64525500267,-23298.3330875775,-4.2393951909752285,91.34404261500002,14,-42983.96482173338,-3070.2832015523845,-1722.6371142470007,0.21428571428571427,-41433.5658443513,-19882.3930102125,-2.818469079742336,87.87248726667859
ITM1_MIRROR_GAP_K3M1,0.03865378207264245,1.0,0.06026023598472188,26.395238095238003,50.0,1.0,False,37,74158.43700368029,2004.2820811805482,-175.71223420000126,0.4864864864864865,-17734.24558165,-17067.98692245,1.793355844476376,95.51521611675675,12,-44824.26881100261,-3735.355734250217,-1332.8208190450275,0.4166666666666667,-45922.04942555262,-21776.6843109975,-2.7000488332863117,89.73073425020834,14,-26579.62161510089,-1898.5444010786348,-768.3031678727505,0.21428571428571427,-29658.193004663302,-17058.611702595,-1.820369138046171,87.33011536435713
ITM1_MIRROR_GAP_K3M1.5,0.0003332222592469177,1.0,0.05383098800498307,26.395238095238003,50.0,0.16794401866044653,False,37,109934.6439687151,2971.2065937490565,3389.1757304750004,0.7027027027027027,-16404.999536925003,-16404.999536925003,3.2281278058146556,100.04340625094596,12,-21647.310255970122,-1803.9425213308434,-236.43482485002744,0.5,-34330.704438797504,-18922.700073045,-1.3123358962594982,91.13002133083334,14,-10094.303460388493,-721.0216757420352,161.2666164750004,0.6428571428571429,-24323.4339652029,-15851.589522991999,-0.7071655678281007,91.70024717060713
ITM1_MIRROR_GAP_K3M2,0.0003332222592469177,1.0,0.054904022467078754,26.395238095238003,50.0,0.16794401866044653,False,37,184255.09886064494,4979.867536774187,6873.505066274996,0.7837837837837838,-15945.21731565,-15945.217315650001,5.545334601527463,105.74057133391891,12,8370.811666042497,697.5676388368747,2548.4523506187234,0.5833333333333334,-29700.57109027,-16916.5492050075,0.4993596955350045,101.49486116312501,14,9883.80773075001,705.9862664821436,1107.5486238079993,0.7142857142857143,-14949.810302610998,-14949.810302610998,0.6762704505201547,99.10301923214286
ITM1_MIRROR_GAP_K3M2.5,0.0003332222592469177,1.0,0.049165994062281906,26.395238095238003,50.0,0.16794401866044653,False,37,235843.40042746504,6374.145957499055,5932.156155500055,0.8918918918918919,-13589.8972116,-13589.897211600002,7.073215820794269,108.48917763608108,12,29083.83735052994,2423.6531125441616,3615.6842617812226,0.75,-24580.327773684996,-14715.907878495,2.081080351154884,98.53438745583333,14,39552.252137453004,2825.160866960929,2126.57399571475,0.7857142857142857,-13762.589881353999,-13762.589881353999,2.6032687801581065,110.89270446764286
ITM1_MIRROR_GAP_K3M3,0.0003332222592469177,1.0,0.05220071531256525,26.395238095238003,50.0,0.16794401866044653,False,37,302435.4239564825,8173.9303772022295,10751.992139977501,0.918918918918919,-11692.64473755,-11692.64473755,9.077391780200841,112.6574606356081,12,54865.12156785,4572.0934639875,5848.639040821249,0.8333333333333334,-17584.592074164997,-11378.272780575,4.26509369287992,104.1565360125,14,74242.5285495661,5303.037753540435,5993.387575421797,0.8571428571428571,-13029.490885127001,-13029.490885127,4.809693813040555,117.08724645957145
ITM1_MIRROR_GAP_K3M4,0.0003332222592469177,1.0,0.06980180688745226,26.395238095238003,50.0,0.16794401866044653,False,37,399887.74856104254,10807.776988136286,11972.797632675,1.0,0.0,526.6087949749983,11.753347183381518,115.26355240425679,12,97892.29131515994,8157.690942929995,8230.547079320026,0.8333333333333334,-5394.387900824997,-5394.387900824998,7.866833565020898,107.93405707000001,14,120585.3578005056,8613.239842893257,11645.152601251499,0.8571428571428571,-11290.798061155001,-11290.798061154997,7.3806797940774755,126.47444282103571
ITM2_NEXT1_K3M0.5,0.9996667777407531,1.0,0.06193773755081984,76.395238095238,50.0,1.0,False,37,-308600.5848627024,-8340.556347640606,-2758.7883892074474,0.24324324324324326,-306960.0833789024,-65472.36053775749,-3.5935009377316156,112.34688818114864,12,-101498.60187700766,-8458.216823083972,-5903.148866579999,0.3333333333333333,-102370.96536459017,-30202.0115184975,-4.8030833849020595,102.27932308395832,14,-67437.7701634709,-4816.983583105064,-1709.2892279835014,0.21428571428571427,-66081.57283568129,-34266.5886149815,-2.903430039312407,99.30501167650002
ITM2_NEXT1_K3M1,0.550816394535155,1.0,0.0591379003705575,76.395238095238,50.0,1.0,False,37,-8443.659823477343,-228.2070222561444,-389.34285280000086,0.4594594594594595,-38156.245171025,-23821.75855485,-0.1845095444917465,110.23404928317566,12,-73331.06335715765,-6110.921946429804,-3838.388013811251,0.3333333333333333,-75053.46770029767,-27689.829042187495,-3.5095938628435133,101.23444642979167,14,-34334.77426001038,-2452.4838757150274,-550.8833958259993,0.2857142857142857,-40171.93246318629,-24187.151876235,-1.8626708783813182,98.78744714360712
ITM2_NEXT1_K3M1.5,0.03365544818393869,1.0,0.06740917476442508,76.395238095238,50.0,1.0,False,37,73905.03167817512,1997.4332885993274,2693.173810774946,0.6756756756756757,-22866.532796775,-22866.532796775,2.008983561276655,113.41130599527028,12,-43732.998216592605,-3644.4165180493837,-429.5363378050283,0.5,-48926.13706033,-26043.399366735,-2.025501301697228,104.729018049375,14,-22473.827154984097,-1605.2733682131498,560.411919817499,0.6428571428571429,-34047.308196583006,-22645.9061658825,-1.2648259499950547,98.541225356
ITM2_NEXT1_K3M2,0.0003332222592469177,1.0,0.06778476917212954,76.395238095238,50.0,0.16794401866044653,False,37,182352.53837888755,4928.446983213177,7007.887098075002,0.8108108108108109,-18926.305325100002,-18926.305325100002,5.187002628790658,116.92463840844596,12,-7510.736844787487,-625.8947370656239,3248.337873796225,0.5833333333333334,-41813.3665237825,-23920.833373245,-0.35230423764977653,109.33223706562501,14,-3003.928483968095,-214.56632028343535,1229.2095030147495,0.5714285714285714,-26495.334960487504,-20151.40329669,-0.16906598784269272,105.83417742628573
ITM2_NEXT1_K3M2.5,0.0003332222592469177,1.0,0.06348549710509592,76.395238095238,50.0,0.16794401866044653,False,37,240616.39608646996,6503.145840174864,8199.658317824998,0.8648648648648649,-15854.823248325001,-15854.823248325001,7.076034465150364,119.05010577108108,12,21464.718201964948,1788.7265168304123,4315.569784958723,0.75,-35609.26082953,-21626.336944065,1.2374364152309203,105.96098316958334,14,49316.62701056349,3522.6162150402492,5997.2617366874965,0.8571428571428571,-17969.135327025,-17969.135327025,2.600168047386118,123.31235638832143
ITM2_NEXT1_K3M3,0.0003332222592469177,1.0,0.054015951513677954,76.395238095238,50.0,0.16794401866044653,False,37,325401.77448991506,8794.642553781488,11507.021856225,0.918918918918919,-1394.1597236050002,-1394.1597236049981,10.90684988661911,122.55339216445945,12,57210.06772426756,4767.505643688964,8214.628205442528,0.8333333333333334,-32327.864426207503,-18344.9405407425,3.134788753362431,117.18185631104166,14,70949.2483238236,5067.803451701686,6883.977076733046,0.8571428571428571,-16240.64622422,-16240.64622422,3.74327896904346,123.80369115546429
ITM2_NEXT1_K3M4,0.0003332222592469177,1.0,0.05172344864969409,76.395238095238,50.0,0.16794401866044653,False,37,458983.50410208496,12404.95957032662,15083.129091847504,1.0,0.0,197.32645970750173,12.744897416757118,128.24988913283784,12,104540.15936090998,8711.679946742499,8708.58381324125,0.8333333333333334,-9057.295376430002,-9057.295376430002,7.153089772827411,117.07005325749999,14,135802.9095631599,9700.207825939991,13505.527262562251,0.8571428571428571,-14501.953400248007,-14501.953400248001,7.4240158378344585,133.1136026314286
ITM2_NEXT2_K3M0.5,0.8630456514495168,1.0,0.06120489635276707,76.395238095238,100.0,1.0,False,37,-82974.12134170983,-2242.5438200462117,-2493.090725349999,0.24324324324324326,-109778.45776263496,-49295.6658426075,-1.3591562379028421,105.44922545162161,12,-78181.24068400016,-6515.103390333347,-5287.61362866375,0.3333333333333333,-80789.26288943266,-25324.69457148,-3.9888242455993095,98.85339033333334,14,-47964.416571429385,-3426.029755102099,-2721.16417359175,0.2857142857142857,-47613.4931298378,-21277.322793885,-2.6929807821791916,92.40475510210713
ITM2_NEXT2_K3M1,0.032322559146951015,1.0,0.06495271408241467,76.395238095238,100.0,1.0,False,37,82179.5569324076,2221.0691062812866,2725.836774480002,0.6486486486486487,-20452.91768245,-19359.393671025,2.4455786545584903,111.73494777277028,12,-11501.173762520046,-958.4311468766705,-1067.7253764649981,0.4166666666666667,-41470.568103355,-21690.9678344325,-0.6959699967826071,96.24364687666667,14,-19128.8623866185,-1366.3473133298928,-534.5652730635011,0.35714285714285715,-34960.40163817641,-18334.1778218025,-1.1615174181652317,97.9544561870357
ITM2_NEXT2_K3M1.5,0.0003332222592469177,1.0,0.04764299244785401,76.395238095238,100.0,0.16794401866044653,False,37,185400.69634536255,5010.8296309557445,5955.6402706249455,0.8108108108108109,-13853.502009975002,-13853.502009975002,6.255739317508638,114.81226093614866,12,22111.9027886225,1842.6585657185417,5034.103635115001,0.6666666666666666,-29317.08493126,-16595.86906233,1.565566784781038,102.96643428145832,14,2576.2763349111037,184.01973820793597,1722.5990134337492,0.7857142857142857,-45033.21986862,-31829.1111673875,0.10649469257389109,121.1766903635
ITM2_NEXT2_K3M2,0.0003332222592469177,1.0,0.08680827948222994,76.395238095238,100.0,0.16794401866044653,False,37,272035.01790647005,7352.2977812559475,9263.049948135,0.9459459459459459,-10857.516359549998,-10857.51635955,8.52393671158125,118.81708360891894,12,75417.04051855495,6284.753376546246,8149.094410238749,0.8333333333333334,-6279.192170572498,-6279.192170572498,7.327360651954184,112.12162345374999,14,81320.19636954398,5808.585454967427,9383.735477830753,0.8571428571428571,-13896.2717034655,-13896.271703465498,5.577217490939916,124.21811646114286
ITM2_NEXT2_K3M2.5,0.0003332222592469177,1.0,0.1766675834461279,76.395238095238,100.0,0.16794401866044653,False,37,352437.1415123151,9525.328148981489,9959.209321312503,1.0,0.0,1623.6488563925,10.315167332623583,120.9894185860811,12,79037.34872708995,6586.4457272574955,8149.094410238749,0.8333333333333334,-6279.192170572498,-6279.192170572498,7.196253131611489,112.3042727425,14,93908.37982699739,6707.741416214099,8711.150399513002,0.8571428571428571,-11690.429867605497,-11690.429867605497,6.181266358364499,126.24072664303573
ITM2_NEXT2_K3M3,0.0003332222592469177,1.0,0.2734142179606204,76.395238095238,100.0,0.16794401866044653,False,37,369378.4191882726,9983.200518601963,9959.209321312503,1.0,0.0,1623.6488563925,10.258638853145841,120.61704896560813,12,81959.49845706744,6829.9582047556205,8149.094410238749,0.8333333333333334,-6279.192170572498,-6279.192170572498,7.004819254157361,112.229295244375,14,112825.03203813589,8058.9308598668495,8217.74315368475,0.8571428571428571,-10337.667875783998,-10337.667875783998,6.416527080590388,127.74771156171427
ITM2_NEXT2_K3M4,0.0003332222592469177,1.0,0.425743815406663,76.395238095238,100.0,0.16794401866044653,False,37,385144.24213856756,10409.303841582907,9959.209321312503,1.0,0.0,1623.6488563925,9.330340018692088,121.00021247114869,12,81959.49845706744,6829.9582047556205,8149.094410238749,0.8333333333333334,-6279.192170572498,-6279.192170572498,7.004819254157361,112.229295244375,14,133019.46814466888,9501.390581762063,9313.533527011003,0.8571428571428571,-6663.1562905850005,-6663.1562905850005,6.7771583518910905,128.75227538078573
ITM2_NEXT3_K3M0.5,0.9833388870376542,1.0,0.053811042187729405,76.395238095238,150.0,1.0,False,37,-79872.59481220745,-2158.7187787083094,-3737.6415875500015,0.21621621621621623,-79223.23958975745,-19800.44843745,-1.9305018619776397,108.38094087047297,12,-41714.282569632705,-3476.190214136059,-4291.899606136277,0.3333333333333333,-46143.76123999771,-21471.59599092,-2.562814445324521,93.06521413604167,14,-40642.3545277885,-2903.0253234134643,-3264.403416322251,0.2857142857142857,-44629.476604168405,-18295.162234395,-2.3270819031455297,98.34675198489286
ITM2_NEXT3_K3M1,0.0013328890369876708,1.0,0.06516788713287426,76.395238095238,150.0,0.3465511496167944,False,37,101706.27533588505,2748.8182523212176,2601.4309038,0.6486486486486487,-13335.763491700001,-11871.6545802,3.4176257395987566,110.40472065175675,12,25005.059911949887,2083.7549926624906,2017.790509776225,0.5833333333333334,-12756.036304760113,-10478.779344855,2.526155463451625,92.1825073375,14,11880.494188529385,848.6067277520989,-593.5301849882505,0.35714285714285715,-16783.593972784503,-15188.8511325415,0.8732976548508963,97.89327224789285
ITM2_NEXT3_K3M1.5,0.0003332222592469177,1.0,0.20769374311681935,76.395238095238,150.0,0.16794401866044653,False,37,169708.043390165,4586.703875409865,3303.906887625001,0.7837837837837838,-11259.762338350001,-9795.65342685,5.881745402633966,115.59342188743244,12,34667.25213313489,2888.937677761241,2678.442740284972,0.5833333333333334,-8669.846826882613,-6392.5898669775,3.7375423137349006,91.99982223875001,14,37933.0266780549,2709.50190557535,840.0190228632496,0.5,-12392.650010892497,-12392.650010892497,2.8247491738800043,112.24809442464286
ITM2_NEXT3_K3M2,0.0003332222592469177,1.0,0.35278923261777373,76.395238095238,150.0,0.16794401866044653,False,37,201350.9435229875,5441.917392513176,3899.62718115,0.8108108108108109,-11259.762338350001,-9795.65342685,5.620080893610418,116.19071559493244,12,37659.66821138988,3138.30568428249,2678.442740284972,0.5833333333333334,-8669.846826882613,-6392.5898669775,3.8170399893525255,92.00681571749999,14,63255.46395968989,4518.247425692135,2016.4705740569996,0.5,-9891.554480888,-9891.554480888002,3.9261492623212053,113.75257430785716
ITM2_NEXT3_K3M2.5,0.0003332222592469177,1.0,0.46593255002799244,76.395238095238,150.0,0.16794401866044653,False,37,206188.219571885,5572.654583023919,3899.62718115,0.8108108108108109,-11259.762338350001,-9795.65342685,5.457584624042593,116.29811967878379,12,37659.66821138988,3138.30568428249,2678.442740284972,0.5833333333333334,-8669.846826882613,-6392.5898669775,3.8170399893525255,92.00681571749999,14,75255.40074361589,5375.385767401135,3351.7573319724997,0.5,-7845.576920118001,-7845.576920118002,4.385566104722556,114.14994688457143
ITM2_NEXT3_K3M3,0.0003332222592469177,1.0,0.5520621640215551,76.395238095238,150.0,0.16794401866044653,False,37,206188.219571885,5572.654583023919,3899.62718115,0.8108108108108109,-11259.762338350001,-9795.65342685,5.457584624042593,116.29811967878379,12,37659.66821138988,3138.30568428249,2678.442740284972,0.5833333333333334,-8669.846826882613,-6392.5898669775,3.8170399893525255,92.00681571749999,14,81374.04453763188,5812.431752687991,3351.7573319724997,0.5,-7845.576920118001,-7845.576920118002,4.322649145334331,114.46110445485715
ITM2_NEXT3_K3M4,0.0003332222592469177,1.0,0.6640285752437128,76.395238095238,150.0,0.16794401866044653,False,37,206188.219571885,5572.654583023919,3899.62718115,0.8108108108108109,-11259.762338350001,-9795.65342685,5.457584624042593,116.29811967878379,12,37659.66821138988,3138.30568428249,2678.442740284972,0.5833333333333334,-8669.846826882613,-6392.5898669775,3.8170399893525255,92.00681571749999,14,81374.04453763188,5812.431752687991,3351.7573319724997,0.5,-7845.576920118001,-7845.576920118002,4.322649145334331,114.46110445485715
ITM2_MIRROR_GAP_K3M0.5,0.9923358880373209,1.0,0.05821012484731918,76.395238095238,80.95238095238095,1.0,False,37,-175635.51802524232,-4746.9058925741165,-2258.2550650750013,0.2702702702702703,-176957.2271737173,-65472.36053775749,-2.016960955272961,107.54778446601351,12,-92321.33968648766,-7693.444973873971,-5588.96364301125,0.3333333333333333,-94929.36189192015,-26672.974575397497,-4.551097942789233,100.63247387395832,14,-53787.9587398459,-3841.9970528461354,-2721.16417359175,0.21428571428571427,-49094.3579530953,-21277.322793885,-3.148096507867131,93.38990998899999
ITM2_MIRROR_GAP_K3M1,0.3112295901366211,1.0,0.07057387095264504,76.395238095238,80.95238095238095,1.0,False,37,18702.6898540151,505.47810416257033,1569.3699650075564,0.5675675675675675,-30266.835960949942,-23821.75855485,0.4521660144402935,114.79216610770271,12,-49112.26275020011,-4092.688562516676,-1721.8373766912491,0.4166666666666667,-48555.1413009276,-23432.5856060025,-2.3619186317676846,104.56356251666666,14,-20761.2259628849,-1482.9447116346357,-541.0864418475007,0.2857142857142857,-29533.028234254292,-18334.1778218025,-1.262949579221167,98.40899734892858
ITM2_MIRROR_GAP_K3M1.5,0.0003332222592469177,1.0,0.05439763419191934,76.395238095238,80.95238095238095,0.16794401866044653,False,37,134149.42459605506,3625.6601242177044,5191.413428699997,0.7567567567567568,-22866.532796775,-22866.532796775,3.8001829916642658,115.62365956608106,12,-23080.253209710056,-1923.3544341425047,1486.5374820124998,0.5,-38019.803040257495,-21264.3136379175,-1.1290336227880204,103.3544341425,14,12480.652870403013,891.4752050287867,1218.73150406125,0.7857142857142857,-15634.9645274375,-15634.9645274375,0.7969985375621713,105.47122354264285
ITM2_MIRROR_GAP_K3M2,0.0003332222592469177,1.0,0.07116811959610495,76.395238095238,80.95238095238095,0.16794401866044653,False,37,252568.81787873755,6826.1842669929065,7992.557392725001,0.918918918918919,-18926.305325100002,-18926.305325100002,7.179949506546038,118.6130303043919,12,33077.00364815995,2756.416970679996,6253.398669115001,0.6666666666666666,-20339.698661385002,-20339.698661385,1.7760749960956148,110.45802932,14,50255.208767215394,3589.657769086814,2296.960428236249,0.7142857142857143,-13896.2717034655,-13896.271703465498,3.372562076542118,115.4493737703214
ITM2_MIRROR_GAP_K3M2.5,0.0003332222592469177,1.0,0.12042096509622746,76.395238095238,80.95238095238095,0.16794401866044653,False,37,315547.8883000475,8528.32130540669,9826.779108757506,0.9459459459459459,-15854.823248325003,-15854.823248325001,8.329500357732416,119.98950540412163,12,59995.46219341988,4999.621849451657,7302.471960275001,0.75,-14430.748782487502,-14430.748782487502,4.232647622804916,108.19065054833334,14,93422.9215825013,6673.065827321521,9175.146824224754,0.8571428571428571,-11690.429867605497,-11690.429867605497,6.056105140258737,126.5948869641786
ITM2_MIRROR_GAP_K3M3,0.0003332222592469177,1.0,0.17390428403705457,76.395238095238,80.95238095238095,0.16794401866044653,False,37,377793.1609600952,10210.625971894464,11048.713149725003,1.0,0.0,192.13300464499807,11.021240191399308,123.05646053797298,12,80634.94910468244,6719.57909205687,8407.389319495001,0.8333333333333334,-14430.748782487502,-14430.748782487502,5.417438219574668,113.85840794312502,14,115444.57896507591,8246.04135464828,9887.325311373752,0.8571428571428571,-10337.667875783998,-10337.667875783998,6.553387385760049,127.53007392314285
ITM2_MIRROR_GAP_K3M4,0.0003332222592469177,1.0,0.2734736458902319,76.395238095238,80.95238095238095,0.16794401866044653,False,37,428165.91077207256,11572.051642488448,11048.713149725003,1.0,0.0,993.4831354249991,10.385164165348066,124.29970886290542,12,94333.46295777743,7861.121913148119,8714.63324104375,0.8333333333333334,-9057.295376430002,-9057.295376430002,6.639852887668935,115.12808685187501,14,141573.02268897992,10112.358763498565,10489.027043459002,0.8571428571428571,-6663.1562905850005,-6663.1562905850005,7.2650532986058876,128.46266507285716
ITM3_NEXT1_K3M0.5,0.9933355548150616,1.0,0.06346065148807792,126.395238095238,50.0,1.0,False,37,,,,0.2702702702702703,,-61251.23024844,,,12,-140110.27940480516,-11675.856617067097,-10286.117455548749,0.25,-141228.12853069516,-37608.4284931575,-5.362316059355517,110.85661706708333,14,-87078.86028809339,-6219.918592006671,-1891.3507109577504,0.21428571428571427,-82224.7944297268,-39077.301896804,-3.202284019904492,105.6864491495357
ITM3_NEXT1_K3M1,0.9856714428523825,1.0,0.06270776533214867,126.395238095238,50.0,1.0,False,37,-80195.24816344236,-2167.4391395524963,-167.24573642500255,0.4864864864864865,-89268.4745849549,-29505.201310125,-1.5926000152766404,122.1688692822297,12,-109169.74538272015,-9097.478781893346,-7284.3901084425,0.4166666666666667,-111594.48551561267,-35062.4480772,-4.220356289926742,111.85378189333333,14,-49068.45928616259,-3504.8899490116137,-656.5958440277973,0.2857142857142857,-49884.190669519005,-30872.436997275,-2.2248339707154057,103.0328061544643
ITM3_NEXT1_K3M1.5,0.1169610129956681,1.0,0.0627446156368229,126.395238095238,50.0,1.0,False,37,50583.543906130115,1367.1228082737869,3903.6521447924983,0.6756756756756757,-40575.41750622494,-28486.148020574998,0.9768862495668592,122.53935388837837,12,-66441.26289989756,-5536.771908324797,-1366.9938469412757,0.5,-69989.40504454006,-31162.008960539995,-2.60986810130618,113.95940832479165,14,-27930.626175069086,-1995.044726790649,348.39763032395274,0.7142857142857143,-40244.653983574,-27339.930248834997,-1.321033266232547,105.16972679064288
ITM3_NEXT1_K3M2,0.0006664445184938354,1.0,0.04853220640504718,126.395238095238,50.0,0.17994001999333556,False,37,152204.8758331876,4113.645292788854,5809.636861849999,0.7567567567567568,-25267.175609775004,-25267.175609775004,3.434516630034653,124.05740991385136,12,-20800.01102716995,-1733.3342522641624,7265.605113092498,0.5833333333333334,-56140.402415305,-29592.3607280175,-0.807814495228676,122.08425226416666,14,8238.301725519488,588.450123251392,1534.151667759499,0.7142857142857143,-26742.099158064913,-25045.395362625004,0.3844322731046549,123.44273389146429
ITM3_NEXT1_K3M2.5,0.0003332222592469177,1.0,0.0536133919974139,126.395238095238,50.0,0.16794401866044653,False,37,263840.13762277504,7130.814530345271,10482.385601000055,0.8108108108108109,-23824.982888400005,-23824.982888400005,6.144097883778109,127.66519938445947,12,32679.19771187505,2723.2664759895874,8943.865801435,0.6666666666666666,-48044.3770611925,-25308.2289733575,1.4966490853513525,125.48352401041666,14,45179.03644731299,3227.0740319509277,6112.616986697501,0.8571428571428571,-21338.35173624,-21338.35173624,2.082947369054082,130.3366823347857
ITM3_NEXT1_K3M3,0.0003332222592469177,1.0,0.05663887352419982,126.395238095238,50.0,0.16794401866044653,False,37,315845.08028623264,8536.35352124953,11830.743758000055,0.8648648648648649,-22556.358275325005,-22556.358275325005,7.215547073584844,127.7681003720946,12,53640.11191299255,4470.0093260827125,10632.784215145002,0.8333333333333334,-41182.908723910004,-22043.288703855,2.529945849982232,126.55317391729166,14,95896.74925852199,6849.767804180142,11107.728448086296,0.8571428571428571,-19087.0323210535,-19087.032321053503,5.3150632902964485,134.10719581985714
ITM3_NEXT1_K3M4,0.0003332222592469177,1.0,0.03822811533138141,126.395238095238,50.0,0.16794401866044653,False,37,487201.9264482776,13167.619633737233,16611.173051900005,0.972972972972973,-425.8573130875011,-425.85731308750064,13.2011336476305,134.13712301952702,12,105010.16771312,8750.847309426666,14190.7295102575,0.8333333333333334,-33111.16751687501,-19223.3330163225,4.528507862050659,134.77769057333333,14,156550.980062336,11182.212861595428,15112.937750655496,0.9285714285714286,-17088.805367421504,-17088.805367421504,8.532253920440077,145.75142411885713
ITM3_NEXT2_K3M0.5,0.8843718760413196,1.0,0.05995701720459553,126.395238095238,100.0,1.0,False,37,-70167.44637105228,-1896.4174694878996,-2317.0796782750012,0.2702702702702703,-86074.61849860246,-28817.648385674995,-1.3405748096620718,112.63368570412163,12,-108057.18509215768,-9004.765424346473,-7915.971767186251,0.4166666666666667,-111570.35178863267,-32775.66618339,-4.443256463457064,106.95292434645835,14,-69015.25988501949,-4929.661420358535,-2944.2891957995,0.2857142857142857,-63725.4532807774,-29367.00079992,-3.178437701672628,98.5185632156786
ITM3_NEXT2_K3M1,0.05131622792402533,1.0,0.05847427451347631,126.395238095238,100.0,1.0,False,37,60352.514244925085,1631.1490336466238,2899.785728450055,0.6216216216216216,-27661.724257449943,-23757.001376325003,1.522102595799681,121.51988527229727,12,-48693.688978765014,-4057.8074148970845,-70.20909158127711,0.5,-54056.72432125502,-25878.5687472675,-2.1355152044155146,102.49491489708333,14,-21316.258584013594,-1522.5898988581139,-565.9033945664995,0.42857142857142855,-36911.621638523015,-21650.300233117498,-1.1202660093232566,102.30418457239287
ITM3_NEXT2_K3M1.5,0.0003332222592469177,1.0,0.05784048381503943,126.395238095238,100.0,0.16794401866044653,False,37,206109.05419729505,5570.514978305271,6833.185893224998,0.8108108108108109,-20475.26390175,-20475.26390175,5.5171683996379075,124.62015682986485,12,21933.7797325575,1827.814977713125,7889.7000571937515,0.6666666666666666,-40673.1180640975,-23183.073455385,1.1677715591664983,116.56002228687498,14,31939.55738702909,2281.3969562163634,4765.461002958,0.7857142857142857,-20279.8274705775,-20279.8274705775,1.6113318496414841,128.04947235507146
ITM3_NEXT2_K3M2,0.0003332222592469177,1.0,0.05473827486395195,126.395238095238,100.0,0.16794401866044653,False,37,334640.63899694773,9044.341594512101,11537.723099474999,0.9459459459459459,-1395.2155664500024,-1395.2155664499987,10.937863522212604,127.3475946770946,12,78636.4249229025,6553.035410241875,9112.953215623751,0.8333333333333334,-12554.484599655,-12554.484599655,5.908754221056795,121.027089758125,14,100533.62594847938,7180.9732820342415,11096.324371496503,0.8571428571428571,-16453.54457728351,-16453.5445772835,6.2940132914169755,137.33028939432145
ITM3_NEXT2_K3M2.5,0.0003332222592469177,1.0,0.12202946778602972,126.395238095238,100.0,0.16794401866044653,False,37,425264.9225486651,11493.646555369327,12536.5476483075,1.0,0.0,367.3649939749983,12.519940287197931,132.26560679283784,12,94670.6413084175,7889.220109034792,9112.953215623751,0.8333333333333334,-2879.2132665100035,-2879.2132665100025,8.275390078552567,118.90489096520834,14,119796.39477183591,8556.885340845422,10959.800895478998,0.8571428571428571,-15305.211039100497,-15305.211039100503,6.975845891651346,139.186087726
ITM3_NEXT2_K3M3,0.0003332222592469177,1.0,0.21311590512312575,126.395238095238,100.0,0.16794401866044653,False,37,459074.20210871,12407.410867802973,12536.5476483075,1.0,0.0,367.3649939749983,12.279867761351587,134.81886192675674,12,99346.6199522975,8278.884996024792,9112.953215623751,0.8333333333333334,-2879.2132665100035,-2879.2132665100025,7.821353775084223,119.24000397520832,14,135005.4347899494,9643.245342139242,10134.78795029075,0.8571428571428571,-12460.148106109002,-12460.148106109003,7.291073434162883,140.87965786075
ITM3_NEXT2_K3M4,0.0003332222592469177,1.0,0.3736238308950365,126.395238095238,100.0,0.16794401866044653,False,37,491226.31147022004,13276.386796492434,12536.5476483075,1.0,0.0,367.3649939749983,10.727494088197332,135.6402305345946,12,99346.6199522975,8278.884996024792,9112.953215623751,0.8333333333333334,-2879.2132665100035,-2879.2132665100025,7.821353775084223,119.24000397520832,14,162203.7521978539,11585.982299846708,12102.6047525635,0.8571428571428571,-8813.451604011003,-8813.451604011003,7.702380064322798,142.80341443900002
ITM3_NEXT3_K3M0.5,0.979673442185938,1.0,0.06534694565342905,126.395238095238,150.0,1.0,False,37,-93410.60843233233,-2524.6110387116846,-3535.5765898649997,0.24324324324324326,-92292.26122555739,-24788.0687274,-1.9394039204947926,114.7799576306081,12,-65570.47643258024,-5464.206369381686,-4853.931839975028,0.3333333333333333,-71092.66300309774,-28933.2671293425,-3.120510723244536,100.14386938166668,14,-64484.62716657639,-4606.0447976126,-3506.7034885824996,0.2857142857142857,-62611.5989090338,-25445.455124715,-3.122078846998568,101.39122618402857
ITM3_NEXT3_K3M1,0.0006664445184938354,1.0,0.05177004641025072,126.395238095238,150.0,0.17994001999333556,False,37,103108.22116739754,2786.7086801999335,2799.3823271750553,0.6486486486486487,-19291.059799299997,-18500.224588125,2.9779417247130215,118.62915763790541,12,-3800.381310774997,-316.6984425645831,1832.2879191024742,0.6666666666666666,-42562.2175438525,-22275.1319997375,-0.22648258524939335,106.38594256458333,14,10123.51453837999,723.1081813128565,-291.6828791210004,0.42857142857142855,-19227.429760392002,-18644.06400215,0.6603462078812941,117.12396154428572
ITM3_NEXT3_K3M1.5,0.0003332222592469177,1.0,0.14819976076073568,126.395238095238,150.0,0.16794401866044653,False,37,214913.4567187076,5808.471803208314,4925.9938667999995,0.8378378378378378,-12954.413778999995,-12163.578567824998,6.504243615988853,121.59576435925676,12,50210.561929937394,4184.2134941614495,3512.028997453722,0.75,-4925.942450704998,-3465.1397875299986,5.456733043775408,107.97400583854169,14,55223.01805761339,3944.501289829528,5511.761973614999,0.7142857142857143,-15847.862880501001,-15847.862880501001,3.84359218627975,128.94513874189286
ITM3_NEXT3_K3M2,0.0003332222592469177,1.0,0.2970740889299752,126.395238095238,150.0,0.16794401866044653,False,37,236208.29972962008,6384.008100800543,4925.9938667999995,0.8648648648648649,-12954.413778999995,-12163.578567824998,6.703631229679654,121.22838568594592,12,54310.46893614238,4525.872411345198,3512.028997453722,0.75,-4925.942450704997,-3465.1397875299986,5.350182573762396,108.19008865479168,14,85152.95492378689,6082.353923127635,5821.743781309,0.7142857142857143,-11854.466409326502,-11854.4664093265,5.158428815724032,131.68179115807143
ITM3_NEXT3_K3M2.5,0.0003332222592469177,1.0,0.41393167098198874,126.395238095238,150.0,0.16794401866044653,False,37,251974.1226799151,6810.111423781489,4925.9938667999995,0.8648648648648649,-12954.413778999995,-12163.578567824998,6.276732096894092,121.61154919148646,12,54310.46893614238,4525.872411345198,3512.028997453722,0.75,-4925.942450704997,-3465.1397875299986,5.350182573762396,108.19008865479168,14,98894.0745827029,7063.862470193065,6104.271813078751,0.7142857142857143,-10164.210199196998,-10164.210199197001,5.438153164202622,132.6018155212143
ITM3_NEXT3_K3M3,0.0003332222592469177,1.0,0.5078900979232132,126.395238095238,150.0,0.16794401866044653,False,37,251974.1226799151,6810.111423781489,4925.9938667999995,0.8648648648648649,-12954.413778999995,-12163.578567824998,6.276732096894092,121.61154919148646,12,54310.46893614238,4525.872411345198,3512.028997453722,0.75,-4925.942450704997,-3465.1397875299986,5.350182573762396,108.19008865479168,14,101759.3310587069,7268.523647050492,6104.271813078751,0.7142857142857143,-10164.210199196998,-10164.210199197001,5.377221585730213,132.69063866378573
ITM3_NEXT3_K3M4,0.0003332222592469177,1.0,0.6297961103644253,126.395238095238,150.0,0.16794401866044653,False,37,251974.1226799151,6810.111423781489,4925.9938667999995,0.8648648648648649,-12954.413778999995,-12163.578567824998,6.276732096894092,121.61154919148646,12,54310.46893614238,4525.872411345198,3512.028997453722,0.75,-4925.942450704997,-3465.1397875299986,5.350182573762396,108.19008865479168,14,105643.2996606879,7545.949975763421,6104.271813078751,0.7142857142857143,-10164.210199196998,-10164.210199197001,5.266711956398593,132.9071670937143
ITM3_MIRROR_GAP_K3M0.5,0.9646784405198268,1.0,0.06732557975818927,126.395238095238,130.95238095238096,1.0,False,37,-87578.73829742734,-2366.9929269574955,-3478.7380280025045,0.2702702702702703,-87564.61103300238,-28817.648385674995,-1.7430034445326426,115.77671074128375,12,-100587.48826289517,-8382.290688574598,-8526.67023654375,0.3333333333333333,-106109.67483341268,-28933.2671293425,-4.236944311163337,105.41568857458334,14,-65631.56088381489,-4687.968634558207,-3506.7034885824996,0.2857142857142857,-60239.85968188481,-25445.455124715,-3.220688454241042,102.2972059867786
ITM3_MIRROR_GAP_K3M1,0.026657780739753417,1.0,0.05697616701554681,126.395238095238,130.95238095238096,1.0,False,37,67984.10962702501,1837.4083682979733,2763.971722424996,0.6216216216216216,-27480.281959599943,-23757.001376325003,1.7790212362533984,120.09163170202703,12,-47949.71103308245,-3995.809252756871,-161.90261547499858,0.5,-50637.003241522456,-25222.9014581925,-2.2109345636004822,107.37175275687498,14,4695.286477705394,335.3776055503853,-501.04052224875005,0.42857142857142855,-19646.1450466475,-18644.06400215,0.3072081264125898,105.7652515924643
ITM3_MIRROR_GAP_K3M1.5,0.0003332222592469177,1.0,0.0987165541090712,126.395238095238,130.95238095238096,0.16794401866044653,False,37,211419.13855476512,5714.030771750408,5832.3302788500005,0.8378378378378378,-20475.26390175,-20475.26390175,5.883983367877074,123.60436338472974,12,40616.89344323739,3384.7411202697826,5664.665580757501,0.75,-18427.831851445,-16967.02918827,3.0290998632222172,112.13387973020833,14,61514.976272340886,4393.926876595778,7252.56760346975,0.7142857142857143,-15847.862880501001,-15847.862880501001,4.02559722991394,130.0731234042143
ITM3_MIRROR_GAP_K3M2,0.0003332222592469177,1.0,0.19470822658202339,126.395238095238,130.95238095238096,0.16794401866044653,False,37,297829.5861810576,8049.44827516372,7666.126121450001,0.9459459459459459,-965.0166415825079,-965.0166415824999,9.379580185561291,125.85577889033785,12,64108.527211417444,5342.377267618121,6448.871193403751,0.75,-14015.28726283,-12554.484599655,4.913776668287707,118.872732381875,14,98589.74715150439,7042.124796536028,10222.991486546001,0.7142857142857143,-11854.466409326502,-11854.4664093265,5.750994449055031,131.5359177496786
ITM3_MIRROR_GAP_K3M2.5,0.0003332222592469177,1.0,0.30238330009475245,126.395238095238,130.95238095238096,0.16794401866044653,False,37,315474.54738087516,8526.339118402031,7666.126121450001,0.9459459459459459,-965.0166415825079,-965.0166415824999,8.634860783343433,125.7216924087838,12,73783.79854456244,6148.649878713536,6448.871193403751,0.75,-4340.0159296850015,-2879.2132665100025,7.213119014778809,116.66262128645833,14,112289.06277081191,8020.64734077228,9653.666470483502,0.7142857142857143,-10164.210199196998,-10164.210199197001,6.206486031674474,132.88837351342858
ITM3_MIRROR_GAP_K3M3,0.0003332222592469177,1.0,0.399840207102599,126.395238095238,130.95238095238096,0.16794401866044653,False,37,322729.1572612776,8722.409655710206,7666.126121450001,0.9459459459459459,-965.0166415825079,-965.0166415824999,8.6098193761511,125.76601996547298,12,73783.79854456244,6148.649878713536,6448.871193403751,0.75,-4340.0159296850015,-2879.2132665100025,7.213119014778809,116.66262128645833,14,115490.0623718059,8249.290169414708,8675.454695261004,0.7142857142857143,-10164.210199196998,-10164.210199197001,6.026256120772568,133.60268772814285
ITM3_MIRROR_GAP_K3M4,0.0003332222592469177,1.0,0.5371743324243031,126.395238095238,130.95238095238096,0.16794401866044653,False,37,327699.8079962901,8856.7515674673,7666.126121450001,0.9459459459459459,-965.0166415825079,-965.0166415824999,8.411533276809127,125.91735145162164,12,73783.79854456244,6148.649878713536,6448.871193403751,0.75,-4340.0159296850015,-2879.2132665100025,7.213119014778809,116.66262128645833,14,130392.7529172239,9313.768065515993,11054.320866364502,0.7142857142857143,-10164.210199196998,-10164.210199197001,5.962446040839616,134.66050591257144
ITM4_NEXT1_K3M0.5,0.9936687770743086,1.0,0.06504031830449412,176.395238095238,50.0,1.0,False,37,-432694.57897003734,-11694.448080271279,-2493.4102609000015,0.32432432432432434,-436524.35786295735,-99998.17890537748,-3.571404556543646,125.59672891993246,12,-182806.02662348517,-15233.835551957098,-15090.524148705,0.3333333333333333,-184281.1403284577,-44726.87018622,-5.7345343207583195,120.71055195708334,14,-107130.7373250755,-7652.195523219679,-2088.812910938248,0.2857142857142857,-89798.4814711019,-44463.697368976,-3.3514603322911856,107.85623750539287
ITM4_NEXT1_K3M1,0.9776741086304566,1.0,0.06734187848094965,176.395238095238,50.0,1.0,False,37,-152592.5867422872,-4124.123966007763,-403.2649698249966,0.4864864864864865,-165426.83003098232,-62834.7647915625,-1.8198715230598954,125.81315519695946,12,-153410.53114948765,-12784.21092912397,-11874.65639828625,0.4166666666666667,-155956.62143899515,-43317.79208568,-4.860256014643714,121.39842912395834,14,-61802.29858825259,-4414.449899160899,-735.5411446697522,0.42857142857142855,-61757.12808960699,-38200.183101682494,-2.2917023591960084,112.80704201803572
ITM4_NEXT1_K3M1.5,0.3875374875041653,1.0,0.04807239880571069,176.395238095238,50.0,1.0,False,37,15237.718218315102,411.8302221166244,5853.768424050007,0.7027027027027027,-63779.547301944964,-60946.809211822496,0.200170546633293,133.7441022077027,12,-101034.13402134005,-8419.511168445004,-3397.213210403776,0.5,-107808.26681344504,-39597.63671016,-3.2925781714290348,131.69866844499998,14,-37674.645179815605,-2691.0460842725433,707.3579119487507,0.7142857142857143,-44319.797752492,-34701.481308645,-1.4407717076619875,119.22465570110714
ITM4_NEXT1_K3M2,0.09163612129290237,1.0,0.04935430220363782,176.395238095238,50.0,1.0,False,37,86250.93834369759,2331.1064417215566,7185.005936375054,0.7567567567567568,-59425.7370475875,-59425.7370475875,1.1604023430340775,136.49490962979732,12,-72352.3315257425,-6029.3609604785415,183.97919633500032,0.5,-81758.9258285375,-37299.3849543525,-2.364881602673588,138.73596047854167,14,14170.230926811506,1012.1593519151075,4828.450807999501,0.7857142857142857,-32444.555814749998,-32444.555814749998,0.5418318708009924,137.48350522775002
ITM4_NEXT1_K3M2.5,0.0003332222592469177,1.0,0.04815248974287632,176.395238095238,50.0,0.16794401866044653,False,37,265682.8735177128,7180.618203181427,10454.608985819996,0.8108108108108109,-28145.379683175,-28145.379683175,5.631990258528688,135.2263914131757,12,16643.457456282606,1386.9547880235505,9419.983596816252,0.6666666666666666,-66785.42710293244,-34547.5948418325,0.5951689782443221,137.42021197645835,14,37886.64524682651,2706.188946201894,5836.2228083157515,0.7857142857142857,-28838.849881267502,-28838.8498812675,1.4519344870574227,138.6324823695357
ITM4_NEXT1_K3M3,0.0003332222592469177,1.0,0.044820776799951174,176.395238095238,50.0,0.16794401866044653,False,37,375214.1362715028,10140.922601932509,13086.605958825003,0.8918918918918919,-6045.941855654994,-6045.941855655,10.11438486477826,137.8273980675,12,39843.70213315755,3320.3085110964626,10415.686378332499,0.6666666666666666,-58102.40786290745,-30366.340843710004,1.4978614623423592,136.25398890354168,14,103803.58842949597,7414.5420306782835,12295.341939693044,0.8571428571428571,-23170.985166272498,-23170.9851662725,5.155391115508185,146.797255036
ITM4_NEXT1_K3M4,0.0003332222592469177,1.0,0.04930456127200126,176.395238095238,50.0,0.16794401866044653,False,37,558386.0124869926,15091.513850999801,18327.7882170675,1.0,0.0,989.3836829375537,15.36730549649032,147.06723008128378,12,95626.41041426754,7968.867534522295,14266.069811833753,0.8333333333333334,-43926.39883035245,-26231.5367494575,3.5591763101180014,144.88246547770834,14,165352.307758716,11810.87912562257,15762.62443418775,0.9285714285714286,-21172.758212640503,-21172.758212640496,7.67747405790784,154.97801723457147
ITM4_NEXT2_K3M0.5,0.9990003332222592,1.0,0.0617810554685573,176.395238095238,100.0,1.0,False,37,-155519.8689470697,-4203.239701272154,-2785.116336924998,0.24324324324324326,-158062.31465634477,-34921.48144905,-2.739488165670607,121.21267424513516,12,-150865.16105966514,-12572.096754972095,-12681.7348922775,0.4166666666666667,-154376.20191203267,-40433.4863420925,-5.092045711351461,115.84675497208333,14,-87584.2538416495,-6256.018131546392,-3526.6225008555,0.2857142857142857,-81043.3494369964,-36709.2602247825,-3.3931088642430467,109.41098868925
ITM4_NEXT2_K3M1,0.5698100633122293,1.0,0.04592808649684915,176.395238095238,100.0,1.0,False,37,-16477.360650912327,-445.33407164627914,2724.8121638999996,0.5945945945945946,-69511.36586045237,-57961.83989378999,-0.24319918243457037,133.0705581327703,12,-35611.62629059255,-2967.6355242160457,4008.883891584972,0.5833333333333334,-71459.0149001025,-35256.3074541,-1.4200365365484315,121.38552421604167,14,-34837.1635865831,-2488.3688276130783,-428.9998309905003,0.42857142857142855,-45718.777676060505,-30998.20575453,-1.44355309096142,115.74382761307142
ITM4_NEXT2_K3M1.5,0.0003332222592469177,1.0,0.04672902082095361,176.395238095238,100.0,0.16794401866044653,False,37,219154.50983385034,5923.094860374334,8077.53954,0.8108108108108109,-24244.6650144,-24244.6650144,5.292964842177762,132.74973422027026,12,19959.68075204511,1663.3067293370925,8454.144169848749,0.6666666666666666,-54165.67739423495,-28533.6458236575,0.8681793767351832,132.00577066291666,14,58882.60561399749,4205.900400999821,6867.45486358225,0.8571428571428571,-22551.742830736,-22551.742830736,3.294293590762303,138.2424561430357
ITM4_NEXT2_K3M2,0.0003332222592469177,1.0,0.04522214589791107,176.395238095238,100.0,0.16794401866044653,False,37,361862.6945152853,9780.07282473744,12530.729409899996,0.9459459459459459,-3220.865713075007,-3220.8657130750003,11.142964385403081,134.92717526256757,12,67722.11947798505,5643.509956498754,9772.70850932375,0.8333333333333334,-28213.998567484952,-25446.9146147175,3.478632569757617,131.49004350124997,14,102502.06745414138,7321.576246724384,10973.041963908001,0.8571428571428571,-20553.515877104,-20553.515877104,5.5243940034887515,145.51303898989286
ITM4_NEXT2_K3M2.5,0.0003332222592469177,1.0,0.08075074182250547,176.395238095238,100.0,0.16794401866044653,False,37,496528.8618904927,13419.698970013316,15790.023351650001,0.972972972972973,-1209.9761120424955,-1209.976112042499,13.91672133570302,143.24021917587837,12,106056.04513382756,8838.003761152297,8873.195922860003,0.8333333333333334,-1083.6975565075008,-1083.6975565075008,8.26192820727481,129.18373884770833,14,173380.9049180155,12384.350351286821,15307.26359583325,1.0,0.0,3721.4778715364996,16.697120382374944,155.2389344274643
ITM4_NEXT2_K3M3,0.0003332222592469177,1.0,0.15625634675473543,176.395238095238,100.0,0.16794401866044653,False,37,563591.1521120326,15232.193300325207,15547.687134125003,1.0,0.0,3544.008611877497,14.27499608327016,146.96210508020272,12,110732.02377770758,9227.668648142298,8873.195922860003,0.8333333333333334,-1083.6975565075008,-1083.6975565075008,8.005766255412219,129.5188518577083,14,192107.77709274055,13721.984078052896,16323.382693273004,1.0,0.0,3721.4778715364996,15.61617881068768,156.60520766139283
ITM4_NEXT2_K3M4,0.0003332222592469177,1.0,0.3218863298980948,176.395238095238,100.0,0.16794401866044653,False,37,603084.6025947226,16299.583853911423,15547.687134125003,1.0,0.0,4054.473332727497,12.40499035855771,147.9161460885811,12,114511.20191353258,9542.600159461048,8873.195922860003,0.8333333333333334,-1083.6975565075008,-1083.6975565075008,7.718115570633508,129.58734053895833,14,261738.0189587775,18695.57278276982,18483.615905887502,1.0,0.0,3721.4778715364996,14.905044108354149,168.05221723017854
ITM4_NEXT3_K3M0.5,0.9576807730756415,1.0,0.06574977818484096,176.395238095238,150.0,1.0,False,37,-101477.08412967478,-2742.623895396616,-3453.483471299998,0.2702702702702703,-117990.74917019984,-31089.497618699996,-1.8911242323458486,122.99551701824323,12,-126980.23021450755,-10581.685851208962,-11253.49268997,0.3333333333333333,-132703.09964220756,-34423.004218785,-4.666531149886358,111.99835120895834,14,-75189.3446414935,-5370.667474392393,-3876.819052277,0.2857142857142857,-75562.01370049089,-31179.13797087,-3.126194430632913,113.38176010667857
ITM4_NEXT3_K3M1,0.0003332222592469177,1.0,0.05194901924271839,176.395238095238,150.0,0.16794401866044653,False,37,114619.28067676284,3097.818396669266,3715.4740409700044,0.7297297297297297,-24499.884043975,-22936.231558574997,2.9652744304045364,126.97890062804055,12,22407.94813691495,1867.3290114095792,3198.841906665,0.75,-24658.71662964995,-22199.442809220003,1.5048666792796295,110.79598859041668,14,18519.693504608993,1322.8352503292137,1109.2370016492519,0.5,-23322.7569589325,-21916.482040598,1.1192262620814462,129.71832109935713
ITM4_NEXT3_K3M1.5,0.0003332222592469177,1.0,0.10107785441442482,176.395238095238,150.0,0.16794401866044653,False,37,273054.3875502879,7379.848312169943,7555.674291525001,0.9459459459459459,-1378.0146184224868,-1378.0146184224966,9.453844483652215,132.51655269493244,12,65773.19179661755,5481.099316384796,7273.914808232499,0.75,-2297.23534710495,-1669.1068058275043,7.913186369582525,122.96318361520832,14,67615.84709086489,4829.703363633206,8153.812560765498,0.8571428571428571,-18769.921548783,-18769.921548783,4.465509679102128,142.5109220810714
ITM4_NEXT3_K3M2,0.0003332222592469177,1.0,0.23605827746590857,176.395238095238,150.0,0.16794401866044653,False,37,318248.4087424328,8601.308344390074,7555.674291525001,0.972972972972973,-1378.0146184224868,-1378.0146184224966,9.37991017326697,132.94841236668918,12,73531.71177343254,6127.642647786045,7273.914808232499,0.75,-2297.235347104952,-1669.1068058275043,7.391265793494941,123.29485221395835,14,95018.55996800188,6787.03999771442,7693.950619908997,0.8571428571428571,-15924.858615791498,-15924.858615791502,5.611448138142126,144.9242879998571
ITM4_NEXT3_K3M2.5,0.0003332222592469177,1.0,0.36018733945340276,176.395238095238,150.0,0.16794401866044653,False,37,338301.85612250026,9143.293408716223,7608.857076532503,0.972972972972973,-1378.0146184224868,-1378.0146184224966,8.37705842581994,133.39578047297297,12,73531.71177343254,6127.642647786045,7273.914808232499,0.75,-2297.235347104952,-1669.1068058275043,7.391265793494941,123.29485221395835,14,116218.26561919089,8301.304687085063,7997.3464864872485,0.8571428571428571,-12278.1621136935,-12278.162113693503,6.298290304554973,146.55245577207143
ITM4_NEXT3_K3M3,0.0003332222592469177,1.0,0.4603460396310387,176.395238095238,150.0,0.16794401866044653,False,37,338301.85612250026,9143.293408716223,7608.857076532503,0.972972972972973,-1378.0146184224868,-1378.0146184224966,8.37705842581994,133.39578047297297,12,73531.71177343254,6127.642647786045,7273.914808232499,0.75,-2297.235347104952,-1669.1068058275043,7.391265793494941,123.29485221395835,14,126684.1095077689,9048.864964840635,8279.14876758,0.8571428571428571,-12278.1621136935,-12278.162113693503,6.194270007459562,146.95646373078574
ITM4_NEXT3_K3M4,0.0003332222592469177,1.0,0.5936299726113812,176.395238095238,150.0,0.16794401866044653,False,37,338301.85612250026,9143.293408716223,7608.857076532503,0.972972972972973,-1378.0146184224868,-1378.0146184224966,8.37705842581994,133.39578047297297,12,73531.71177343254,6127.642647786045,7273.914808232499,0.75,-2297.235347104952,-1669.1068058275043,7.391265793494941,123.29485221395835,14,131086.94873580287,9363.353481128777,8279.14876758,0.8571428571428571,-12278.1621136935,-12278.162113693503,6.030327634647116,147.25366172835714
ITM4_MIRROR_GAP_K3M0.5,0.9813395534821726,1.0,0.06087843133542311,176.395238095238,180.95238095238096,1.0,False,37,-114394.1586088398,-3091.7340164551297,-4742.25296775,0.2702702702702703,-129091.27275091485,-31089.497618699996,-2.1500326947671535,122.13942186054054,12,-117411.84550318755,-9784.320458598962,-11186.896200318752,0.3333333333333333,-124746.79942744506,-32491.39839822,-4.403713499868446,110.25795859895834,14,-48210.7633755486,-3443.6259553963287,-5332.505247802249,0.2857142857142857,-47248.2050755904,-23484.137708780498,-2.5545115942507026,110.26881253917858
ITM4_MIRROR_GAP_K3M1,0.003998667110963012,1.0,0.08602638317249228,176.395238095238,180.95238095238096,0.9276907697434188,False,37,93369.31751396785,2523.495067945077,2415.508568212501,0.6756756756756757,-24499.884043975,-22936.231558574997,2.5778213326567747,127.65358070358107,12,21364.702531119947,1780.391877593329,2658.6746889000024,0.75,-25596.503872382447,-22199.442809220003,1.4383172647216016,110.85812240666667,14,17465.137131680898,1247.5097951200642,1065.2760436804454,0.5,-20355.243740074,-19312.5733901835,1.0936321099154256,130.38306202278574
ITM4_MIRROR_GAP_K3M1.5,0.0003332222592469177,1.0,0.23046391448761752,176.395238095238,180.95238095238096,0.16794401866044653,False,37,203992.5053926103,5513.310956557035,3802.442977425001,0.8378378378378378,-7887.700514455006,-5012.888161185002,6.046770373074804,130.54039479432433,12,54060.372421255,4505.031035104584,4027.99032505375,0.75,-5066.167868989949,-3397.061063162445,6.320727647748453,115.28146489541666,14,61367.06087221939,4383.361490872813,8153.812560765498,0.6428571428571429,-15319.176919008998,-15319.176919008998,3.8380522663813763,137.54922341289287
ITM4_MIRROR_GAP_K3M2,0.0003332222592469177,1.0,0.3864446727416391,176.395238095238,180.95238095238096,0.16794401866044653,False,37,211410.31387919033,5713.792267005144,3847.7051411750554,0.8378378378378378,-7887.700514455006,-5012.888161185002,6.010738865145463,129.92394921108107,12,54060.372421255,4505.031035104584,4027.99032505375,0.75,-5066.167868989949,-3397.061063162445,6.320727647748453,115.28146489541666,14,75669.75112719588,5404.982223371134,7318.997465751498,0.6428571428571429,-13628.920708879501,-13628.9207088795,4.401481148665124,138.98206234314284
ITM4_MIRROR_GAP_K3M2.5,0.0003332222592469177,1.0,0.496096174179148,176.395238095238,180.95238095238096,0.16794401866044653,False,37,214832.44027057284,5806.282169474942,3847.7051411750554,0.8378378378378378,-7887.700514455006,-5012.888161185002,5.945689681573232,129.96783052506757,12,54060.372421255,4505.031035104584,4027.99032505375,0.75,-5066.167868989949,-3397.061063162445,6.320727647748453,115.28146489541666,14,86611.69747768689,6186.549819834778,7997.3464864872485,0.6428571428571429,-13628.920708879501,-13628.9207088795,4.467236200614972,139.73589445092855
ITM4_MIRROR_GAP_K3M3,0.0003332222592469177,1.0,0.5770869328578588,176.395238095238,180.95238095238096,0.16794401866044653,False,37,214832.44027057284,5806.282169474942,3847.7051411750554,0.8378378378378378,-7887.700514455006,-5012.888161185002,5.945689681573232,129.96783052506757,12,54060.372421255,4505.031035104584,4027.99032505375,0.75,-5066.167868989949,-3397.061063162445,6.320727647748453,115.28146489541666,14,90662.08250152139,6475.863035822957,8279.14876758,0.6428571428571429,-13628.920708879501,-13628.9207088795,4.54289384431209,139.90482131989285
ITM4_MIRROR_GAP_K3M4,0.0003332222592469177,1.0,0.6828151996433942,176.395238095238,180.95238095238096,0.16794401866044653,False,37,214832.44027057284,5806.282169474942,3847.7051411750554,0.8378378378378378,-7887.700514455006,-5012.888161185002,5.945689681573232,129.96783052506757,12,54060.372421255,4505.031035104584,4027.99032505375,0.75,-5066.167868989949,-3397.061063162445,6.320727647748453,115.28146489541666,14,90662.08250152139,6475.863035822957,8279.14876758,0.6428571428571429,-13628.920708879501,-13628.9207088795,4.54289384431209,139.90482131989285
ITM5_NEXT1_K3M0.5,0.9996667777407531,1.0,0.05415523103801971,226.395238095238,50.0,1.0,False,37,-586633.2583812749,-15854.952929223646,-2423.092458527501,0.3783783783783784,-593486.8582015999,-108865.272478485,-3.883315797128591,133.73671300743243,12,-230613.96215701016,-19217.830179750847,-21888.19044662625,0.3333333333333333,-232498.84304158512,-52302.94674216749,-6.187920671590986,130.95517975083337,14,-176767.95764495974,-12626.282688925696,-2207.4933526290015,0.21428571428571427,-152563.50730301975,-49814.9477930345,-4.416057209238522,124.54340321142142
ITM5_NEXT1_K3M1,0.9870043318893702,1.0,0.06002992419715133,226.395238095238,50.0,1.0,False,37,-272385.71790240466,-7361.77615952445,-641.7328686250034,0.4594594594594595,-286420.81654438726,-106968.53094968999,-2.3762166114647574,137.1477811460811,12,-195823.1934629577,-16318.599455246474,-18687.189656107497,0.4166666666666667,-199284.5818373552,-49405.295983874996,-5.266496028663207,132.03695524645832,14,-80761.94052827041,-5768.710037733601,-205.3763532114531,0.5,-73836.29438644781,-44036.045806725,-2.5885293245700884,119.00646630502858
ITM5_NEXT1_K3M1.5,0.3972009330223259,1.0,0.06516171806015954,226.395238095238,50.0,1.0,False,37,3429.508692500156,92.68942412162583,5710.85465985,0.7297297297297297,-57049.67095760001,-41253.13881915,0.05264003000010492,142.74976506756758,12,-99031.61844861755,-8252.63487071813,1648.7205250449706,0.5833333333333334,-107760.42484576507,-47151.1813063425,-2.9946529047078236,142.009870718125,14,-54128.94114931141,-3866.3529392365294,807.1833267125484,0.6428571428571429,-57985.81168734281,-43329.2327588325,-1.7244503909159419,126.7207963793857
ITM5_NEXT1_K3M2,0.0003332222592469177,1.0,0.0648084256632879,226.395238095238,50.0,0.16794401866044653,False,37,182374.5537084277,4929.041992119668,8191.424585374947,0.8108108108108109,-36070.08975315,-36070.08975315,3.2623222976175805,144.91071058304053,12,-52330.051649129935,-4360.837637427495,5315.161906611251,0.5833333333333334,-80994.46984839994,-42082.36280487749,-1.693583444847234,147.0876374275,14,516.7531641497008,36.9109402964072,4632.5441523730515,0.7857142857142857,-39722.14611913671,-39678.93375528,0.01695900086346288,147.24263113217143
ITM5_NEXT1_K3M2.5,0.0003332222592469177,1.0,0.06368864473890058,226.395238095238,50.0,0.16794401866044653,False,37,260284.93769602035,7034.7280458383875,10548.647762062501,0.8108108108108109,-34275.716403975,-34275.716403975,4.937684456200158,144.79898118864867,12,-1973.1279805598715,-164.42733171332262,7782.893245996251,0.6666666666666666,-72165.02093292243,-37912.37478663749,-0.0653655403905745,145.3648317133333,14,25793.168616171184,1842.3691868693702,5406.00160668155,0.7857142857142857,-36245.9728466625,-36245.9728466625,0.8568029653483344,146.19509884492143
ITM5_NEXT1_K3M3,0.0003332222592469177,1.0,0.0544846483024486,226.395238095238,50.0,0.16794401866044653,False,37,384375.9444396853,10388.539038910414,13658.463176369994,0.918918918918919,-11711.353511460009,-11711.35351146,9.64167238316505,148.65690703554054,12,33574.3300603601,2797.860838363342,9471.13376965,0.75,-67379.26073448994,-37912.37478663749,1.1015393116059953,144.32666163666667,14,104660.48023711558,7475.748588365399,11873.741763648,0.8571428571428571,-27398.832303708507,-27398.832303708503,4.628469979018534,155.49426877745714
ITM5_NEXT1_K3M4,0.0003332222592469177,1.0,0.04105479577228431,226.395238095238,50.0,0.16794401866044653,False,37,581695.6308074853,15721.50353533744,18682.334576775,0.972972972972973,-514.2964636449469,-514.2964636449993,14.582120556274804,157.4153835814865,12,91323.35795462756,7610.279829552296,13756.39168166125,0.8333333333333334,-54393.642525632444,-29641.462346309996,2.9763044336903755,154.09517044770834,14,177523.50083430915,12680.25005959351,17045.148057442002,0.9285714285714286,-25400.605350076497,-25400.6053500765,7.298382003007199,164.79636897792145
ITM5_NEXT2_K3M0.5,1.0,1.0,0.06554194791365685,226.395238095238,100.0,1.0,False,37,-210813.22177593716,-5697.654642592896,-1800.9540457500027,0.24324324324324326,-217319.8232388523,-41565.696163275,-2.7896152622837884,127.48572367398648,12,-194217.20050653268,-16184.766708877723,-18081.135326857497,0.3333333333333333,-197778.30942209272,-47500.36891599,-5.528386942995695,125.70420887770833,14,-92639.84400104942,-6617.131714360673,-2941.91324909,0.35714285714285715,-82209.14598346381,-43701.045347775,-3.0257571345355636,116.21385721781428
ITM5_NEXT2_K3M1,0.04465178273908697,1.0,0.06087772113007233,226.395238095238,100.0,1.0,False,37,82359.55363182271,2225.933881941154,3334.0323089250037,0.7027027027027027,-37274.49011785,-35434.93046055,1.5775822692008048,135.04584778858106,12,-82647.90284728254,-6887.325237273545,762.4736403737205,0.5,-85565.26957490007,-43105.824421574995,-2.853306042343228,130.45023727354166,14,-51060.89168391941,-3647.2065488513867,-166.03956943295304,0.5,-58496.604110252316,-38708.8130406975,-1.7624466115635082,130.99226313710716
ITM5_NEXT2_K3M1.5,0.0003332222592469177,1.0,0.047635230140463274,226.395238095238,100.0,0.16794401866044653,False,37,213850.0442705728,5779.730926231698,8012.708610742506,0.8378378378378378,-31385.150077424998,-31385.150077424998,4.605396731746159,142.12718187641892,12,9221.57482084755,768.4645684039625,8780.633315819996,0.6666666666666666,-67776.28215167494,-35943.64224486,0.33370162826026967,141.2229315960417,14,67304.98948733608,4807.499249095434,7435.3152502375,0.8571428571428571,-26899.470340205502,-26899.470340205502,3.3169655689644393,151.87575090457145
ITM5_NEXT2_K3M2,0.0003332222592469177,1.0,0.04242465050497976,226.395238095238,100.0,0.16794401866044653,False,37,399710.6092153702,10802.98943825325,13395.896411400001,0.9459459459459459,-8023.603895865002,-8023.603895865,11.17333838973862,149.3416428278378,12,84191.71022708506,7015.975852257088,12110.048085403752,0.8333333333333334,-29081.559597509997,-29081.559597509997,3.9131604549102503,147.77414774291665,14,131987.46117250208,9427.675798035863,12724.196787910998,0.9285714285714286,-24901.243386573493,-24901.2433865735,6.305835649413564,160.53848767842857
ITM5_NEXT2_K3M2.5,0.0003332222592469177,1.0,0.04817961606269473,226.395238095238,100.0,0.16794401866044653,False,37,565371.9131995877,15280.321978367236,18790.759972725,1.0,0.0,1933.9218656974988,15.893779349433041,155.18477838952703,12,118750.20742152256,9895.850618460214,13419.052110711253,0.8333333333333334,-24113.649205574995,-24113.649205574995,5.286994344692945,150.71188153979168,14,165960.56361786308,11854.325972704506,15908.35576280075,0.9285714285714286,-22400.147856569005,-22400.147856569,7.329075375300193,162.7811701526428
ITM5_NEXT2_K3M3,0.0003332222592469177,1.0,0.1110369882631664,226.395238095238,100.0,0.16794401866044653,False,37,666456.2929221801,18012.332241140004,20640.887512575,1.0,0.0,3952.300813475002,15.594304043189688,162.09343453567567,12,122056.54045002256,10171.378370835213,13419.052110711253,0.9166666666666666,-24113.649205574995,-24113.649205574995,5.426533202185703,150.49662916479167,14,187049.21453057558,13360.6581807554,19555.334401997497,0.9285714285714286,-19217.59070526951,-19217.590705269504,8.107907740373959,165.14539067317855
ITM5_NEXT2_K3M4,0.0003332222592469177,1.0,0.26832457683578353,226.395238095238,100.0,0.16794401866044653,False,37,730581.413174585,19745.44359931311,20640.887512575,1.0,0.0,5017.524422345001,13.936420360429597,163.61045474094595,12,128423.38936630756,10701.949113858964,13419.052110711253,0.9166666666666666,-24113.649205574995,-24113.649205574995,5.433851257111429,151.17588614104167,14,295483.41099881753,21105.957928486965,22908.899549759997,1.0,0.0,5244.575172969996,15.747167650611749,179.45278579875003
ITM5_NEXT3_K3M0.5,0.9496834388537154,1.0,0.048398215076683224,226.395238095238,150.0,1.0,False,37,-107688.12335433731,-2910.489820387495,-3915.6863433749963,0.2972972972972973,-125631.41262186236,-37204.6389891,-1.733541975806172,129.81414471182435,12,-126849.02983179514,-10570.752485982928,-8468.994009275026,0.3333333333333333,-132498.49132196515,-43439.9096465925,-4.190539632701003,117.31498598291667,14,-94735.304321582,-6766.807451541572,-4154.801650657499,0.2857142857142857,-92867.28783863239,-39666.79333977,-3.349873338594901,122.75388011299997
ITM5_NEXT3_K3M1,0.0006664445184938354,1.0,0.041343475924045726,226.395238095238,150.0,0.17994001999333556,False,37,111999.11714588031,3027.0031661048733,3093.450102599997,0.7027027027027027,-29856.772678675,-29088.918535725,2.6067831231544756,139.01034740864864,12,-15532.059510562456,-1294.3382925468713,2944.3616076624708,0.6666666666666666,-65773.71327428495,-35252.6577243825,-0.6136486765166894,130.275792546875,14,12599.608382757075,899.972027339791,1197.1515342772977,0.5714285714285714,-28321.271039719995,-26280.228004669,0.6694746715645539,136.6529726602143
ITM5_NEXT3_K3M1.5,0.0003332222592469177,1.0,0.05889641377489801,226.395238095238,150.0,0.16794401866044653,False,37,313915.7816851603,8484.210315815144,10504.095735615001,0.918918918918919,-4242.67191234749,-4242.6719123474995,10.97639419690908,143.52617067135134,12,80548.23051349257,6712.352542791047,7321.207911711253,0.8333333333333334,-1749.8076489625,-1749.8076489625,9.120999638562274,132.95995720895834,14,88517.85723999361,6322.704088570972,10062.205369688501,0.9285714285714286,-23133.667512854,-23133.667512854,4.960609226807246,156.7423400004643
ITM5_NEXT3_K3M2,0.0003332222592469177,1.0,0.1762573638430163,226.395238095238,150.0,0.16794401866044653,False,37,420482.3455825327,11364.38771844683,11692.541635575002,1.0,0.0,1183.519745375,13.266183256554532,149.63255182344594,12,89766.56505774506,7480.547088145421,7321.207911711253,0.9166666666666666,-451.35122145999776,-451.3512214599974,8.726370278672103,133.20291185458333,14,113752.8917865596,8125.2065561828285,10859.044654933252,0.9285714285714286,-20288.6045798625,-20288.604579862502,6.260163153074213,159.3827295314643
ITM5_NEXT3_K3M2.5,0.0003332222592469177,1.0,0.3028039461592796,226.395238095238,150.0,0.16794401866044653,False,37,454339.6105304602,12279.44893325568,11692.541635575002,1.0,0.0,1183.519745375,11.417826207472785,150.48349917675674,12,89766.56505774506,7480.547088145421,7321.207911711253,0.9166666666666666,-451.35122145999776,-451.3512214599974,8.726370278672103,133.20291185458333,14,143876.5924939781,10276.899463855578,10859.044654933252,0.9285714285714286,-16641.9080777645,-16641.9080777645,7.003241647512864,161.74339328728573
ITM5_NEXT3_K3M3,0.0003332222592469177,1.0,0.4076947628222948,226.395238095238,150.0,0.16794401866044653,False,37,460008.58236805274,12432.66438832575,11692.541635575002,1.0,0.0,1183.519745375,10.800668738342091,150.61263870128377,12,89766.56505774506,7480.547088145421,7321.207911711253,0.9166666666666666,-451.35122145999776,-451.3512214599974,8.726370278672103,133.20291185458333,14,158998.23217272112,11357.016583765795,11135.389411991253,0.9285714285714286,-14383.5068094725,-14383.506809472505,7.309477333442717,162.94770194850003
ITM5_NEXT3_K3M4,0.0003332222592469177,1.0,0.5534550946626219,226.395238095238,150.0,0.16794401866044653,False,37,460008.58236805274,12432.66438832575,11692.541635575002,1.0,0.0,1183.519745375,10.800668738342091,150.61263870128377,12,89766.56505774506,7480.547088145421,7321.207911711253,0.9166666666666666,-451.35122145999776,-451.3512214599974,8.726370278672103,133.20291185458333,14,166998.96189224912,11928.497278017794,11135.389411991253,0.9285714285714286,-14383.5068094725,-14383.506809472505,7.008352428209894,163.46700769650002
ITM5_MIRROR_GAP_K3M0.5,0.9890036654448517,1.0,0.04991254953671769,226.395238095238,230.95238095238096,1.0,False,37,-137429.78298359227,-3714.3184590160076,-6999.775662224998,0.2702702702702703,-150748.14301524236,-33534.471378,-2.327596729053034,130.94008063763513,12,-41738.856280960164,-3478.238023413347,637.0667626324188,0.5833333333333334,-52625.980122545116,-31528.995581047504,-1.8816725867954136,104.80052341333332,14,-63575.150037287596,-4541.082145520542,-7656.878055777001,0.2857142857142857,-62125.4717386464,-26570.358681992504,-2.88141478326889,116.61785980624998
ITM5_MIRROR_GAP_K3M1,0.19126957680773077,1.0,0.16824559470765416,226.395238095238,230.95238095238096,1.0,False,37,32410.415120025347,875.9571654060904,475.2372025349945,0.5675675675675675,-26581.650238000002,-23829.0922083,0.7877294895432898,132.69148324256759,12,35854.294547275,2987.8578789395833,2798.3054625811947,0.5833333333333334,-3701.4200533149997,-2702.7054818774996,4.0000227877850385,118.70462106041667,14,597.8436613178803,42.70311866556288,848.030115903996,0.6428571428571429,-23629.204044686,-20539.963034112,0.035687684976502744,145.40402419157147
ITM5_MIRROR_GAP_K3M1.5,0.011329556814395202,1.0,0.3827966814509996,226.395238095238,230.95238095238096,1.0,False,37,100156.97780950536,2706.9453462028478,1164.9707183250034,0.5945945945945946,-23677.964690599998,-9324.02146146,2.495749864511553,133.83168082418916,12,35854.294547275,2987.8578789395833,2798.3054625811947,0.5833333333333334,-3701.4200533149997,-2702.7054818774996,4.0000227877850385,118.70462106041667,14,30326.049244192378,2166.1463745851697,3200.5061447509997,0.7142857142857143,-17357.405882812505,-17357.405882812505,1.7119108329019646,147.22862541482144
ITM5_MIRROR_GAP_K3M2,0.011329556814395202,1.0,0.5226371930143796,226.395238095238,230.95238095238096,1.0,False,37,100156.97780950536,2706.9453462028478,1164.9707183250034,0.5945945945945946,-23677.964690599998,-9324.02146146,2.495749864511553,133.83168082418916,12,35854.294547275,2987.8578789395833,2798.3054625811947,0.5833333333333334,-3701.4200533149997,-2702.7054818774996,4.0000227877850385,118.70462106041667,14,44853.002995385374,3203.7859282418126,4824.329669320999,0.7142857142857143,-17357.405882812505,-17357.405882812505,2.2260993288778987,148.19621461532142
ITM5_MIRROR_GAP_K3M2.5,0.011329556814395202,1.0,0.6181097544115036,226.395238095238,230.95238095238096,1.0,False,37,100156.97780950536,2706.9453462028478,1164.9707183250034,0.5945945945945946,-23677.964690599998,-9324.02146146,2.495749864511553,133.83168082418916,12,35854.294547275,2987.8578789395833,2798.3054625811947,0.5833333333333334,-3701.4200533149997,-2702.7054818774996,4.0000227877850385,118.70462106041667,14,44853.002995385374,3203.7859282418126,4824.329669320999,0.7142857142857143,-17357.405882812505,-17357.405882812505,2.2260993288778987,148.19621461532142
ITM5_MIRROR_GAP_K3M3,0.011329556814395202,1.0,0.6817581286762532,226.395238095238,230.95238095238096,1.0,False,37,100156.97780950536,2706.9453462028478,1164.9707183250034,0.5945945945945946,-23677.964690599998,-9324.02146146,2.495749864511553,133.83168082418916,12,35854.294547275,2987.8578789395833,2798.3054625811947,0.5833333333333334,-3701.4200533149997,-2702.7054818774996,4.0000227877850385,118.70462106041667,14,44853.002995385374,3203.7859282418126,4824.329669320999,0.7142857142857143,-17357.405882812505,-17357.405882812505,2.2260993288778987,148.19621461532142
ITM5_MIRROR_GAP_K3M4,0.011329556814395202,1.0,0.7613185965071896,226.395238095238,230.95238095238096,1.0,False,37,100156.97780950536,2706.9453462028478,1164.9707183250034,0.5945945945945946,-23677.964690599998,-9324.02146146,2.495749864511553,133.83168082418916,12,35854.294547275,2987.8578789395833,2798.3054625811947,0.5833333333333334,-3701.4200533149997,-2702.7054818774996,4.0000227877850385,118.70462106041667,14,44853.002995385374,3203.7859282418126,4824.329669320999,0.7142857142857143,-17357.405882812505,-17357.405882812505,2.2260993288778987,148.19621461532142
ITM6_NEXT1_K3M0.5,0.9996667777407531,1.0,0.05930839206963402,276.395238095238,50.0,1.0,False,37,-284201.1243210248,-7681.111468135806,-2325.546271225002,0.4594594594594595,-306320.93424321985,-51552.6557787,-2.832808254848937,140.67227894662162,12,-279388.47374710767,-23282.37281225897,-28989.86776947,0.3333333333333333,-281146.49696670764,-59256.474447075,-6.521415782372047,141.4353122589583,14,,,,0.2857142857142857,,-57116.76616970551,,
ITM6_NEXT1_K3M1,0.9946684438520493,1.0,0.0568804252787168,276.395238095238,50.0,1.0,False,37,-206461.08199840985,-5580.029243200266,531.4685030225503,0.5135135135135135,-228276.74930603994,-49331.371515225,-2.2669975480196154,145.87383779486487,12,-244731.8671628277,-20394.322263568974,-25783.241004765,0.4166666666666667,-248066.39787225018,-57156.43729434,-5.707952171344151,142.75976356895833,14,,,,0.35714285714285715,,-52509.69559812,,
ITM6_NEXT1_K3M1.5,0.5838053982005998,1.0,0.0668527711545518,276.395238095238,50.0,1.0,False,37,-26375.482233569895,-712.8508711775647,5597.935451399998,0.7027027027027027,-87801.2102363475,-47415.67262505,-0.34308542518438173,156.53330361000002,12,-176762.81865153753,-14730.234887628127,-9155.307894785026,0.5,-181878.64214435255,-53222.2002380325,-4.367958902917596,152.109887628125,14,-70730.664674828,-5052.190333916286,2217.4780412652976,0.6428571428571429,-72945.5599135664,-50976.6826291575,-1.9097985222610816,142.99390534485713
ITM6_NEXT1_K3M2,0.0003332222592469177,1.0,0.06055660305196655,276.395238095238,50.0,0.16794401866044653,False,37,200080.48862582783,5407.580773671022,9041.880825449995,0.8378378378378378,-45838.563762975,-45838.563762975,3.175458237594815,153.4665236262838,12,-132794.02802385748,-11066.169001988123,2652.062716532527,0.5,-140506.55067631498,-52084.35142587751,-3.2066787200845637,157.73150198812502,14,-6222.248979606819,-444.4463556862014,6543.432079392549,0.8571428571428571,-46091.839275930004,-46091.83927593,-0.18536987737926375,164.4642128290714
ITM6_NEXT1_K3M2.5,0.0003332222592469177,1.0,0.05044604514410605,276.395238095238,50.0,0.16794401866044653,False,37,281068.6724675653,7596.450607231494,12172.980286372498,0.8648648648648649,-39524.101172925,-39524.101172925,4.695924786777976,154.59669006581083,12,15818.548471407588,1318.212372617299,11475.543962797503,0.75,-91300.42594962244,-48558.95701233751,0.4287041029603177,161.78762738270834,14,33627.68819752417,2401.9777283945837,9614.472774076246,0.8571428571428571,-42572.514928455006,-42572.514928455006,0.9948250915843602,172.1829858911429
ITM6_NEXT1_K3M3,0.0003332222592469177,1.0,0.04778829878622735,276.395238095238,50.0,0.16794401866044653,False,37,424294.27315648535,11467.412788013118,14706.104091424999,0.918918918918919,-18979.991102962522,-18979.9911029625,9.640170104849657,160.62775252743242,12,37326.281806632556,3110.5234838860465,13023.958128133749,0.8333333333333334,-81428.56746122494,-43784.27721801,1.0538478245832628,163.22651611395835,14,170170.5376443747,12155.038403169621,13648.393940912749,1.0,0.0,3792.9143983019985,18.672361452136958,172.9258825446786
ITM6_NEXT1_K3M4,0.0003332222592469177,1.0,0.040892716473542354,276.395238095238,50.0,0.16794401866044653,False,37,610018.0339085252,16486.9738894196,20419.628279600005,0.972972972972973,-1062.649910785025,-1062.6499107850018,15.490978063503942,166.16800247229733,12,81217.34042804003,6768.111702336669,14822.556839199999,0.8333333333333334,-72837.55073354497,-40828.736889607506,2.1745381103204693,166.57579766333336,14,174829.6053379686,12487.828952712041,16683.402680283245,0.9285714285714286,-29273.9660697075,-29273.966069707505,6.700173500217573,178.65319014510715
ITM6_NEXT2_K3M0.5,1.0,1.0,0.05748178044774288,276.395238095238,100.0,1.0,False,37,-287824.5110455124,-7779.040839067902,-3699.8813500000037,0.24324324324324326,-295176.7762754374,-48442.8959334,-3.3585542841412126,142.72327150033783,12,-241599.22909229517,-20133.2690910246,-24525.42182791875,0.4166666666666667,-246015.60906670516,-54817.57164714,-5.839768953031926,136.39409102458333,14,-102387.782397768,-7313.413028411999,-2541.8816475970007,0.42857142857142855,-91687.27785273138,-50616.0750249675,-2.894308964384394,125.78802841199999
ITM6_NEXT2_K3M1,0.06564478507164279,1.0,0.06372198110921827,276.395238095238,100.0,1.0,False,37,79737.90820413278,2155.0786001116967,3815.751668265004,0.6486486486486487,-43453.69811927499,-42297.11198797499,1.3874717697188572,146.30653502344597,12,-107554.83950553507,-8962.903292127923,114.34905537622069,0.5,-109186.50534942508,-50141.3776556625,-3.2108430277775994,140.09079212791667,14,-70526.07408354481,-5037.576720253201,-71.53467829900063,0.5,-66522.20622165172,-43257.89269008751,-2.1320611329971473,147.53386311034998
ITM6_NEXT2_K3M1.5,0.0003332222592469177,1.0,0.054465568571930176,276.395238095238,100.0,0.16794401866044653,False,37,271934.4840427828,7349.580649804941,8787.263267624996,0.918918918918919,-17439.108838515007,-17439.108838515,7.376737040607562,152.34502587074323,12,-15714.874483667467,-1309.5728736389556,9028.108727253748,0.75,-78096.96434692745,-43125.65321742,-0.4841230534830791,153.94787363895836,14,62015.063086196686,4429.647363299763,7501.269166038002,0.8571428571428571,-30730.114042240002,-30730.114042240002,2.8549117497450505,160.9704938431
ITM6_NEXT2_K3M2,0.0003332222592469177,1.0,0.04193539353609235,276.395238095238,100.0,0.16794401866044653,False,37,416493.4889751153,11256.580783111223,14277.580997122497,0.918918918918919,-14315.9581469025,-14315.958146902503,11.342975716180135,159.635433105,12,84168.80972239005,7014.067476865838,12040.02425663875,0.8333333333333334,-36289.8578564625,-36289.8578564625,3.3124441545112813,157.8075231341667,14,124865.0047247537,8918.928908910979,12147.010038713497,0.9285714285714286,-28524.272206380003,-28524.272206380003,5.581484086439087,169.74251966045713
ITM6_NEXT2_K3M2.5,0.0003332222592469177,1.0,0.036844766714884285,276.395238095238,100.0,0.16794401866044653,False,37,598780.154373375,16183.247415496622,18820.491621425004,0.972972972972973,-59.24408527754713,-59.24408527750107,16.301829201314646,164.82690882770268,12,124895.12641165005,10407.927200970838,15259.163212022497,0.9166666666666666,-31321.9474645275,-31321.9474645275,4.730660124725709,161.76029902916665,14,174576.0608361822,12469.718631155873,16489.734444441005,0.9285714285714286,-25679.209273388507,-25679.209273388504,6.967590165629968,178.00636884413572
ITM6_NEXT2_K3M3,0.0003332222592469177,1.0,0.061614656590563505,276.395238095238,100.0,0.16794401866044653,False,37,758288.8097574374,20494.292155606418,24978.501421200002,1.0,0.0,4164.747478902497,17.484975321407717,175.50514169087836,12,197283.7166602601,16440.309721688343,21926.53156966125,0.9166666666666666,-757.7355226600012,-757.73552266,10.817242058754074,166.25277831166665,14,218069.16398982416,15576.368856416011,21313.520376223998,0.9285714285714286,-23988.953063259018,-23988.953063259003,8.162748564950219,180.82042929827858
ITM6_NEXT2_K3M4,0.0003332222592469177,1.0,0.2101949848483195,276.395238095238,100.0,0.16794401866044653,False,37,894789.2853809526,24183.494199485205,25938.038913600005,1.0,0.0,5889.833397402499,16.475827786888747,182.9922870012838,12,206581.0980438476,17215.091503653966,21926.53156966125,0.9166666666666666,-757.7355226599975,-757.73552266,10.391010125356523,166.78349634604166,14,329567.75547508575,23540.553962506125,27372.603369887504,1.0,0.0,4390.970763708502,17.108375173392425,190.97460892245718
ITM6_NEXT3_K3M0.5,0.9706764411862713,1.0,0.058032593728839545,276.395238095238,150.0,1.0,False,37,-130736.83730584719,-3533.4280352931673,-4325.254416674997,0.32432432432432434,-149786.72676007228,-43104.14541674999,-1.8970858121862861,136.73884610398648,12,-179933.68266643013,-14994.473555535844,-12765.71418323625,0.25,-175116.34453899262,-52033.26007758751,-5.160395512139941,135.0985555358333,14,-106494.52889618407,-7606.752064013148,-4142.25692668325,0.2857142857142857,-98454.37688198498,-47181.9781413075,-3.177734753337183,127.3056354417143
ITM6_NEXT3_K3M1,0.0036654448517160947,1.0,0.05171533569688342,276.395238095238,150.0,0.8577140953015662,False,37,102631.16931705535,2773.8153869474418,3178.493414624998,0.7297297297297297,-39469.036377175,-37863.727877475,2.02490268447966,147.3332617012162,12,-43441.003055447465,-3620.0835879539554,3090.7073697337473,0.75,-76073.61830117495,-42775.704987765,-1.4606052882641087,148.5210879539583,14,17619.56134042457,1258.5400957446122,2423.787604658499,0.6428571428571429,-31274.956128321,-30230.752078737,0.8694305034369559,150.17418996967857
ITM6_NEXT3_K3M1.5,0.0003332222592469177,1.0,0.04077982161351632,276.395238095238,150.0,0.16794401866044653,False,37,377735.8781865002,10209.07778882433,11468.421664965002,0.9459459459459459,-2834.8451105725253,-2834.8451105725026,14.295575733665299,158.86140036486486,12,93087.40255393504,7757.283546161253,10110.599531608752,0.8333333333333334,-608.018942560002,-608.0189425600017,12.203400548199744,149.59145383875,14,96400.0622639361,6885.718733138293,10032.115072557,0.9285714285714286,-26672.1482510555,-26672.1482510555,4.807094705531464,166.78126686171427
ITM6_NEXT3_K3M2,0.0003332222592469177,1.0,0.1224762896649354,276.395238095238,150.0,0.16794401866044653,False,37,509971.77047715767,13783.020823706964,14460.5217042,1.0,0.0,988.4664027500023,15.168047456361375,162.51971683358107,12,109883.06446703254,9156.922038919378,10355.130506421254,0.9166666666666666,-1938.9599439250014,-1938.959943925001,10.87034253301457,150.577961080625,14,138604.21909437008,9900.301363883578,14163.28399034375,0.9285714285714286,-23489.591099756,-23489.591099756002,6.522428973008457,169.77006468785711
ITM6_NEXT3_K3M2.5,0.0003332222592469177,1.0,0.24653365246563227,276.395238095238,150.0,0.16794401866044653,False,37,548787.8103771452,14832.102983166085,14460.5217042,1.0,0.0,2023.6764985999982,13.542892017055818,163.64026007716214,12,116456.45634783006,9704.704695652505,10355.130506421254,0.9166666666666666,-1938.9599439250014,-1938.959943925001,9.877161399333078,151.23280434749998,14,185361.13971394312,13240.081408138794,14476.25472983175,0.9285714285714286,-19274.749539495504,-19274.7495394955,7.968133568436118,177.95430614692856
ITM6_NEXT3_K3M3,0.0003332222592469177,1.0,0.3536397205034579,276.395238095238,150.0,0.16794401866044653,False,37,565720.4303356427,15289.741360422775,14460.5217042,1.0,0.0,2023.6764985999982,12.21010096202557,164.0086395772297,12,116456.45634783006,9704.704695652505,10355.130506421254,0.9166666666666666,-1938.9599439250014,-1938.959943925001,9.877161399333078,151.23280434749998,14,256035.21117129613,18288.229369378296,16718.729393658752,1.0,0.0,2406.047179103498,14.62451785008771,185.87777347885716
ITM6_NEXT3_K3M4,0.0003332222592469177,1.0,0.5119716584647998,276.395238095238,150.0,0.16794401866044653,False,37,565720.4303356427,15289.741360422775,14460.5217042,1.0,0.0,2023.6764985999982,12.21010096202557,164.0086395772297,12,116456.45634783006,9704.704695652505,10355.130506421254,0.9166666666666666,-1938.9599439250014,-1938.959943925001,9.877161399333078,151.23280434749998,14,264321.6922717001,18880.12087655001,16718.729393658752,1.0,0.0,2406.047179103498,13.406395458755018,186.41483773571431
ITM6_MIRROR_GAP_K3M0.5,1.0,1.0,0.04733589706761707,276.395238095238,280.95238095238096,1.0,False,37,-242027.7310299848,-6541.290027837427,-10287.858858337499,0.2702702702702703,-251136.50919175983,-37572.216162975,-3.7481973587015345,140.9521899995946,12,-40076.792690530056,-3339.732724210838,354.0129687650003,0.5,-45083.070655460055,-35524.7869329675,-1.6748252146113909,119.73272421083333,14,-82014.87199027411,-5858.2051421624365,-9592.670316253752,0.2857142857142857,-80597.81964892792,-29311.285912235002,-3.2039218210353018,126.25871359100002
ITM6_MIRROR_GAP_K3M1,0.8900366544485172,1.0,0.2873108075813798,276.395238095238,280.95238095238096,1.0,False,37,-68678.82091195717,-1856.1843489718153,-4515.173658764998,0.40540540540540543,-86123.39743534222,-27437.4133785,-1.3316756507554754,139.69786248533788,12,22878.332668349987,1906.527722362499,4169.921783558696,0.6666666666666666,-24959.385501955003,-15079.614455422503,1.4920350169474723,109.4097776375,14,-33885.08267391112,-2420.3630481365085,131.3200931374467,0.5,-47056.387983356006,-23319.6624874285,-1.7567599427842888,152.04161956507144
ITM6_MIRROR_GAP_K3M1.5,0.8237254248583805,1.0,0.4965840019939211,276.395238095238,280.95238095238096,1.0,False,37,-55958.535155559686,-1512.3928420421537,-4515.173658764998,0.40540540540540543,-81199.98856801222,-27437.4133785,-1.0493834079321929,139.99419339351354,12,22878.332668349987,1906.527722362499,4169.921783558696,0.6666666666666666,-24959.385501955003,-15079.614455422503,1.4920350169474723,109.4097776375,14,-7663.432772074122,-547.3880551481516,1857.723007231197,0.5714285714285714,-31798.398359893006,-21629.406277299004,-0.35399622510858714,152.92376943385716
ITM6_MIRROR_GAP_K3M2,0.8237254248583805,1.0,0.6216723272603787,276.395238095238,280.95238095238096,1.0,False,37,-55958.535155559686,-1512.3928420421537,-4515.173658764998,0.40540540540540543,-81199.98856801222,-27437.4133785,-1.0493834079321929,139.99419339351354,12,22878.332668349987,1906.527722362499,4169.921783558696,0.6666666666666666,-24959.385501955003,-15079.614455422503,1.4920350169474723,109.4097776375,14,-7663.432772074122,-547.3880551481516,1857.723007231197,0.5714285714285714,-31798.398359893006,-21629.406277299004,-0.35399622510858714,152.92376943385716
ITM6_MIRROR_GAP_K3M2.5,0.8237254248583805,1.0,0.697337861808303,276.395238095238,280.95238095238096,1.0,False,37,-55958.535155559686,-1512.3928420421537,-4515.173658764998,0.40540540540540543,-81199.98856801222,-27437.4133785,-1.0493834079321929,139.99419339351354,12,22878.332668349987,1906.527722362499,4169.921783558696,0.6666666666666666,-24959.385501955003,-15079.614455422503,1.4920350169474723,109.4097776375,14,-7663.432772074122,-547.3880551481516,1857.723007231197,0.5714285714285714,-31798.398359893006,-21629.406277299004,-0.35399622510858714,152.92376943385716
ITM6_MIRROR_GAP_K3M3,0.8237254248583805,1.0,0.7477815515069193,276.395238095238,280.95238095238096,1.0,False,37,-55958.535155559686,-1512.3928420421537,-4515.173658764998,0.40540540540540543,-81199.98856801222,-27437.4133785,-1.0493834079321929,139.99419339351354,12,22878.332668349987,1906.527722362499,4169.921783558696,0.6666666666666666,-24959.385501955003,-15079.614455422503,1.4920350169474723,109.4097776375,14,-7663.432772074122,-547.3880551481516,1857.723007231197,0.5714285714285714,-31798.398359893006,-21629.406277299004,-0.35399622510858714,152.92376943385716
ITM6_MIRROR_GAP_K3M4,0.8237254248583805,1.0,0.8108361636301893,276.395238095238,280.95238095238096,1.0,False,37,-55958.535155559686,-1512.3928420421537,-4515.173658764998,0.40540540540540543,-81199.98856801222,-27437.4133785,-1.0493834079321929,139.99419339351354,12,22878.332668349987,1906.527722362499,4169.921783558696,0.6666666666666666,-24959.385501955003,-15079.614455422503,1.4920350169474723,109.4097776375,14,-7663.432772074122,-547.3880551481516,1857.723007231197,0.5714285714285714,-31798.398359893006,-21629.406277299004,-0.35399622510858714,152.92376943385716
ITM7_NEXT1_K3M0.5,1.0,1.0,0.05764692391756799,326.395238095238,50.0,1.0,False,37,,,,0.32432432432432434,,-84675.31647588752,,,12,-330658.1929538277,-27554.849412818974,-36283.454569248745,0.3333333333333333,-333077.10097314767,-67515.5634285225,-6.691097561822472,152.66191281895834,14,-195779.1898924093,-13984.227849457808,-3578.6194530477496,0.35714285714285715,-158703.5373842808,-63050.7027060775,-4.270748264169316,138.2099923149643
ITM7_NEXT1_K3M1,0.9970009996667777,1.0,0.05494296098010192,326.395238095238,50.0,1.0,False,37,,,,0.5135135135135135,,-56239.5557307,,,12,-251022.04396303766,-20918.50366358647,-15587.109687526276,0.5,-255017.45947218014,-64475.20324263,-5.086987504887792,156.94116358645834,14,-64476.59686637451,-4605.471204741037,-293.86993756199973,0.5,-45694.77782314041,-41176.756758204,-2.0525584330930617,135.14977616960715
ITM7_NEXT1_K3M1.5,0.7977340886371209,1.0,0.06547001938513171,326.395238095238,50.0,1.0,False,37,,,,0.6486486486486487,,-54402.7026147,,,12,-218041.90864321252,-18170.159053601044,-11122.9512231525,0.5,-224000.45511783502,-60196.97565309751,-4.627535665574689,171.40905360104168,14,4277.783894945003,305.55599249607167,3887.9175454735005,0.7857142857142857,-39730.021317287,-39730.021317287,0.16143680212593872,147.49757893249998
ITM7_NEXT1_K3M2,0.000999666777740753,1.0,0.04930990184510799,326.395238095238,50.0,0.26491169610129955,False,37,174049.44221047778,4704.0389786615615,9070.067791154996,0.8378378378378378,-53614.991097474995,-52761.77311125,2.468360295916169,161.23129160871622,12,-71364.37683493746,-5947.031402911455,7251.727399598751,0.6666666666666666,-111825.08199816995,-57911.084578057504,-1.6870484222809234,165.78140291145834,14,31668.459705937108,2262.032836138365,5749.1874637605015,0.8571428571428571,-38354.658120339,-38354.658120339,1.1960622234214127,157.2350210045
ITM7_NEXT1_K3M2.5,0.0003332222592469177,1.0,0.04609625433944495,326.395238095238,50.0,0.16794401866044653,False,37,340783.1156959128,9210.354478267913,12752.239592212503,0.8918918918918919,-26559.960967432504,-26559.960967432504,6.992497800046938,167.58471092128377,12,3719.8732622000934,309.98943851667445,11045.086987575003,0.75,-103465.19624198494,-53200.0909897875,0.09096148367292498,172.1980614833333,14,88078.1996549587,6291.2999753541935,10540.247678061296,0.9285714285714286,-37556.683952322,-37556.683952322,3.4026165722567616,169.41431036010712
ITM7_NEXT1_K3M3,0.0003332222592469177,1.0,0.04615722593364575,326.395238095238,50.0,0.16794401866044653,False,37,452597.3800994253,12232.361624308793,15066.5756055,0.918918918918919,-8498.398333417485,-8498.398333417499,11.227727156985457,172.33432163716216,12,38907.46921937006,3242.2891016141716,14403.735029758749,0.8333333333333334,-94259.43759825994,-48918.8291570625,0.9517703987259853,175.52339838583336,14,158275.43135960813,11305.387954257723,12015.020858881253,1.0,0.0,3620.6916843269987,16.221956705981803,173.9334743137143
ITM7_NEXT1_K3M4,0.0003332222592469177,1.0,0.0417871311511107,326.395238095238,50.0,0.16794401866044653,False,37,622894.3219148178,16834.981673373455,20209.207687320002,0.972972972972973,-3217.91022729245,-3217.9102272925043,15.146131211039423,175.93048878871622,12,137391.26089563506,11449.271741302922,21124.39073806125,0.8333333333333334,-45632.52610233749,-45632.52610233749,4.062224800634223,181.3532586970833,14,212993.93636439962,15213.852597457115,15736.793139328252,1.0,0.0,5746.417935449499,16.538382338850496,185.7009739714643
ITM7_NEXT2_K3M0.5,0.9996667777407531,1.0,0.053795818222832276,326.395238095238,100.0,1.0,False,37,-313403.67232969723,-8470.36952242425,-3255.602450699996,0.24324324324324326,-339030.7572796473,-55321.82158432501,-3.2246509445725042,153.07222512695944,12,-292300.86387101514,-24358.405322584596,-32357.440808066254,0.4166666666666667,-296447.8219936051,-62649.3723893925,-6.264524241843676,147.15532258458333,14,,,,0.35714285714285715,,-58913.061555105,,
ITM7_NEXT2_K3M1,0.12562479173608798,1.0,0.05746708988949337,326.395238095238,100.0,1.0,False,37,71718.71440196778,1938.3436324856157,3837.294902624998,0.7027027027027027,-54011.974555374996,-52399.762175475,1.0480029637833381,158.61582697385134,12,,,,0.4166666666666667,,-54522.806327865,,,14,-18019.685514947898,-1287.1203939248499,2953.4266532397533,0.5714285714285714,-65062.48787698049,-51032.8607559825,-0.5770627170730426,153.67396535342854
ITM7_NEXT2_K3M1.5,0.0003332222592469177,1.0,0.04827903489539159,326.395238095238,100.0,0.16794401866044653,False,37,265822.9690516203,7184.40456896271,8796.370865999997,0.918918918918919,-26014.10487789751,-26014.104877897502,6.074438022579861,163.26434995621622,12,-2086.984373769964,-173.91536448083033,9503.03763416125,0.8333333333333334,-93654.86345748245,-50863.556762475,-0.05599733276251957,168.60286448083332,14,113677.34064472362,8119.810046051687,8224.136518582298,1.0,0.0,1470.4885637239997,14.211055057958914,177.3149539483214
ITM7_NEXT2_K3M2,0.0003332222592469177,1.0,0.04046697840461539,326.395238095238,100.0,0.16794401866044653,False,37,427514.33670827013,11554.44153265595,14069.562591397505,0.8918918918918919,-3900.0544357050094,-3900.054435705003,11.675552750290947,167.04495383054055,12,78205.22458875255,6517.1020490627125,13622.824109571247,0.8333333333333334,-44027.7614015175,-44027.7614015175,2.719522265281787,168.8354509372917,14,162570.5502086751,11612.182157762507,12189.311523542998,1.0,0.0,3687.046472515,16.652757119257892,181.03212795178575
ITM7_NEXT2_K3M2.5,0.0003332222592469177,1.0,0.035964328969811145,326.395238095238,100.0,0.16794401866044653,False,37,624236.6938426576,16871.261995747504,19904.830778325,0.972972972972973,-2097.7460147575475,-2097.7460147575016,16.15157132832253,174.81908533358109,12,150941.13013394008,12578.427511161673,20660.781182058752,0.9166666666666666,-38931.5595335625,-38931.5595335625,4.874393212815427,180.00998883833336,14,209521.48029998367,14965.820021427406,15336.1101908858,1.0,0.0,6013.986506186501,13.775257584165457,177.55497857260715
ITM7_NEXT2_K3M3,0.0003332222592469177,1.0,0.03921483771081527,326.395238095238,100.0,0.16794401866044653,False,37,824066.157865695,22272.058320694458,26724.548231475,1.0,0.0,2126.2455494224964,17.404488824533704,187.09708471094595,12,237795.75364742748,19816.31280395229,25768.70827725,0.9166666666666666,-963.2664072325024,-963.2664072325025,12.961792672391374,184.6246960477083,14,277863.1627225486,19847.368765896328,22186.711691736746,1.0,0.0,5515.407112465003,14.771697060402559,190.25623410367857
ITM7_NEXT2_K3M4,0.0003332222592469177,1.0,0.14763213388874505,326.395238095238,100.0,0.16794401866044653,False,37,995080.5933380876,26894.07009021858,30627.109761224994,1.0,0.0,5849.719246400005,16.432029639037275,194.1055854570946,12,263244.5830267325,21937.048585561042,26965.084127550006,0.9166666666666666,-2178.1225340500023,-2178.122534050001,11.871953239928509,187.01391443895832,14,356073.7332192906,25433.838087092186,28949.359557528755,1.0,0.0,3296.068067015499,17.781722060344244,202.60834147925
ITM7_NEXT3_K3M0.5,0.9696767744085305,1.0,0.06903595903368502,326.395238095238,150.0,1.0,False,37,-169884.44227912228,-4591.47141294925,-5423.0185939950015,0.2702702702702703,-189803.17842347236,-50172.8411688,-2.208932875010009,149.34303457087836,12,-224450.5198477,-18704.20998730833,-7265.79834142875,0.25,-219119.6467153825,-59913.2463148425,-5.275906510067785,149.20998730833333,14,-129086.32631531106,-9220.451879665075,-4458.766825625501,0.2857142857142857,-114183.73531400498,-55152.0987068175,-3.305820325435316,134.43402252221426
ITM7_NEXT3_K3M1,0.015328223925358214,1.0,0.05331052012779851,326.395238095238,150.0,1.0,False,37,104279.85723296784,2818.374519809942,4260.415901324999,0.7837837837837838,-46748.5601812,-44466.858105825006,1.7734486088733241,156.49034505493242,12,-66944.84483889997,-5578.73706990833,2767.750517291246,0.75,-91997.45751248996,-50580.612755489994,-1.9064780197929057,159.04956990833332,14,13945.51761665209,996.1084011894351,3322.279023593999,0.6428571428571429,-35311.218495724,-35311.218495724,0.5898670559568608,152.97374166770715
ITM7_NEXT3_K3M1.5,0.0003332222592469177,1.0,0.039667043665832534,326.395238095238,150.0,0.16794401866044653,False,37,363570.5028457701,9826.229806642436,12071.656898152496,0.8918918918918919,-5607.1200273300055,-5607.120027330005,11.350608553683522,164.0742474116216,12,99620.96237233504,8301.746864361254,10527.902259553746,0.8333333333333334,-2283.605003679997,-2283.605003679996,10.496834565588182,159.50313563875,14,101655.26660118271,7261.090471513051,9743.485492718048,0.9285714285714286,-31752.6146680425,-31752.614668042504,4.431333267481115,168.3666713441
ITM7_NEXT3_K3M2,0.0003332222592469177,1.0,0.07093869136324803,326.395238095238,150.0,0.16794401866044653,False,37,581100.4418823702,15705.417348172166,18111.002310725,1.0,0.0,1324.7188093849954,17.152502093400308,175.52859777378382,12,151116.80891457255,12593.067409547713,14728.814958881252,0.9166666666666666,-50.35540506250254,-50.35540506250089,12.337760975499284,170.6825904522917,14,190400.78995245422,13600.0564251753,15750.236495367299,1.0,0.0,3873.6929631846006,15.80871157857982,182.34714625327857
ITM7_NEXT3_K3M2.5,0.0003332222592469177,1.0,0.1833269776304467,326.395238095238,150.0,0.16794401866044653,False,37,656557.4986800351,17744.79726162257,18330.867327825,1.0,0.0,2959.7641888249977,15.165125654359569,179.89868432337838,12,161107.59974655253,13425.63331221271,14728.814958881252,0.9166666666666666,-50.35540506250254,-50.35540506250089,11.23664483941143,171.24168778729168,14,251066.49498877517,17933.321070626796,19821.00251341,1.0,0.0,3873.6929631846006,17.716234853294353,194.7967865160643
ITM7_NEXT3_K3M3,0.0003332222592469177,1.0,0.29257569485888235,326.395238095238,150.0,0.16794401866044653,False,37,682668.4986695753,18450.499964042578,18330.867327825,1.0,0.0,2959.7641888249977,13.83409304003893,180.6149008222973,12,161107.59974655253,13425.63331221271,14728.814958881252,0.9166666666666666,-50.35540506250254,-50.35540506250089,11.23664483941143,171.24168778729168,14,292276.1322479552,20876.866589139656,20908.997612835003,1.0,0.0,3873.6929631846006,16.007598390549237,198.0726965746357
ITM7_NEXT3_K3M4,0.0003332222592469177,1.0,0.4623781377785576,326.395238095238,150.0,0.16794401866044653,False,37,687837.5702655427,18590.204601771424,18330.867327825,1.0,0.0,2959.7641888249977,13.2998346756523,180.67377660695945,12,161107.59974655253,13425.63331221271,14728.814958881252,0.9166666666666666,-50.35540506250254,-50.35540506250089,11.23664483941143,171.24168778729168,14,310008.44447863376,22143.46031990241,20908.997612835003,1.0,0.0,3873.6929631846006,14.655983331760414,199.21110866902856
ITM7_MIRROR_GAP_K3M0.5,1.0,1.0,0.07649043935732716,326.395238095238,330.95238095238096,1.0,False,37,-328652.1571242023,-8882.490733086548,-12978.431938800002,0.2702702702702703,-307842.6857703774,-38046.578007225,-4.688760115254893,146.20694930277028,12,-57039.50373644513,-4753.291978037094,-1951.6626939587236,0.4166666666666667,-65226.58495706502,-22023.684572287504,-2.7661068962261384,123.29197803708333,14,-121818.98193105511,-8701.355852218223,-11471.439358520998,0.2857142857142857,-118257.1084241955,-32951.67170976399,-4.163682966989754,138.49870936107143
ITM7_MIRROR_GAP_K3M1,0.9986671109630123,1.0,0.3910360450500294,326.395238095238,330.95238095238096,1.0,False,37,-199368.91819076976,-5388.349140291075,-9763.2619017,0.40540540540540543,-178955.6862966523,-32834.30524605,-3.038288230946642,144.9369781289189,12,-46622.048702027576,-3885.1707251689645,-296.51706331372395,0.5,-65226.58495706502,-22023.684572287504,-2.318188954174235,124.23322516895833,14,-54037.27845178858,-3859.8056036991843,-2102.3343347032474,0.35714285714285715,-57577.908454470984,-20456.040169521497,-2.701950368983561,160.10917512775
ITM7_MIRROR_GAP_K3M1.5,0.9986671109630123,1.0,0.5835882347921095,326.395238095238,330.95238095238096,1.0,False,37,-199368.91819076976,-5388.349140291075,-9763.2619017,0.40540540540540543,-178955.6862966523,-32834.30524605,-3.038288230946642,144.9369781289189,12,-46622.048702027576,-3885.1707251689645,-296.51706331372395,0.5,-65226.58495706502,-22023.684572287504,-2.318188954174235,124.23322516895833,14,-44710.11837491259,-3193.579883922328,-2102.3343347032474,0.42857142857142855,-52745.92604513599,-20456.040169521497,-2.1217063752927654,153.16916963660717
ITM7_MIRROR_GAP_K3M2,0.9986671109630123,1.0,0.6876911760940821,326.395238095238,330.95238095238096,1.0,False,37,-199368.91819076976,-5388.349140291075,-9763.2619017,0.40540540540540543,-178955.6862966523,-32834.30524605,-3.038288230946642,144.9369781289189,12,-46622.048702027576,-3885.1707251689645,-296.51706331372395,0.5,-65226.58495706502,-22023.684572287504,-2.318188954174235,124.23322516895833,14,-44710.11837491259,-3193.579883922328,-2102.3343347032474,0.42857142857142855,-52745.92604513599,-20456.040169521497,-2.1217063752927654,153.16916963660717
ITM7_MIRROR_GAP_K3M2.5,0.9986671109630123,1.0,0.7501529408752655,326.395238095238,330.95238095238096,1.0,False,37,-199368.91819076976,-5388.349140291075,-9763.2619017,0.40540540540540543,-178955.6862966523,-32834.30524605,-3.038288230946642,144.9369781289189,12,-46622.048702027576,-3885.1707251689645,-296.51706331372395,0.5,-65226.58495706502,-22023.684572287504,-2.318188954174235,124.23322516895833,14,-44710.11837491259,-3193.579883922328,-2102.3343347032474,0.42857142857142855,-52745.92604513599,-20456.040169521497,-2.1217063752927654,153.16916963660717
ITM7_MIRROR_GAP_K3M3,0.9986671109630123,1.0,0.7917941173960544,326.395238095238,330.95238095238096,1.0,False,37,-199368.91819076976,-5388.349140291075,-9763.2619017,0.40540540540540543,-178955.6862966523,-32834.30524605,-3.038288230946642,144.9369781289189,12,-46622.048702027576,-3885.1707251689645,-296.51706331372395,0.5,-65226.58495706502,-22023.684572287504,-2.318188954174235,124.23322516895833,14,-44710.11837491259,-3193.579883922328,-2102.3343347032474,0.42857142857142855,-52745.92604513599,-20456.040169521497,-2.1217063752927654,153.16916963660717
ITM7_MIRROR_GAP_K3M4,0.9986671109630123,1.0,0.843845588047041,326.395238095238,330.95238095238096,1.0,False,37,-199368.91819076976,-5388.349140291075,-9763.2619017,0.40540540540540543,-178955.6862966523,-32834.30524605,-3.038288230946642,144.9369781289189,12,-46622.048702027576,-3885.1707251689645,-296.51706331372395,0.5,-65226.58495706502,-22023.684572287504,-2.318188954174235,124.23322516895833,14,-44710.11837491259,-3193.579883922328,-2102.3343347032474,0.42857142857142855,-52745.92604513599,-20456.040169521497,-2.1217063752927654,153.16916963660717
ITM8_NEXT1_K3M0.5,1.0,1.0,0.06890383885569712,377.9825396825396,51.58730158730159,1.0,False,37,,,,0.1891891891891892,,-97379.839321485,,,12,,,,0.3333333333333333,,-79477.12929248248,,,14,,,,0.2857142857142857,,-68747.619868033,,
ITM8_NEXT1_K3M1,0.9993335554815062,1.0,0.05957917062288009,377.9825396825396,51.58730158730159,1.0,False,37,-303451.56933175214,-8201.39376572303,1623.3537497000545,0.5405405405405406,-343311.46935104224,-64237.9784313,-2.676150201107458,168.4883603176351,12,,,,0.3333333333333333,,-71966.42978211,,,14,,,,0.42857142857142855,,-46398.2626742265,,
ITM8_NEXT1_K3M1.5,0.8943685438187271,1.0,0.051063972640598136,377.9825396825396,51.58730158730159,1.0,False,37,,,,0.6486486486486487,,-61952.91683055,,,12,,,,0.4166666666666667,,-63413.7861122025,,,14,,,,0.6428571428571429,,-44951.5272333095,,
ITM8_NEXT1_K3M2,0.0016661112962345886,1.0,0.04836922331281539,377.9825396825396,51.58730158730159,0.4265244918360547,False,37,,,,0.8378378378378378,,-59654.815187174994,,,12,-119107.48675517243,-9925.62389626437,7638.900300365,0.5833333333333334,-141305.66198956495,-59517.6288057525,-2.500279508874166,184.68639626437502,14,,,,0.7857142857142857,,-44309.2630325885,,
ITM8_NEXT1_K3M2.5,0.0003332222592469177,1.0,0.044843677420463086,377.9825396825396,51.58730158730159,0.16794401866044653,False,37,251841.61204521044,6806.530055275958,12633.118839974999,0.8648648648648649,-58393.70658555,-58393.70658555,3.096481817813399,177.28751229162162,12,30867.614111390052,2572.301175949171,12167.842696371255,0.75,-57816.022198667444,-57280.084328835,0.7954326948033072,184.5738240508333,14,,,,0.8571428571428571,,-42778.18986834451,,
ITM8_NEXT1_K3M3,0.0003332222592469177,1.0,0.04331559214971537,377.9825396825396,51.58730158730159,0.16794401866044653,False,37,,,,0.8648648648648649,,-58135.84769025,,,12,,,,0.8333333333333334,,-53736.0444914025,,,14,116944.9208559861,8353.208632570435,12792.654089538002,0.9285714285714286,-41837.4712123895,-41837.4712123895,3.9707340586647653,182.07708171528571
ITM8_NEXT1_K3M4,0.0003332222592469177,1.0,0.03872266646741331,377.9825396825396,51.58730158730159,0.16794401866044653,False,37,,,,0.8918918918918919,,-47071.8223923,,,12,,,,0.8333333333333334,,-2124.994227280001,,,14,172164.206926173,12297.4433518695,16747.8152200755,0.9285714285714286,-38278.86738470802,-38278.86738470801,5.472880802011669,193.66379098764284
ITM8_NEXT2_K3M0.5,1.0,1.0,0.05824691301071125,377.9825396825396,101.58730158730158,1.0,False,37,,,,0.1891891891891892,,-63624.60276465,,,12,-318234.48772652517,-26519.5406438771,-23661.826101191247,0.4166666666666667,-322963.5451771577,-74471.83710498002,-5.8641984693241245,161.41564387708334,14,-164305.2247374124,-11736.087481243743,-3503.7262943404994,0.35714285714285715,-135908.02854231832,-66148.204982595,-3.559233753068958,150.40890981517856
ITM8_NEXT2_K3M1,0.4481839386871043,1.0,0.050271487736820095,377.9825396825396,101.58730158730158,1.0,False,37,7311.556400315449,197.60963244095808,3618.1013553000016,0.7297297297297297,-73246.67192995001,-59728.35876165,0.0883318990853612,167.25523242391893,12,-118235.64980498492,-9852.970817082076,4335.285158351253,0.5833333333333334,-130577.90911061243,-63141.11603616,-2.6470395362475756,172.0333170820833,14,-67846.0305751364,-4846.145041081172,2532.8365639147446,0.5714285714285714,-94450.13791435328,-58527.12172077,-1.6209796416679112,170.32361250975
ITM8_NEXT2_K3M1.5,0.017994001999333556,1.0,0.04451026624750653,377.9825396825396,101.58730158730158,1.0,False,37,152925.31525721037,4133.116628573253,9621.837282974995,0.8648648648648649,-57499.91670644999,-57499.91670644999,1.7314848677079098,178.36985791324327,12,36880.15699580507,3073.346416317089,9535.184473656253,0.8333333333333334,-53873.86218216494,-52167.9938071275,1.2247123984154509,175.71608368291663,14,70426.67934753261,5030.47709625233,8407.084038078,0.9285714285714286,-41470.61791583299,-41470.61791583299,2.601277786823102,185.6121894619643
ITM8_NEXT2_K3M2,0.0003332222592469177,1.0,0.045042497546632296,377.9825396825396,101.58730158730158,0.16794401866044653,False,37,419416.2988690303,11335.575645108927,14970.5437556925,0.918918918918919,-47107.152020325,-47107.152020325,6.7709720910055955,181.78921975594594,12,162280.63947859255,13523.386623216045,15928.76808228375,0.9166666666666666,-1646.5916199099993,-1646.59161991,13.624008182828678,190.67587678395833,14,117023.95818348858,8358.85415596347,12200.064390694002,0.9285714285714286,-37912.01408815151,-37912.0140881515,4.247341642125948,188.91370117939286
ITM8_NEXT2_K3M2.5,0.0003332222592469177,1.0,0.03748077502858283,377.9825396825396,101.58730158730158,0.16794401866044653,False,37,670698.4937402328,18126.98631730359,21529.079717400004,0.972972972972973,-4783.751346412464,-4783.751346412503,15.412968866764828,191.86503404777028,12,200315.72046726255,16692.97670560521,21517.57139446875,1.0,0.0,82.88818229750169,11.49637425235784,186.3982943947917,14,170747.43439365813,12196.245313832724,16361.094988046798,0.9285714285714286,-36419.71314698149,-36419.7131469815,5.563256175696661,192.32611473871432
ITM8_NEXT2_K3M3,0.0003332222592469177,1.0,0.039481033071957564,377.9825396825396,101.58730158730158,0.16794401866044653,False,37,861045.2517300028,23271.493290000075,27330.56800503,1.0,0.0,612.1963829825502,17.4540104935056,200.6688721620946,12,267669.95882702,22305.82990225167,29349.352073591246,1.0,0.0,2036.9359666249973,13.132406489390133,198.54509774833335,14,304853.1838153171,21775.227415379795,23476.672807608746,1.0,0.0,4183.931911714501,18.608475375678623,209.62972747735714
ITM8_NEXT2_K3M4,0.0003332222592469177,1.0,0.09932447924057619,377.9825396825396,101.58730158730158,0.16794401866044653,False,37,1208370.8328167952,32658.67115721068,37177.199551125,1.0,0.0,5487.761113977552,20.579204724271822,215.75451846500002,12,332678.36272495496,27723.196893746248,33876.683103588744,1.0,0.0,2357.883629907496,15.343694151389128,209.92810625375,14,381874.50627959403,27276.750448542432,32770.11956498275,1.0,0.0,2441.6642539214986,17.901803522958485,213.7852657432857
ITM8_NEXT3_K3M0.5,0.9613462179273575,1.0,0.060624383312357304,377.9825396825396,151.5873015873016,1.0,False,37,-168478.38891348726,-4553.469970634791,-4811.709515624997,0.2702702702702703,-193242.7489213373,-60260.2851174,-2.030334951538249,160.09159225641895,12,-263380.83782051504,-21948.403151709586,-7218.841757295,0.25,-256489.08479806755,-68820.1997395125,-5.391987620451466,162.15315170958334,14,,,,0.2857142857142857,,-62018.33160111,,
ITM8_NEXT3_K3M1,0.0716427857380873,1.0,0.04891175795609745,377.9825396825396,151.5873015873016,1.0,False,37,78168.67644106544,2112.6669308396067,3786.6276217999966,0.7567567567567568,-51933.184626975,-51933.184626975,1.1681152629276326,168.75198807932432,12,-46860.91751071244,-3905.0764592260366,4733.465941948745,0.8333333333333334,-107593.14889884995,-58565.495717325,-1.1709503622462167,167.2639592260417,14,58661.26537418949,4190.090383870678,3826.2931599405,0.7142857142857143,-3377.6515729210005,-3377.651572921,5.614771528774076,177.64175898646428
ITM8_NEXT3_K3M1.5,0.0003332222592469177,1.0,0.038333583561418486,377.9825396825396,151.5873015873016,0.16794401866044653,False,37,393269.82985213783,10628.91432032805,11953.063977,0.9459459459459459,-6148.507433445018,-6148.507433445002,13.786913931638615,178.68703102331082,12,142006.40186173253,11833.866821811045,13419.190128101247,1.0,0.0,1082.4177748849975,17.04879771807922,187.38317818895834,14,139580.70662137412,9970.050472955294,10350.204588761002,1.0,0.0,2417.7306384625012,16.3598276095442,188.16381275900002
ITM8_NEXT3_K3M2,0.0003332222592469177,1.0,0.04420947705378796,377.9825396825396,151.5873015873016,0.16794401866044653,False,37,658001.4997701903,17783.824318113253,20663.2675023,0.972972972972973,-72.57197002740577,-72.57197002744883,17.101466977348764,192.7635197245946,12,176738.7249435775,14728.227078631457,18767.11485156,0.9166666666666666,-323.41669393000166,-323.4166939300017,11.56122359486108,184.58542136854166,14,230572.6504261736,16469.47503044097,17140.936722514743,1.0,0.0,5716.545220330498,15.595923018363132,200.82854098760714
ITM8_NEXT3_K3M2.5,0.0003332222592469177,1.0,0.127745772100776,377.9825396825396,151.5873015873016,0.16794401866044653,False,37,844695.2122748927,22829.600331753856,25411.759445932505,1.0,0.0,3808.910563902504,18.66848724427875,204.21723581371617,12,174185.43846864998,14515.453205720833,18767.11485156,0.9166666666666666,-1538.2728207475,-1538.2728207475,10.971749742018055,185.17179427916665,14,283547.1846529306,20253.370332352184,23450.574262681752,1.0,0.0,3944.8969386154986,18.884905926777694,206.89752479067857
ITM8_NEXT3_K3M3,0.0003332222592469177,1.0,0.23695210842260037,377.9825396825396,151.5873015873016,0.16794401866044653,False,37,878173.0920698702,23734.407893780277,25411.759445932505,1.0,0.0,3808.910563902504,16.765660568850738,205.1867008143243,12,205287.96751406754,17107.330626172294,19630.31527881,0.9166666666666666,-1538.272820747501,-1538.2728207475,12.700205799899788,192.98187382770834,14,340415.9283217391,24315.42345155279,26615.576658266255,1.0,0.0,3944.8969386154986,17.18955672898424,211.29083416150002
ITM8_NEXT3_K3M4,0.0003332222592469177,1.0,0.418109457661603,377.9825396825396,151.5873015873016,0.16794401866044653,False,37,884598.8262162077,23908.07638422183,25411.759445932505,1.0,0.0,3808.910563902504,16.040270924487213,205.3357779403378,12,205287.96751406754,17107.330626172294,19630.31527881,0.9166666666666666,-1538.272820747501,-1538.2728207475,12.700205799899788,192.98187382770834,14,357469.1525303051,25533.51089502179,26615.576658266255,1.0,0.0,3944.8969386154986,16.401947297432613,212.4176764067857
ITM8_MIRROR_GAP_K3M0.5,1.0,1.0,0.1268689097779536,377.9825396825396,382.53968253968253,1.0,False,37,-468809.0799296098,-12670.515673773238,-17053.670542822496,0.2972972972972973,-441329.39568043477,-77297.2878777525,-4.933815779262517,149.87378188135133,12,-106170.62821149763,-8847.552350958136,-8683.151680865001,0.4166666666666667,-95446.2476432901,-28963.88608153501,-3.853399188102065,131.927350958125,14,-155127.67291828452,-11080.54806559175,-13486.815329431003,0.2857142857142857,-160021.84684244453,-36748.816031553,-5.335472885343893,150.94092273460714
ITM8_MIRROR_GAP_K3M1,1.0,1.0,0.4783704983913858,377.9825396825396,382.53968253968253,1.0,False,37,-412004.15565368225,-11135.24745009952,-16045.160389537496,0.35135135135135137,-384524.47140450723,-77297.2878777525,-4.338857950374393,150.07853118060808,12,-75412.61895541013,-6284.384912950844,2984.5018567286943,0.5833333333333334,-95341.88077185262,-28963.88608153501,-2.607147209284753,122.82241295083334,14,-101477.83878390903,-7248.417055993502,-4349.2548046442525,0.42857142857142855,-112633.67677635101,-31065.163350249,-3.6633653129989288,155.43491313635712
ITM8_MIRROR_GAP_K3M1.5,1.0,1.0,0.649162789528014,377.9825396825396,382.53968253968253,1.0,False,37,-412004.15565368225,-11135.24745009952,-16045.160389537496,0.35135135135135137,-384524.47140450723,-77297.2878777525,-4.338857950374393,150.07853118060808,12,-75412.61895541013,-6284.384912950844,2984.5018567286943,0.5833333333333334,-95341.88077185262,-28963.88608153501,-2.607147209284753,122.82241295083334,14,-96043.09949508602,-6860.221392506144,-3489.228153426752,0.5,-107198.937487528,-31065.163350249,-3.4027662674831602,155.84639250614282
ITM8_MIRROR_GAP_K3M2,1.0,1.0,0.7368720921460105,377.9825396825396,382.53968253968253,1.0,False,37,-412004.15565368225,-11135.24745009952,-16045.160389537496,0.35135135135135137,-384524.47140450723,-77297.2878777525,-4.338857950374393,150.07853118060808,12,-75412.61895541013,-6284.384912950844,2984.5018567286943,0.5833333333333334,-95341.88077185262,-28963.88608153501,-2.607147209284753,122.82241295083334,14,-96043.09949508602,-6860.221392506144,-3489.228153426752,0.5,-107198.937487528,-31065.163350249,-3.4027662674831602,155.84639250614282
ITM8_MIRROR_GAP_K3M2.5,1.0,1.0,0.7894976737168085,377.9825396825396,382.53968253968253,1.0,False,37,-412004.15565368225,-11135.24745009952,-16045.160389537496,0.35135135135135137,-384524.47140450723,-77297.2878777525,-4.338857950374393,150.07853118060808,12,-75412.61895541013,-6284.384912950844,2984.5018567286943,0.5833333333333334,-95341.88077185262,-28963.88608153501,-2.607147209284753,122.82241295083334,14,-96043.09949508602,-6860.221392506144,-3489.228153426752,0.5,-107198.937487528,-31065.163350249,-3.4027662674831602,155.84639250614282
ITM8_MIRROR_GAP_K3M3,1.0,1.0,0.824581394764007,377.9825396825396,382.53968253968253,1.0,False,37,-412004.15565368225,-11135.24745009952,-16045.160389537496,0.35135135135135137,-384524.47140450723,-77297.2878777525,-4.338857950374393,150.07853118060808,12,-75412.61895541013,-6284.384912950844,2984.5018567286943,0.5833333333333334,-95341.88077185262,-28963.88608153501,-2.607147209284753,122.82241295083334,14,-96043.09949508602,-6860.221392506144,-3489.228153426752,0.5,-107198.937487528,-31065.163350249,-3.4027662674831602,155.84639250614282
ITM8_MIRROR_GAP_K3M4,1.0,1.0,0.8684360460730053,377.9825396825396,382.53968253968253,1.0,False,37,-412004.15565368225,-11135.24745009952,-16045.160389537496,0.35135135135135137,-384524.47140450723,-77297.2878777525,-4.338857950374393,150.07853118060808,12,-75412.61895541013,-6284.384912950844,2984.5018567286943,0.5833333333333334,-95341.88077185262,-28963.88608153501,-2.607147209284753,122.82241295083334,14,-96043.09949508602,-6860.221392506144,-3489.228153426752,0.5,-107198.937487528,-31065.163350249,-3.4027662674831602,155.84639250614282
